{
    "D1": {
        "n_voters": [
            42678
        ],
        "sigma_UM": [
            0.866881502236788
        ],
        "sigma_IIA": [
            0.9916666666666667
        ],
        "sigma_UM_winner_set": [
            0.952314842023608
        ],
        "sigma_IIA_winner_set": [
            0.8958333333333333
        ]
    },
    "D2": {
        "n_voters": [
            77024
        ],
        "sigma_UM": [
            0.781847669886185
        ],
        "sigma_IIA": [
            0.9939393939393939
        ],
        "sigma_UM_winner_set": [
            0.9977061340837429
        ],
        "sigma_IIA_winner_set": [
            1.0
        ]
    },
    "D3": {
        "n_voters": [
            84356
        ],
        "sigma_UM": [
            0.7896658239042058
        ],
        "sigma_IIA": [
            0.9970443349753695
        ],
        "sigma_UM_winner_set": [
            1.0
        ],
        "sigma_IIA_winner_set": [
            1.0
        ]
    },
    "D4": {
        "n_voters": [
            76566
        ],
        "sigma_UM": [
            0.956495485799716
        ],
        "sigma_IIA": [
            0.9975369458128078
        ],
        "sigma_UM_winner_set": [
            1.0
        ],
        "sigma_IIA_winner_set": [
            1.0
        ]
    }
}