{
    "D1": {
        "n_voters": [
            42678
        ],
        "sigma_UM": [
            0.866881502236788
        ],
        "sigma_IIA": [
            0.9910714285714286
        ],
        "sigma_UM_winner_set": [
            0.952314842023608
        ],
        "sigma_IIA_winner_set": [
            0.9166666666666666
        ]
    },
    "D2": {
        "n_voters": [
            77024
        ],
        "sigma_UM": [
            0.829693423345026
        ],
        "sigma_IIA": [
            0.9984848484848485
        ],
        "sigma_UM_winner_set": [
            1.0
        ],
        "sigma_IIA_winner_set": [
            0.9393939393939393
        ]
    },
    "D3": {
        "n_voters": [
            84356
        ],
        "sigma_UM": [
            0.8574725621308087
        ],
        "sigma_IIA": [
            0.9972906403940887
        ],
        "sigma_UM_winner_set": [
            1.0
        ],
        "sigma_IIA_winner_set": [
            1.0
        ]
    },
    "D4": {
        "n_voters": [
            76566
        ],
        "sigma_UM": [
            0.9586220253478334
        ],
        "sigma_IIA": [
            0.9977011494252873
        ],
        "sigma_UM_winner_set": [
            1.0
        ],
        "sigma_IIA_winner_set": [
            1.0
        ]
    }
}