{
  "3": {
    "median_voters": 700,
    "max_voters": 739,
    "mean_n_voters": 700.0,
    "variance_n_voters": 1521.0,
    "mean_sigma_IIA": 1.0,
    "variance_sigma_IIA": 0.0,
    "mean_sigma_IIA_all_subset": 1.0,
    "variance_sigma_IIA_all_subset": 0.0,
    "mean_sigma_IIA_winner_set": 1.0,
    "variance_sigma_IIA_winner_set": 0.0,
    "mean_sigma_UM": 1.0,
    "variance_sigma_UM": 0.0,
    "mean_sigma_UM_winner_set": 1.0,
    "variance_sigma_UM_winner_set": 0.0
  },
  "4": {
    "median_voters": 3448,
    "max_voters": 6210,
    "mean_n_voters": 3360.9166666666665,
    "variance_n_voters": 2042585.0763888885,
    "mean_sigma_IIA": 0.898148148148148,
    "variance_sigma_IIA": 0.017018175582990396,
    "mean_sigma_IIA_all_subset": 0.9346064814814815,
    "variance_sigma_IIA_all_subset": 0.006080072766632371,
    "mean_sigma_IIA_winner_set": 0.9166666666666666,
    "variance_sigma_IIA_winner_set": 0.014756944444444444,
    "mean_sigma_UM": 0.9648408398570708,
    "variance_sigma_UM": 0.0028619384654339115,
    "mean_sigma_UM_winner_set": 0.9742505747578097,
    "variance_sigma_UM_winner_set": 0.002403828398007497
  },
  "5": {
    "median_voters": 3996,
    "max_voters": 11788,
    "mean_n_voters": 4154.627272727273,
    "variance_n_voters": 3213102.651983471,
    "mean_sigma_IIA": 0.9321212121212122,
    "variance_sigma_IIA": 0.0051500459136822755,
    "mean_sigma_IIA_all_subset": 0.9082386363636364,
    "variance_sigma_IIA_all_subset": 0.006188339359504133,
    "mean_sigma_IIA_winner_set": 0.9506060606060606,
    "variance_sigma_IIA_winner_set": 0.008358218549127643,
    "mean_sigma_UM": 0.9367191063310116,
    "variance_sigma_UM": 0.005915500476950178,
    "mean_sigma_UM_winner_set": 0.9746203770256039,
    "variance_sigma_UM_winner_set": 0.0031308709656998647
  },
  "6": {
    "median_voters": 4531,
    "max_voters": 13579,
    "mean_n_voters": 4632.8,
    "variance_n_voters": 2841115.6136585376,
    "mean_sigma_IIA": 0.9559349593495936,
    "variance_sigma_IIA": 0.0022479740894969925,
    "mean_sigma_IIA_all_subset": 0.9100330284552846,
    "variance_sigma_IIA_all_subset": 0.0061272518837993265,
    "mean_sigma_IIA_winner_set": 0.9667344173441734,
    "variance_sigma_IIA_winner_set": 0.005458629857301285,
    "mean_sigma_UM": 0.9174540073495026,
    "variance_sigma_UM": 0.005840501190423535,
    "mean_sigma_UM_winner_set": 0.9735526598930562,
    "variance_sigma_UM_winner_set": 0.0030498900769748206
  },
  "7": {
    "median_voters": 4819,
    "max_voters": 13547,
    "mean_n_voters": 5004.563829787234,
    "variance_n_voters": 3603516.7920250488,
    "mean_sigma_IIA": 0.9634582911178656,
    "variance_sigma_IIA": 0.0008615160431323745,
    "mean_sigma_IIA_all_subset": 0.9084940159574468,
    "variance_sigma_IIA_all_subset": 0.002993489352058158,
    "mean_sigma_IIA_winner_set": 0.9639479905437351,
    "variance_sigma_IIA_winner_set": 0.004189268551509602,
    "mean_sigma_UM": 0.8695040837614351,
    "variance_sigma_UM": 0.0054505474434402,
    "mean_sigma_UM_winner_set": 0.9634250632389346,
    "variance_sigma_UM_winner_set": 0.004474470096816861
  },
  "8": {
    "median_voters": 5289,
    "max_voters": 13567,
    "mean_n_voters": 5384.714975845411,
    "variance_n_voters": 3584256.8124810383,
    "mean_sigma_IIA": 0.9708132045088566,
    "variance_sigma_IIA": 0.0005648510386285564,
    "mean_sigma_IIA_all_subset": 0.9174409973832528,
    "variance_sigma_IIA_all_subset": 0.0025562693238839252,
    "mean_sigma_IIA_winner_set": 0.9694545088566828,
    "variance_sigma_IIA_winner_set": 0.003227454217458725,
    "mean_sigma_UM": 0.8612957904945941,
    "variance_sigma_UM": 0.004516966020537664,
    "mean_sigma_UM_winner_set": 0.9572815056737131,
    "variance_sigma_UM_winner_set": 0.004878434650412507
  },
  "9": {
    "median_voters": 5480,
    "max_voters": 13909,
    "mean_n_voters": 5949.4152542372885,
    "variance_n_voters": 4872376.005530022,
    "mean_sigma_IIA": 0.9745090126446059,
    "variance_sigma_IIA": 0.00024592252554250365,
    "mean_sigma_IIA_all_subset": 0.9251701693654156,
    "variance_sigma_IIA_all_subset": 0.0016362161669110384,
    "mean_sigma_IIA_winner_set": 0.9694758317639672,
    "variance_sigma_IIA_winner_set": 0.002196108730955307,
    "mean_sigma_UM": 0.8427145626934702,
    "variance_sigma_UM": 0.005645146628246379,
    "mean_sigma_UM_winner_set": 0.9469938808311622,
    "variance_sigma_UM_winner_set": 0.0071828677780801
  },
  "10": {
    "median_voters": 5910,
    "max_voters": 14207,
    "mean_n_voters": 6462.492753623188,
    "variance_n_voters": 6394314.742701112,
    "mean_sigma_IIA": 0.9791062801932368,
    "variance_sigma_IIA": 0.0001544571246314579,
    "mean_sigma_IIA_all_subset": 0.9278848694142512,
    "variance_sigma_IIA_all_subset": 0.0011995994500543158,
    "mean_sigma_IIA_winner_set": 0.9737922705314012,
    "variance_sigma_IIA_winner_set": 0.0016028087003197304,
    "mean_sigma_UM": 0.8363764962736107,
    "variance_sigma_UM": 0.003592147890848365,
    "mean_sigma_UM_winner_set": 0.9451039349199164,
    "variance_sigma_UM_winner_set": 0.006957256858508283
  },
  "11": {
    "median_voters": 6746,
    "max_voters": 10376,
    "mean_n_voters": 6418.192307692308,
    "variance_n_voters": 6012633.770710059,
    "mean_sigma_IIA": 0.9801087801087801,
    "variance_sigma_IIA": 0.00013426959813906184,
    "mean_sigma_IIA_all_subset": 0.9306445074023201,
    "variance_sigma_IIA_all_subset": 0.0007381850895890762,
    "mean_sigma_IIA_winner_set": 0.9793123543123543,
    "variance_sigma_IIA_winner_set": 0.0008986618470884216,
    "mean_sigma_UM": 0.8287777220955174,
    "variance_sigma_UM": 0.0017128119404565254,
    "mean_sigma_UM_winner_set": 0.9423187631022876,
    "variance_sigma_UM_winner_set": 0.006338803694267783
  },
  "12": {
    "median_voters": 6934,
    "max_voters": 10996,
    "mean_n_voters": 7347.75,
    "variance_n_voters": 4937535.1875,
    "mean_sigma_IIA": 0.9816287878787879,
    "variance_sigma_IIA": 2.7225378787878906e-5,
    "mean_sigma_IIA_all_subset": 0.9377464129295188,
    "variance_sigma_IIA_all_subset": 0.0007012003791818968,
    "mean_sigma_IIA_winner_set": 0.9861111111111112,
    "variance_sigma_IIA_winner_set": 0.0005787037037037043,
    "mean_sigma_UM": 0.8226143802787625,
    "variance_sigma_UM": 0.0018751068569327423,
    "mean_sigma_UM_winner_set": 0.9815625725230163,
    "variance_sigma_UM_winner_set": 0.002379571123783244
  },
  "13": {
    "median_voters": 8532,
    "max_voters": 9433,
    "mean_n_voters": 7652.5,
    "variance_n_voters": 3340828.9166666665,
    "mean_sigma_IIA": 0.9862082362082362,
    "variance_sigma_IIA": 7.037230230703395e-5,
    "mean_sigma_IIA_all_subset": 0.9391594281730998,
    "variance_sigma_IIA_all_subset": 0.0002476678877261277,
    "mean_sigma_IIA_winner_set": 0.9540598290598291,
    "variance_sigma_IIA_winner_set": 0.002553373146321865,
    "mean_sigma_UM": 0.82673489220147,
    "variance_sigma_UM": 0.0025118619190819358,
    "mean_sigma_UM_winner_set": 0.8966086017333353,
    "variance_sigma_UM_winner_set": 0.007325337670541371
  },
  "14": {
    "median_voters": 6924,
    "max_voters": 6924,
    "mean_n_voters": 6924.0,
    "variance_n_voters": 0.0,
    "mean_sigma_IIA": 0.9908424908424909,
    "variance_sigma_IIA": 0.0,
    "mean_sigma_IIA_all_subset": 0.9640588452752774,
    "variance_sigma_IIA_all_subset": 0.0,
    "mean_sigma_IIA_winner_set": 0.9523809523809523,
    "variance_sigma_IIA_winner_set": 0.0,
    "mean_sigma_UM": 0.7626050569060961,
    "variance_sigma_UM": 0.0,
    "mean_sigma_UM_winner_set": 1.0,
    "variance_sigma_UM_winner_set": 0.0
  }
}
