{
    "3": {
        "median_voters": 700,
        "max_voters": 739,
        "mean_n_voters": 700.0,
        "variance_n_voters": 1521.0,
        "mean_sigma_IIA": 1.0,
        "variance_sigma_IIA": 0.0,
        "mean_sigma_IIA_all_subset": 1.0,
        "variance_sigma_IIA_all_subset": 0.0,
        "mean_sigma_IIA_winner_set": 1.0,
        "variance_sigma_IIA_winner_set": 0.0,
        "mean_sigma_UM": 1.0,
        "variance_sigma_UM": 0.0,
        "mean_sigma_UM_winner_set": 1.0,
        "variance_sigma_UM_winner_set": 0.0
    },
    "4": {
        "median_voters": 3448,
        "max_voters": 6210,
        "mean_n_voters": 3360.9166666666665,
        "variance_n_voters": 2042585.0763888885,
        "mean_sigma_IIA": 0.9305555555555558,
        "variance_sigma_IIA": 0.011381172839506166,
        "mean_sigma_IIA_all_subset": 0.9565972222222224,
        "variance_sigma_IIA_all_subset": 0.004445770640432095,
        "mean_sigma_IIA_winner_set": 0.96875,
        "variance_sigma_IIA_winner_set": 0.008138020833333334,
        "mean_sigma_UM": 0.9493374548806174,
        "variance_sigma_UM": 0.007422257432867905,
        "mean_sigma_UM_winner_set": 0.9883847342319143,
        "variance_sigma_UM_winner_set": 0.001225676286668039
    },
    "5": {
        "median_voters": 3996,
        "max_voters": 11788,
        "mean_n_voters": 4154.627272727273,
        "variance_n_voters": 3213102.651983471,
        "mean_sigma_IIA": 0.9545454545454548,
        "variance_sigma_IIA": 0.006135904499540862,
        "mean_sigma_IIA_all_subset": 0.9667613636363637,
        "variance_sigma_IIA_all_subset": 0.0024749357925849405,
        "mean_sigma_IIA_winner_set": 0.9684848484848486,
        "variance_sigma_IIA_winner_set": 0.007693663911845732,
        "mean_sigma_UM": 0.9265386175601503,
        "variance_sigma_UM": 0.006144427394208389,
        "mean_sigma_UM_winner_set": 0.9784929937184293,
        "variance_sigma_UM_winner_set": 0.0029106995946793736
    },
    "6": {
        "median_voters": 4531,
        "max_voters": 13579,
        "mean_n_voters": 4632.8,
        "variance_n_voters": 2841115.6136585376,
        "mean_sigma_IIA": 0.9734146341463416,
        "variance_sigma_IIA": 0.0012214026042699452,
        "mean_sigma_IIA_all_subset": 0.9623069105691058,
        "variance_sigma_IIA_all_subset": 0.002223346756952706,
        "mean_sigma_IIA_winner_set": 0.974728997289973,
        "variance_sigma_IIA_winner_set": 0.0067264396559954765,
        "mean_sigma_UM": 0.9595140384524797,
        "variance_sigma_UM": 0.003116188208118042,
        "mean_sigma_UM_winner_set": 0.9870756727288511,
        "variance_sigma_UM_winner_set": 0.001281219743224091
    },
    "7": {
        "median_voters": 4819,
        "max_voters": 13547,
        "mean_n_voters": 5004.563829787234,
        "variance_n_voters": 3603516.7920250488,
        "mean_sigma_IIA": 0.9811212428233707,
        "variance_sigma_IIA": 0.0007439286429995436,
        "mean_sigma_IIA_all_subset": 0.9539376477541371,
        "variance_sigma_IIA_all_subset": 0.0020033142476325724,
        "mean_sigma_IIA_winner_set": 0.9842536305302262,
        "variance_sigma_IIA_winner_set": 0.0028714733759976174,
        "mean_sigma_UM": 0.9575391682275601,
        "variance_sigma_UM": 0.0027356072221407387,
        "mean_sigma_UM_winner_set": 0.9921944109174371,
        "variance_sigma_UM_winner_set": 0.0007956566514957205
    },
    "8": {
        "median_voters": 5289,
        "max_voters": 13567,
        "mean_n_voters": 5384.714975845411,
        "variance_n_voters": 3584256.8124810383,
        "mean_sigma_IIA": 0.9815965033356338,
        "variance_sigma_IIA": 0.00045550982729046583,
        "mean_sigma_IIA_all_subset": 0.9516912705601566,
        "variance_sigma_IIA_all_subset": 0.001686567440492059,
        "mean_sigma_IIA_winner_set": 0.9809279388083736,
        "variance_sigma_IIA_winner_set": 0.0031331155465834813,
        "mean_sigma_UM": 0.9417885770957738,
        "variance_sigma_UM": 0.0037269238651410712,
        "mean_sigma_UM_winner_set": 0.991270598877354,
        "variance_sigma_UM_winner_set": 0.0008326056541147317
    },
    "9": {
        "median_voters": 5480,
        "max_voters": 13909,
        "mean_n_voters": 5949.4152542372885,
        "variance_n_voters": 4872376.005530022,
        "mean_sigma_IIA": 0.9873553941350552,
        "variance_sigma_IIA": 0.00018387982300924685,
        "mean_sigma_IIA_all_subset": 0.9577720660562954,
        "variance_sigma_IIA_all_subset": 0.0009914385729538977,
        "mean_sigma_IIA_winner_set": 0.9901129943502825,
        "variance_sigma_IIA_winner_set": 0.0012085989827592388,
        "mean_sigma_UM": 0.9244571198540011,
        "variance_sigma_UM": 0.003828983366050047,
        "mean_sigma_UM_winner_set": 0.9923228803664583,
        "variance_sigma_UM_winner_set": 0.0008785713563094892
    },
    "10": {
        "median_voters": 5910,
        "max_voters": 14207,
        "mean_n_voters": 6462.492753623188,
        "variance_n_voters": 6394314.742701112,
        "mean_sigma_IIA": 0.9882850241545893,
        "variance_sigma_IIA": 0.00010173321820034711,
        "mean_sigma_IIA_all_subset": 0.953351314484127,
        "variance_sigma_IIA_all_subset": 0.0010674899633451368,
        "mean_sigma_IIA_winner_set": 0.9847826086956523,
        "variance_sigma_IIA_winner_set": 0.0024536161870755435,
        "mean_sigma_UM": 0.9111575939478791,
        "variance_sigma_UM": 0.004126646285687248,
        "mean_sigma_UM_winner_set": 0.9847851529515582,
        "variance_sigma_UM_winner_set": 0.0012265418733290803
    },
    "11": {
        "median_voters": 6746,
        "max_voters": 10376,
        "mean_n_voters": 6418.192307692308,
        "variance_n_voters": 6012633.770710059,
        "mean_sigma_IIA": 0.9881118881118881,
        "variance_sigma_IIA": 0.0002142095149088156,
        "mean_sigma_IIA_all_subset": 0.9633486644106759,
        "variance_sigma_IIA_all_subset": 0.0008558171119574825,
        "mean_sigma_IIA_winner_set": 0.9915501165501166,
        "variance_sigma_IIA_winner_set": 0.0006636598638346893,
        "mean_sigma_UM": 0.9115744953247185,
        "variance_sigma_UM": 0.0021831734483563235,
        "mean_sigma_UM_winner_set": 0.9943289731972655,
        "variance_sigma_UM_winner_set": 0.00047143221209503254
    },
    "12": {
        "median_voters": 6934,
        "max_voters": 10996,
        "mean_n_voters": 7347.75,
        "variance_n_voters": 4937535.1875,
        "mean_sigma_IIA": 0.9924242424242424,
        "variance_sigma_IIA": 6.02617079889809e-05,
        "mean_sigma_IIA_all_subset": 0.9579095177148158,
        "variance_sigma_IIA_all_subset": 0.0005575262362828774,
        "mean_sigma_IIA_winner_set": 1.0,
        "variance_sigma_IIA_winner_set": 0.0,
        "mean_sigma_UM": 0.8922222363893347,
        "variance_sigma_UM": 0.0011530145111702493,
        "mean_sigma_UM_winner_set": 1.0,
        "variance_sigma_UM_winner_set": 0.0
    },
    "13": {
        "median_voters": 8532,
        "max_voters": 9433,
        "mean_n_voters": 7652.5,
        "variance_n_voters": 3340828.9166666665,
        "mean_sigma_IIA": 0.9912587412587412,
        "variance_sigma_IIA": 3.9280196622854164e-05,
        "mean_sigma_IIA_all_subset": 0.9661705233604644,
        "variance_sigma_IIA_all_subset": 0.0003493824046165474,
        "mean_sigma_IIA_winner_set": 0.9668803418803417,
        "variance_sigma_IIA_winner_set": 0.002471190371831402,
        "mean_sigma_UM": 0.9059338799120041,
        "variance_sigma_UM": 0.0008084130586189993,
        "mean_sigma_UM_winner_set": 0.982776577603533,
        "variance_sigma_UM_winner_set": 0.001483231395235614
    },
    "14": {
        "median_voters": 6924,
        "max_voters": 6924,
        "mean_n_voters": 6924.0,
        "variance_n_voters": 0.0,
        "mean_sigma_IIA": 0.9990842490842491,
        "variance_sigma_IIA": 0.0,
        "mean_sigma_IIA_all_subset": 0.9924168720006122,
        "variance_sigma_IIA_all_subset": 0.0,