{
    "3": {
        "median_voters": 700,
        "max_voters": 739,
        "mean_sigma_IIA": 1.0,
        "variance_sigma_IIA": 0.0,
        "mean_sigma_UM": 1.0,
        "variance_sigma_UM": 0.0,
        "mean_sigma_IIA_winner_set": 1.0,
        "variance_sigma_IIA_winner_set": 0.0,
        "mean_sigma_UM_winner_set": 1.0,
        "variance_sigma_UM_winner_set": 0.0
    },
    "4": {
        "median_voters": 3448,
        "max_voters": 6210,
        "mean_sigma_IIA": 0.9305555555555558,
        "variance_sigma_IIA": 0.011381172839506166,
        "mean_sigma_UM": 0.9493374548806174,
        "variance_sigma_UM": 0.007422257432867905,
        "mean_sigma_IIA_winner_set": 0.96875,
        "variance_sigma_IIA_winner_set": 0.008138020833333334,
        "mean_sigma_UM_winner_set": 0.9883847342319143,
        "variance_sigma_UM_winner_set": 0.001225676286668039
    },
    "5": {
        "median_voters": 3996,
        "max_voters": 11788,
        "mean_sigma_IIA": 0.9545454545454548,
        "variance_sigma_IIA": 0.006135904499540862,
        "mean_sigma_UM": 0.9265386175601503,
        "variance_sigma_UM": 0.006144427394208389,
        "mean_sigma_IIA_winner_set": 0.9684848484848486,
        "variance_sigma_IIA_winner_set": 0.007693663911845732,
        "mean_sigma_UM_winner_set": 0.9784929937184293,
        "variance_sigma_UM_winner_set": 0.0029106995946793736
    },
    "6": {
        "median_voters": 4531,
        "max_voters": 13579,
        "mean_sigma_IIA": 0.9734146341463416,
        "variance_sigma_IIA": 0.0012214026042699452,
        "mean_sigma_UM": 0.9595140384524797,
        "variance_sigma_UM": 0.003116188208118042,
        "mean_sigma_IIA_winner_set": 0.974728997289973,
        "variance_sigma_IIA_winner_set": 0.0067264396559954765,
        "mean_sigma_UM_winner_set": 0.9870756727288511,
        "variance_sigma_UM_winner_set": 0.001281219743224091
    },
    "7": {
        "median_voters": 4819,
        "max_voters": 13547,
        "mean_sigma_IIA": 0.9811212428233707,
        "variance_sigma_IIA": 0.0007439286429995436,
        "mean_sigma_UM": 0.9575391682275601,
        "variance_sigma_UM": 0.0027356072221407387,
        "mean_sigma_IIA_winner_set": 0.9842536305302262,
        "variance_sigma_IIA_winner_set": 0.0028714733759976174,
        "mean_sigma_UM_winner_set": 0.9921944109174371,
        "variance_sigma_UM_winner_set": 0.0007956566514957205
    },
    "8": {
        "median_voters": 5289,
        "max_voters": 13567,
        "mean_sigma_IIA": 0.9815965033356338,
        "variance_sigma_IIA": 0.00045550982729046583,
        "mean_sigma_UM": 0.9417885770957738,
        "variance_sigma_UM": 0.0037269238651410712,
        "mean_sigma_IIA_winner_set": 0.9809279388083736,
        "variance_sigma_IIA_winner_set": 0.0031331155465834813,
        "mean_sigma_UM_winner_set": 0.991270598877354,
        "variance_sigma_UM_winner_set": 0.0008326056541147317
    },
    "9": {
        "median_voters": 5480,
        "max_voters": 13909,
        "mean_sigma_IIA": 0.9873553941350552,
        "variance_sigma_IIA": 0.00018387982300924685,
        "mean_sigma_UM": 0.9244571198540011,
        "variance_sigma_UM": 0.003828983366050047,
        "mean_sigma_IIA_winner_set": 0.9901129943502825,
        "variance_sigma_IIA_winner_set": 0.0012085989827592388,
        "mean_sigma_UM_winner_set": 0.9923228803664583,
        "variance_sigma_UM_winner_set": 0.0008785713563094892
    },
    "10": {
        "median_voters": 5910,
        "max_voters": 14207,
        "mean_sigma_IIA": 0.9882850241545893,
        "variance_sigma_IIA": 0.00010173321820034711,
        "mean_sigma_UM": 0.9111575939478791,
        "variance_sigma_UM": 0.004126646285687248,
        "mean_sigma_IIA_winner_set": 0.9847826086956523,
        "variance_sigma_IIA_winner_set": 0.0024536161870755435,
        "mean_sigma_UM_winner_set": 0.9847851529515582,
        "variance_sigma_UM_winner_set": 0.0012265418733290803
    },
    "11": {
        "median_voters": 6746,
        "max_voters": 10376,
        "mean_sigma_IIA": 0.9881118881118881,
        "variance_sigma_IIA": 0.0002142095149088156,
        "mean_sigma_UM": 0.9115744953247185,
        "variance_sigma_UM": 0.0021831734483563235,
        "mean_sigma_IIA_winner_set": 0.9915501165501166,
        "variance_sigma_IIA_winner_set": 0.0006636598638346893,
        "mean_sigma_UM_winner_set": 0.9943289731972655,
        "variance_sigma_UM_winner_set": 0.00047143221209503254
    },
    "12": {
        "median_voters": 6934,
        "max_voters": 10996,
        "mean_sigma_IIA": 0.9924242424242424,
        "variance_sigma_IIA": 6.02617079889809e-05,
        "mean_sigma_UM": 0.8922222363893347,
        "variance_sigma_UM": 0.0011530145111702493,
        "mean_sigma_IIA_winner_set": 1.0,
        "variance_sigma_IIA_winner_set": 0.0,
        "mean_sigma_UM_winner_set": 1.0,
        "variance_sigma_UM_winner_set": 0.0
    },
    "13": {
        "median_voters": 8532,
        "max_voters": 9433,
        "mean_sigma_IIA": 0.9912587412587412,
        "variance_sigma_IIA": 3.9280196622854164e-05,
        "mean_sigma_UM": 0.9059338799120041,
        "variance_sigma_UM": 0.0008084130586189993,
        "mean_sigma_IIA_winner_set": 0.9668803418803417,
        "variance_sigma_IIA_winner_set": 0.002471190371831402,
        "mean_sigma_UM_winner_set": 0.982776577603533,
        "variance_sigma_UM_winner_set": 0.001483231395235614
    },
    "14": {
        "median_voters": 6924,
        "max_voters": 6924,
        "mean_sigma_IIA": 0.9990842490842491,
        "variance_sigma_IIA": 0.0,
        "mean_sigma_UM": 0.9891797448696688,
        "variance_sigma_UM": 0.0,
        "mean_sigma_IIA_winner_set": 1.0,
        "variance_sigma_IIA_winner_set": 0.0,
        "mean_sigma_UM_winner_set": 1.0,
        "variance_sigma_UM_winner_set": 0.0
    }
}