{
    "3": {
        "median_voters": 700,
        "max_voters": 739,
        "mean_n_voters": 700.0,
        "variance_n_voters": 1521.0,
        "mean_sigma_IIA": 1.0,
        "variance_sigma_IIA": 0.0,
        "mean_sigma_IIA_all_subset": 1.0,
        "variance_sigma_IIA_all_subset": 0.0,
        "mean_sigma_IIA_winner_set": 1.0,
        "variance_sigma_IIA_winner_set": 0.0,
        "mean_sigma_UM": 1.0,
        "variance_sigma_UM": 0.0,
        "mean_sigma_UM_winner_set": 1.0,
        "variance_sigma_UM_winner_set": 0.0
    },
    "4": {
        "median_voters": 3448,
        "max_voters": 6210,
        "mean_n_voters": 3360.9166666666665,
        "variance_n_voters": 2042585.0763888885,
        "mean_sigma_IIA": 0.9675925925925924,
        "variance_sigma_IIA": 0.004736796982167352,
        "mean_sigma_IIA_all_subset": 0.9780092592592591,
        "variance_sigma_IIA_all_subset": 0.0020482360253772283,
        "mean_sigma_IIA_winner_set": 0.9756944444444444,
        "variance_sigma_IIA_winner_set": 0.0041835455246913575,
        "mean_sigma_UM": 0.9732926985009563,
        "variance_sigma_UM": 0.0022020890936151113,
        "mean_sigma_UM_winner_set": 0.9811849583305696,
        "variance_sigma_UM_winner_set": 0.0018419513054486161
    },
    "5": {
        "median_voters": 3996,
        "max_voters": 11788,
        "mean_n_voters": 4154.627272727273,
        "variance_n_voters": 3213102.651983471,
        "mean_sigma_IIA": 0.9775757575757577,
        "variance_sigma_IIA": 0.0012143250688705228,
        "mean_sigma_IIA_all_subset": 0.9715909090909091,
        "variance_sigma_IIA_all_subset": 0.001461211905991735,
        "mean_sigma_IIA_winner_set": 0.9881818181818184,
        "variance_sigma_IIA_winner_set": 0.0013451790633608816,
        "mean_sigma_UM": 0.9807815655738833,
        "variance_sigma_UM": 0.0015303515790316012,
        "mean_sigma_UM_winner_set": 0.9976748509234361,
        "variance_sigma_UM_winner_set": 0.00019411119013329836
    },
    "6": {
        "median_voters": 4531,
        "max_voters": 13579,
        "mean_n_voters": 4632.8,
        "variance_n_voters": 2841115.6136585376,
        "mean_sigma_IIA": 0.9853658536585366,
        "variance_sigma_IIA": 0.00050670896952872,
        "mean_sigma_IIA_all_subset": 0.9760289634146342,
        "variance_sigma_IIA_all_subset": 0.0010503907282784718,
        "mean_sigma_IIA_winner_set": 0.9822493224932248,
        "variance_sigma_IIA_winner_set": 0.0018322335323624247,
        "mean_sigma_UM": 0.96923970877303,
        "variance_sigma_UM": 0.0020354750517548666,
        "mean_sigma_UM_winner_set": 0.9902740014966994,
        "variance_sigma_UM_winner_set": 0.0008019309720857442
    },
    "7": {
        "median_voters": 4819,
        "max_voters": 13547,
        "mean_n_voters": 5004.563829787234,
        "variance_n_voters": 3603516.7920250488,
        "mean_sigma_IIA": 0.9885173927727121,
        "variance_sigma_IIA": 0.00022195555619427675,
        "mean_sigma_IIA_all_subset": 0.9794326241134753,
        "variance_sigma_IIA_all_subset": 0.0005494606666992825,
        "mean_sigma_IIA_winner_set": 0.9886018237082067,
        "variance_sigma_IIA_winner_set": 0.0009254682709057669,
        "mean_sigma_UM": 0.9557410515387151,
        "variance_sigma_UM": 0.0023910563114458755,
        "mean_sigma_UM_winner_set": 0.9912544799705044,
        "variance_sigma_UM_winner_set": 0.0007532756774280649
    },
    "8": {
        "median_voters": 5289,
        "max_voters": 13567,
        "mean_n_voters": 5384.714975845411,
        "variance_n_voters": 3584256.8124810383,
        "mean_sigma_IIA": 0.9911433172302737,
        "variance_sigma_IIA": 0.00015297218640853948,
        "mean_sigma_IIA_all_subset": 0.9811915006038648,
        "variance_sigma_IIA_all_subset": 0.00045999445286624545,
        "mean_sigma_IIA_winner_set": 0.985859500805153,
        "variance_sigma_IIA_winner_set": 0.0013353933370025496,
        "mean_sigma_UM": 0.9536043368805598,
        "variance_sigma_UM": 0.002274441867041099,
        "mean_sigma_UM_winner_set": 0.9903512659981613,
        "variance_sigma_UM_winner_set": 0.0008809525427994568
    },
    "9": {
        "median_voters": 5480,
        "max_voters": 13909,
        "mean_n_voters": 5949.4152542372885,
        "variance_n_voters": 4872376.005530022,
        "mean_sigma_IIA": 0.9939131019639496,
        "variance_sigma_IIA": 5.0359086786426966e-05,
        "mean_sigma_IIA_all_subset": 0.9872375734589385,
        "variance_sigma_IIA_all_subset": 0.00014392277861849669,
        "mean_sigma_IIA_winner_set": 0.9910546139359698,
        "variance_sigma_IIA_winner_set": 0.0005143047757983873,
        "mean_sigma_UM": 0.9437244608026513,
        "variance_sigma_UM": 0.0026216128399900156,
        "mean_sigma_UM_winner_set": 0.9928724583048364,
        "variance_sigma_UM_winner_set": 0.0007211392096814441
    },
    "10": {
        "median_voters": 5910,
        "max_voters": 14207,
        "mean_n_voters": 6462.492753623188,
        "variance_n_voters": 6394314.742701112,
        "mean_sigma_IIA": 0.9946859903381642,
        "variance_sigma_IIA": 6.524850832769337e-05,
        "mean_sigma_IIA_all_subset": 0.9874659315152691,
        "variance_sigma_IIA_all_subset": 0.00022672641240678788,
        "mean_sigma_IIA_winner_set": 0.9971014492753625,
        "variance_sigma_IIA_winner_set": 0.00012042288034726631,
        "mean_sigma_UM": 0.9384626923770164,
        "variance_sigma_UM": 0.0025393003410334983,
        "mean_sigma_UM_winner_set": 0.9890050021218958,
        "variance_sigma_UM_winner_set": 0.0007816815136641902
    },
    "11": {
        "median_voters": 6746,
        "max_voters": 10376,
        "mean_n_voters": 6418.192307692308,
        "variance_n_voters": 6012633.770710059,
        "mean_sigma_IIA": 0.9972027972027971,
        "variance_sigma_IIA": 1.9802350804681786e-05,
        "mean_sigma_IIA_all_subset": 0.9932057214161707,
        "variance_sigma_IIA_all_subset": 8.869365565808768e-05,
        "mean_sigma_IIA_winner_set": 1.0,
        "variance_sigma_IIA_winner_set": 0.0,
        "mean_sigma_UM": 0.9500278662217188,
        "variance_sigma_UM": 0.002436693158885547,
        "mean_sigma_UM_winner_set": 1.0,
        "variance_sigma_UM_winner_set": 0.0
    },
    "12": {
        "median_voters": 6934,
        "max_voters": 10996,
        "mean_n_voters": 7347.75,
        "variance_n_voters": 4937535.1875,
        "mean_sigma_IIA": 0.9926136363636364,
        "variance_sigma_IIA": 7.887827134986242e-05,
        "mean_sigma_IIA_all_subset": 0.9854975030191705,
        "variance_sigma_IIA_all_subset": 0.00012500518978246568,
        "mean_sigma_IIA_winner_set": 0.9965277777777778,
        "variance_sigma_IIA_winner_set": 8.439429012345619e-05,
        "mean_sigma_UM": 0.905605218835185,
        "variance_sigma_UM": 0.0007358190509565855,
        "mean_sigma_UM_winner_set": 0.9871350038459024,
        "variance_sigma_UM_winner_set": 0.0011585568823146396
    },
    "13": {
        "median_voters": 8532,
        "max_voters": 9433,
        "mean_n_voters": 7652.5,
        "variance_n_voters": 3340828.9166666665,
        "mean_sigma_IIA": 0.9976689976689976,
        "variance_sigma_IIA": 6.791964833922803e-06,
        "mean_sigma_IIA_all_subset": 0.9912740834921011,
        "variance_sigma_IIA_all_subset": 7.422264746223138e-05,
        "mean_sigma_IIA_winner_set": 0.9957264957264957,
        "variance_sigma_IIA_winner_set": 9.13141938782966e-05,
        "mean_sigma_UM": 0.9293794582835835,
        "variance_sigma_UM": 0.0015181107039890264,
        "mean_sigma_UM_winner_set": 1.0,
        "variance_sigma_UM_winner_set": 0.0
    },
    "14": {
        "median_voters": 6924,
        "max_voters": 6924,
        "mean_n_voters": 6924.0,
        "variance_n_voters": 0.0,
        "mean_sigma_IIA": 0.9963369963369964,
        "variance_sigma_IIA": 0.0,
        "mean_sigma_IIA_all_subset": 0.9869040098898496,
        "variance_sigma_IIA_all_subset": 0.0,