{
    "3": {
        "median_voters": 700,
        "max_voters": 739,
        "mean_n_voters": 700.0,
        "variance_n_voters": 1521.0,
        "mean_sigma_IIA": 1.0,
        "variance_sigma_IIA": 0.0,
        "mean_sigma_IIA_all_subset": 1.0,
        "variance_sigma_IIA_all_subset": 0.0,
        "mean_sigma_IIA_winner_set": 1.0,
        "variance_sigma_IIA_winner_set": 0.0,
        "mean_sigma_UM": 1.0,
        "variance_sigma_UM": 0.0,
        "mean_sigma_UM_winner_set": 1.0,
        "variance_sigma_UM_winner_set": 0.0
    },
    "4": {
        "median_voters": 3448,
        "max_voters": 6210,
        "mean_n_voters": 3360.9166666666665,
        "variance_n_voters": 2042585.0763888885,
        "mean_sigma_IIA": 0.9074074074074076,
        "variance_sigma_IIA": 0.012259945130315496,
        "mean_sigma_IIA_all_subset": 0.9039351851851853,
        "variance_sigma_IIA_all_subset": 0.008783704132373109,
        "mean_sigma_IIA_winner_set": 0.9444444444444444,
        "variance_sigma_IIA_winner_set": 0.0038580246913580258,
        "mean_sigma_UM": 0.873321457076295,
        "variance_sigma_UM": 0.013714930368697864,
        "mean_sigma_UM_winner_set": 0.9011400369540097,
        "variance_sigma_UM_winner_set": 0.012410890921456015
    },
    "5": {
        "median_voters": 3996,
        "max_voters": 11788,
        "mean_n_voters": 4154.627272727273,
        "variance_n_voters": 3213102.651983471,
        "mean_sigma_IIA": 0.9093939393939396,
        "variance_sigma_IIA": 0.004669329660238751,
        "mean_sigma_IIA_all_subset": 0.8818655303030304,
        "variance_sigma_IIA_all_subset": 0.005153059806158173,
        "mean_sigma_IIA_winner_set": 0.9424242424242426,
        "variance_sigma_IIA_winner_set": 0.004361799816345271,
        "mean_sigma_UM": 0.8209336923171793,
        "variance_sigma_UM": 0.012509904223538383,
        "mean_sigma_UM_winner_set": 0.9237357921947404,
        "variance_sigma_UM_winner_set": 0.012992796488326384
    },
    "6": {
        "median_voters": 4531,
        "max_voters": 13579,
        "mean_n_voters": 4632.8,
        "variance_n_voters": 2841115.6136585376,
        "mean_sigma_IIA": 0.9269105691056911,
        "variance_sigma_IIA": 0.0017622711349064703,
        "mean_sigma_IIA_all_subset": 0.8727591463414633,
        "variance_sigma_IIA_all_subset": 0.004366196710890508,
        "mean_sigma_IIA_winner_set": 0.9294715447154472,
        "variance_sigma_IIA_winner_set": 0.004852408178553331,
        "mean_sigma_UM": 0.7995490808462233,
        "variance_sigma_UM": 0.009372315696277342,
        "mean_sigma_UM_winner_set": 0.8969222534313115,
        "variance_sigma_UM_winner_set": 0.014402986121687807
    },
    "7": {
        "median_voters": 4819,
        "max_voters": 13547,
        "mean_n_voters": 5004.563829787234,
        "variance_n_voters": 3603516.7920250488,
        "mean_sigma_IIA": 0.9464370145221209,
        "variance_sigma_IIA": 0.0007411125676231624,
        "mean_sigma_IIA_all_subset": 0.876737034574468,
        "variance_sigma_IIA_all_subset": 0.0029346266653572806,
        "mean_sigma_IIA_winner_set": 0.9318220195879771,
        "variance_sigma_IIA_winner_set": 0.003177204038062755,
        "mean_sigma_UM": 0.7781368637216899,
        "variance_sigma_UM": 0.00815096875550235,
        "mean_sigma_UM_winner_set": 0.8699217596061338,
        "variance_sigma_UM_winner_set": 0.015145834791614113
    },
    "8": {
        "median_voters": 5289,
        "max_voters": 13567,
        "mean_n_voters": 5384.714975845411,
        "variance_n_voters": 3584256.8124810383,
        "mean_sigma_IIA": 0.9598861283643891,
        "variance_sigma_IIA": 0.00037825639252410333,
        "mean_sigma_IIA_all_subset": 0.8872019316482631,
        "variance_sigma_IIA_all_subset": 0.0019519205053860368,
        "mean_sigma_IIA_winner_set": 0.9438909017713365,
        "variance_sigma_IIA_winner_set": 0.0019715146340767704,
        "mean_sigma_UM": 0.7621968187164143,
        "variance_sigma_UM": 0.0061578485415100664,
        "mean_sigma_UM_winner_set": 0.872863200016335,
        "variance_sigma_UM_winner_set": 0.014290661155788281
    },
    "9": {
        "median_voters": 5480,
        "max_voters": 13909,
        "mean_n_voters": 5949.4152542372885,
        "variance_n_voters": 4872376.005530022,
        "mean_sigma_IIA": 0.9679513048157115,
        "variance_sigma_IIA": 0.00020155057085981433,
        "mean_sigma_IIA_all_subset": 0.8963598021968322,
        "variance_sigma_IIA_all_subset": 0.0011789553740069343,
        "mean_sigma_IIA_winner_set": 0.9433458882611424,
        "variance_sigma_IIA_winner_set": 0.002178468141181072,
        "mean_sigma_UM": 0.752059461629596,
        "variance_sigma_UM": 0.006241903761691649,
        "mean_sigma_UM_winner_set": 0.847614529313472,
        "variance_sigma_UM_winner_set": 0.016602298532926302
    },
    "10": {
        "median_voters": 5910,
        "max_voters": 14207,
        "mean_n_voters": 6462.492753623188,
        "variance_n_voters": 6394314.742701112,
        "mean_sigma_IIA": 0.9722624798711753,
        "variance_sigma_IIA": 0.00023069707318464582,
        "mean_sigma_IIA_all_subset": 0.8977890755298192,
        "variance_sigma_IIA_all_subset": 0.0012261734833561753,
        "mean_sigma_IIA_winner_set": 0.9532608695652175,
        "variance_sigma_IIA_winner_set": 0.0018402121403066592,
        "mean_sigma_UM": 0.7405975040363022,
        "variance_sigma_UM": 0.006396337962730844,
        "mean_sigma_UM_winner_set": 0.8650483297509176,
        "variance_sigma_UM_winner_set": 0.019140263021244018
    },
    "11": {
        "median_voters": 6746,
        "max_voters": 10376,
        "mean_n_voters": 6418.192307692308,
        "variance_n_voters": 6012633.770710059,
        "mean_sigma_IIA": 0.9753690753690754,
        "variance_sigma_IIA": 0.0001921371385240851,
        "mean_sigma_IIA_all_subset": 0.9101376935239242,
        "variance_sigma_IIA_all_subset": 0.0010246583002183568,
        "mean_sigma_IIA_winner_set": 0.9682400932400932,
        "variance_sigma_IIA_winner_set": 0.0007815004537032517,
        "mean_sigma_UM": 0.7661062447604825,
        "variance_sigma_UM": 0.0038108607452926107,
        "mean_sigma_UM_winner_set": 0.9210763234438211,
        "variance_sigma_UM_winner_set": 0.010047383065356076
    },
    "12": {
        "median_voters": 6934,
        "max_voters": 10996,
        "mean_n_voters": 7347.75,
        "variance_n_voters": 4937535.1875,
        "mean_sigma_IIA": 0.9744318181818181,
        "variance_sigma_IIA": 8.174787649219478e-05,
        "mean_sigma_IIA_all_subset": 0.9032837706726865,
        "variance_sigma_IIA_all_subset": 0.0005620396848059567,
        "mean_sigma_IIA_winner_set": 0.9557291666666667,
        "variance_sigma_IIA_winner_set": 0.0017835828993055583,
        "mean_sigma_UM": 0.7473079633159724,
        "variance_sigma_UM": 0.001491728269365656,
        "mean_sigma_UM_winner_set": 0.8162283995124108,
        "variance_sigma_UM_winner_set": 0.011475196150907923
    },
    "13": {
        "median_voters": 8532,
        "max_voters": 9433,
        "mean_n_voters": 7652.5,
        "variance_n_voters": 3340828.9166666665,
        "mean_sigma_IIA": 0.984071484071484,
        "variance_sigma_IIA": 5.010960721916431e-05,
        "mean_sigma_IIA_all_subset": 0.9382762371318276,
        "variance_sigma_IIA_all_subset": 0.0005333088809493743,
        "mean_sigma_IIA_winner_set": 0.9700854700854702,
        "variance_sigma_IIA_winner_set": 0.0003652567755131842,
        "mean_sigma_UM": 0.807850644092628,
        "variance_sigma_UM": 0.0035746128925269057,
        "mean_sigma_UM_winner_set": 0.9662766753771148,
        "variance_sigma_UM_winner_set": 0.005686313118102447
    },
    "14": {
        "median_voters": 6924,
        "max_voters": 6924,
        "mean_n_voters": 6924.0,
        "variance_n_voters": 0.0,
        "mean_sigma_IIA": 0.9880952380952381,
        "variance_sigma_IIA": 0.0,