election_name,n_cands,sigma_UM_worst_case_asin,sigma_UM_winner_set_worst_case_asin,sigma_IIA_winner_set_average,sigma_IIA_average
eilean_siar_2022_ward4,3,0.4978463307523656,1.0,0.6666666666666666,1.0
eilean_siar_2022_ward3,3,0.555662429035123,1.0,1.0,0.33333333333333337
moray_2017_ward3,4,0.9298242640512439,0.9219175099190682,0.625,0.25
orkney_2012_ward6,4,0.6446185024636492,0.8768316934033968,0.875,0.6666666666666667
falkirk_2012_ward8,4,0.5569981116629424,1.0,0.625,0.5
clackmannanshire_2012_ward5,4,0.8179688488321009,0.9005361983314496,0.75,0.41666666666666663
dumgal_2012_ward1,4,0.8053220820036326,0.8053220820036326,0.625,0.5833333333333334
moray_2017_ward7,4,0.7251640843931805,0.7566589336432418,0.75,0.5
south_lanarkshire_2012_ward16,4,0.6712197354308186,0.7880325996717433,0.875,0.5
shetland_2017_ward2,4,0.5672590026909344,0.47862085017004935,0.875,0.41666666666666674
east_dunbartonshire_2012_ward7,4,0.6119438617076889,0.6924162253573036,0.75,0.75
stirling_2012_ward5,4,0.6824011272531284,1.0,0.75,0.5
midlothian_2022_ward2,4,0.7645584536713003,0.6707139567393923,0.75,0.5833333333333334
highland_2022_inverness_millburn,4,0.6454744019299796,1.0,0.625,0.8333333333333334
dumgal_2012_ward2,4,1.0,0.8546854568143276,0.625,0.41666666666666674
east_ayrshire_2012_ward2,4,0.586102602486461,1.0,0.875,0.5
eilean_siar_2017_ward4,4,0.5579048174134471,0.5579048174134471,0.875,0.5833333333333334
east_dunbartonshire_2012_ward1,4,0.5557538381173801,0.7453156024509137,0.625,0.75
south_ayrshire_2012_ward8,4,0.5217625018528232,0.8731768672960846,0.875,0.5
aberdeenshire_2017_ward1,4,1.0,0.8387254449092181,0.625,0.5
aberdeenshire_2022_ward6,4,0.7186572000274853,0.6556770516624157,0.75,0.5
aberdeen_2017_ward11,4,0.5427011270339942,1.0,0.75,0.75
north_lanarkshire_2012_ward13,4,1.0,0.38350456566600905,0.625,0.41666666666666674
eilean_siar_2012_ward3,4,0.45940675755667565,0.8719736949873724,0.875,0.33333333333333337
sc_borders_2017_ward11,4,0.47983332701834075,1.0,1.0,0.5
aberdeenshire_2017_ward16,4,0.542612882072906,0.542612882072906,0.75,0.5
eilean_siar_2022_ward5,4,0.454586994448307,0.454586994448307,0.625,0.5
south_ayrshire_2012_ward6,4,0.7304685031969368,0.7304685031969368,0.75,0.16666666666666674
shetland_2017_ward6,4,0.2600545758209985,0.2600545758209985,0.625,0.5833333333333334
south_ayrshire_2017_ward6,4,0.7265277491291836,0.7265277491291836,0.75,0.75
argyll_bute_2022_ward1,4,0.5589222225259726,0.8946383322072923,0.625,0.8333333333333334
north_lanarkshire_2012_ward9,4,0.32394323905200284,0.5877058014922388,0.875,0.5
angus_2012_ward1,4,0.6123075413116635,0.6661323810929696,0.625,0.5
shetland_2012_ward5,4,0.42413913444931267,0.39107995836860726,0.625,0.5833333333333334
moray_2012_ward7,4,0.6807501583756908,1.0,0.875,0.5833333333333334
moray_2017_ward1,4,0.7989587197419145,0.815557897996435,0.75,0.6666666666666667
argyll_bute_2012_ward11,4,0.6227430701937909,0.6354919863510696,0.625,0.75
falkirk_2017_ward7,4,0.6710045324728748,0.6794245491074962,0.75,0.41666666666666674
east_renfrewshire_2012_ward4,5,0.5836069075483423,0.6851123310136482,0.5666666666666667,0.3666666666666667
renfrewshire_2017_ward11,5,0.6273975242355043,0.7199366467408157,0.5666666666666667,0.4
aberdeenshire_2022_ward2,5,0.6568159992271186,0.7346989571621446,0.6666666666666666,0.6000000000000001
perth_kinross_2022_ward5,5,0.8124387354024719,0.778255911297356,0.5666666666666667,0.4
moray_2012_ward6,5,0.6950813557504174,0.6990416482357799,0.5666666666666667,0.4666666666666667
south_ayrshire_2017_ward7,5,0.7651984828400731,0.7067409204875914,0.7333333333333333,0.3666666666666667
north_lanarkshire_2017_ward10,5,0.4826966139830049,0.4826966139830049,0.7333333333333333,0.43333333333333335
aberdeen_2022_ward11,5,0.5402209286990263,0.9250566398838777,0.7666666666666666,0.30000000000000004
perth_kinross_2012_ward7,5,0.6270919126615149,0.8247939688744707,0.4666666666666666,0.5666666666666667
aberdeenshire_2012_ward13,5,0.6906829546277478,0.6906829546277478,0.7999999999999999,0.4666666666666667
renfrewshire_2022_ward2,5,0.5808458908475986,0.5808458908475986,0.7333333333333333,0.7
north_lanarkshire_2012_ward16,5,0.7747810892700114,0.5203349401518437,0.6333333333333333,0.3666666666666666
orkney_2022_ward5,5,0.5275073990270427,1.0,0.5666666666666667,0.6000000000000001
argyll_bute_2017_ward10,5,0.5884399299498504,0.5884399299498504,0.8666666666666666,0.4
fife_2012_ward21,5,0.6032923786851608,0.6715407154081411,0.5666666666666667,0.4
edinburgh_2017_ward3,5,0.7314690669132896,1.0,0.7333333333333333,0.3666666666666667
moray_2022_ward4,5,0.7444605184129048,0.7234116724254912,0.4666666666666666,0.33333333333333326
perth_kinross_2012_ward1,5,0.6312056294791992,0.689771951291655,0.7666666666666666,0.19999999999999996
angus_2017_ward6,5,0.5983861814895209,0.5983861814895209,0.8666666666666666,0.5
dumgal_2012_ward7,5,0.609690983944524,0.6183409256692819,0.7999999999999999,0.6333333333333333
moray_2012_ward3,5,0.5290925796186243,1.0,0.5666666666666667,0.6
dumgal_2022_ward6,5,0.695860618639489,1.0,0.7999999999999999,0.5000000000000001
dumgal_2017_ward7,5,0.6456508644638057,0.6456508644638057,0.4666666666666666,0.4
aberdeenshire_2012_ward1,5,0.6133424784801312,0.6133424784801312,0.5333333333333333,0.5
orkney_2022_ward6,5,0.3685374430141984,0.422202338129618,0.7333333333333333,0.3666666666666666
west_dunbartonshire_2022_ward5,5,0.500411253197338,0.500411253197338,0.7333333333333333,0.30000000000000004
falkirk_2012_ward4,5,1.0,0.5108777555076719,0.8666666666666666,0.5666666666666667
east_ayrshire_2017_ward5,5,0.5592811405880495,0.4775376849719737,0.7666666666666666,0.33333333333333326
eilean_siar_2022_ward8,5,0.4661459571250262,0.5620089855922109,0.6333333333333333,0.3666666666666667
shetland_2022_ward5,5,0.5274746095437963,1.0,0.6333333333333333,0.5666666666666667
eilean_siar_2017_ward7,5,0.563082189336799,0.5695338688022459,0.7333333333333333,0.6666666666666666
renfrewshire_2022_ward10,5,0.6227017156291126,0.6227017156291126,0.7999999999999999,0.4666666666666667
highland_2012_ward3,5,0.6053107112561947,0.5723186091366377,0.5666666666666667,0.5
argyll_bute_2022_ward11,5,0.7295260185714552,0.7295260185714552,0.6666666666666666,0.5
north_lanarkshire_2022_ward14,5,0.6352622106245323,0.5921883513452447,0.5666666666666667,0.43333333333333335
aberdeenshire_2017_ward4,5,0.7181724586169804,0.7181724586169804,0.7999999999999999,0.6
south_lanarkshire_2022_ward19,5,0.5365907557030956,0.5365907557030956,0.7999999999999999,0.6000000000000001
north_lanarkshire_2022_ward12,5,0.6742663555354487,0.6742663555354487,0.9333333333333333,0.6000000000000001
inverclyde_2012_ward1,5,0.7722960531260741,0.7439269392903468,0.7333333333333332,0.3999999999999999
falkirk_2012_ward1,5,0.5340883693186039,0.8754862952660574,0.4666666666666666,0.4666666666666668
east_ayrshire_2022_ward6,5,0.7556082957745746,0.6668394158241243,0.5666666666666667,0.43333333333333335
highland_2022_east_sutherland,5,0.5007923091845058,0.4276753871564178,0.4666666666666666,0.4666666666666667
orkney_2022_ward1,5,0.5011274281643265,0.5957661580976215,0.7333333333333332,0.8
inverclyde_2022_ward7,5,0.5533855950801921,0.9607256532244608,0.5666666666666667,0.43333333333333335
moray_2012_ward4,5,0.7611772325740843,0.6035983468115128,0.6666666666666666,0.5333333333333333
south_ayrshire_2012_ward7,5,0.7079869692132422,0.7141794673044705,0.7999999999999999,0.5333333333333333
moray_2017_ward2,5,0.6813093670261596,0.7878040125452712,0.5,0.5333333333333334
moray_2012_ward2,5,0.5296507006916649,0.8105951290352605,0.3666666666666666,0.46666666666666656
edinburgh_2017_ward15,5,0.780459927848871,0.7151494574775398,0.7333333333333332,0.6666666666666667
west_dunbartonshire_2022_ward1,5,0.5982370218639937,0.706713248175593,0.3666666666666666,0.4666666666666667
angus_2017_ward4,5,0.6718873882693632,0.6812986408866509,0.7999999999999999,0.30000000000000004
south_lanarkshire_2022_ward2,5,0.5030230376800748,1.0,0.8333333333333333,0.5333333333333334
aberdeenshire_2012_ward16,5,0.5308148394615873,0.5749964929225534,0.5666666666666667,0.5333333333333334
midlothian_2012_ward6,5,0.49666409346544016,0.5445648615801464,0.4666666666666666,0.30000000000000004
north_lanarkshire_2012_ward10,5,0.42447480628783446,0.44577607635205696,0.3666666666666666,0.43333333333333335
dumgal_2022_ward5,5,0.7181453809417135,0.7780454813758636,0.3666666666666666,0.4
dumgal_2017_ward11,5,0.6547645772552967,0.7996712538776977,0.8666666666666666,0.6
fife_2012_ward18,5,0.5667073919417005,0.8636008182634445,0.5666666666666667,0.46666666666666656
angus_2022_ward2,5,0.6736740481052162,0.7179061264770232,0.8666666666666666,0.3666666666666666
south_ayrshire_2017_ward4,5,0.7792572788491187,0.9193857564474357,0.5333333333333333,0.5666666666666667
perth_kinross_2012_ward3,5,0.542987750631675,0.542987750631675,0.6333333333333333,0.4666666666666667
east_ayrshire_2012_ward4,5,0.5333709264775506,1.0,0.7999999999999999,0.4999999999999999
east_lothian_2012_ward2,5,0.5318274002105394,0.5318274002105394,0.7333333333333333,0.5666666666666667
north_lanarkshire_2022_ward21,5,0.6242645096758674,1.0,0.7333333333333332,0.5333333333333333
highland_2022_tain_and_easter_ross,5,0.5602390029142174,0.5769412167642176,0.5666666666666667,0.6333333333333333
shetland_2022_ward7,5,0.42925962315684324,0.42925962315684324,0.7999999999999999,0.43333333333333335
moray_2022_ward2,5,0.7176432095169623,0.7660473309515081,0.7333333333333333,0.6666666666666666
south_ayrshire_2012_ward3,5,0.8230795170665359,0.6458745336295332,0.7333333333333333,0.6333333333333333
aberdeenshire_2012_ward15,5,0.601760010681,0.6115733782127174,0.7333333333333333,0.4
inverclyde_2017_ward1,5,0.6431956495144069,1.0,0.5666666666666667,0.5333333333333333
aberdeenshire_2012_ward10,5,0.6133728554152958,0.7215111976590192,0.4666666666666666,0.5333333333333333
renfrewshire_2022_ward11,5,0.6705152811449067,0.7957335761090255,0.7,0.43333333333333335
shetland_2017_ward7,5,0.6151403948253842,0.6627389745403325,0.7333333333333333,0.5666666666666667
orkney_2017_ward5,5,0.624288704762972,0.8108915644427822,0.5666666666666667,0.4666666666666667
eilean_siar_2012_ward8,5,0.6808468013591423,0.7713751733601609,0.5666666666666667,0.33333333333333337
highland_2022_wester_ross_strathpeffer_and_lochalsh,5,0.8159069758311387,0.5817831833913694,0.8666666666666666,0.6333333333333333
shetland_2012_ward1,5,0.6544060406191256,0.6374156757099332,0.7666666666666666,0.43333333333333335
shetland_2017_ward1,5,0.6636832901049279,1.0,0.5666666666666667,0.4666666666666667
moray_2022_ward1,5,0.500286164155584,0.7448325449397745,0.5333333333333333,0.3666666666666667
dumgal_2022_ward2,5,0.7154561249229812,0.7156207434661132,0.7999999999999999,0.5666666666666667
dumgal_2022_ward8,5,0.6608312852313234,1.0,0.7999999999999999,0.5333333333333334
edinburgh_2017_ward13,5,0.6165208919973272,0.5721556095282303,0.5666666666666667,0.5
east_ayrshire_2012_ward5,5,0.45682705377714894,0.6262878689464928,0.4333333333333333,0.6666666666666666
dumgal_2012_ward9,5,0.6603711491977544,0.73881047822328,0.8666666666666666,0.5
fife_2012_ward9,5,0.39378165089721906,0.39378165089721906,0.6333333333333333,0.4666666666666667
west_dunbartonshire_2022_ward4,5,0.514951937295357,0.47846727809354506,0.6666666666666666,0.33333333333333326
east_dunbartonshire_2012_ward5,5,0.6816046417276239,0.7402478493896862,0.6666666666666666,0.33333333333333337
perth_kinross_2012_ward5,5,0.5813069128557555,0.7065825948348855,0.3666666666666666,0.5333333333333334
north_lanarkshire_2017_ward14,5,0.5232619427632863,0.48898879429917796,0.6333333333333333,0.5
shetland_2017_ward4,5,0.5062161071528827,0.5147266764145876,0.6333333333333333,0.6666666666666667
falkirk_2012_ward6,5,0.4947279218964442,0.535766155571996,0.7999999999999999,0.6
dumgal_2022_ward7,5,0.6997343095907834,1.0,0.5666666666666667,0.4
north_lanarkshire_2017_ward16,5,0.6128458876453473,0.5942358950055762,0.5333333333333333,0.5666666666666667
clackmannanshire_2012_ward4,5,1.0,0.581115496525352,0.7999999999999999,0.3666666666666666
sc_borders_2017_ward2,5,1.0,0.8042419117074534,0.4666666666666666,0.4
east_renfrewshire_2012_ward3,5,0.6950372500109342,0.6950372500109342,0.5333333333333333,0.4666666666666667
aberdeenshire_2017_ward7,5,0.6961969826408985,0.6807367334337856,0.7999999999999999,0.5666666666666667
west_lothian_2012_ward9,5,0.5665891345373373,0.3596678683292271,0.6666666666666666,0.33333333333333337
west_dunbartonshire_2017_ward4,5,0.8578722923862011,0.8463214651365796,0.6333333333333333,0.40000000000000013
edinburgh_2022_ward15,5,0.623625409992625,0.623625409992625,0.7999999999999999,0.4666666666666667
fife_2012_ward2,5,0.5215373810534281,0.6421446037667937,0.4666666666666666,0.33333333333333337
falkirk_2012_ward9,5,0.5950350378773911,0.62503745146431,0.7333333333333333,0.43333333333333335
sc_borders_2012_ward6,5,0.8090151573040851,0.8090151573040851,0.4666666666666666,0.46666666666666656
aberdeenshire_2017_ward9,5,0.6022341176651521,1.0,0.7333333333333333,0.43333333333333335
aberdeenshire_2017_ward15,5,0.6036913878372934,0.7294490796270013,0.7333333333333333,0.6333333333333333
highland_2022_fort_william,5,0.4875124973033474,0.6714159917765217,0.7333333333333332,0.3666666666666666
east_ayrshire_2017_ward2,5,0.5457026763607097,0.6453857052855707,0.4666666666666666,0.5
east_dunbartonshire_2022_ward7,5,0.601722327424417,0.4324536156584533,0.4666666666666666,0.4666666666666667
east_dunbartonshire_2012_ward4,5,0.3793482524332733,0.3793482524332733,0.5666666666666667,0.5333333333333334
east_ayrshire_2012_ward6,5,0.6483418644362073,0.6799975373967964,0.9333333333333332,0.7333333333333333
east_ayrshire_2012_ward7,6,0.699353887082417,0.699353887082417,0.5833333333333334,0.5666666666666667
east_lothian_2012_ward7,6,0.6485874634790288,0.7344490130993825,0.6666666666666666,0.43333333333333324
east_dunbartonshire_2017_ward1,6,0.6032411755194305,0.7191716372730337,0.5833333333333333,0.55
renfrewshire_2022_ward12,6,0.5164448476544924,0.5696784485305715,0.5138888888888888,0.43333333333333335
north_lanarkshire_2012_ward4,6,0.4629762100477576,1.0,0.38888888888888884,0.5833333333333333
west_lothian_2017_ward9,6,0.5228959677851053,0.787422028571959,0.4444444444444444,0.5166666666666668
argyll_bute_2012_ward7,6,0.4915268731431555,1.0,0.4444444444444444,0.29999999999999993
east_dunbartonshire_2022_ward6,6,0.4629307594264944,0.6809318424025305,0.47222222222222227,0.4666666666666667
west_lothian_2012_ward1,6,0.6902019542516423,0.6602647359894699,0.5555555555555555,0.5999999999999999
west_lothian_2012_ward2,6,0.5555619430335754,0.5555619430335754,0.6388888888888888,0.45000000000000007
east_dunbartonshire_2017_ward5,6,0.6528245685123363,0.8791935053530274,0.38888888888888884,0.5333333333333332
clackmannanshire_2012_ward3,6,0.5861109413310156,0.918449455050187,0.5,0.5333333333333334
south_lanarkshire_2012_ward13,6,0.521837288000484,0.5639052697747547,0.5277777777777778,0.45000000000000007
aberdeenshire_2022_ward11,6,0.6934210487586381,0.6744521851316004,0.6388888888888888,0.44999999999999996
perth_kinross_2022_ward7,6,0.7569914353577897,0.7659767535326552,0.5833333333333333,0.5
edinburgh_2012_ward9,6,0.6187742002964989,0.4844079706576117,0.4444444444444444,0.45000000000000007
aberdeenshire_2022_ward16,6,0.46554580738065365,0.7673688998271712,0.3611111111111111,0.4
north_lanarkshire_2017_ward18,6,0.629017749241828,0.6874192749688026,0.6388888888888888,0.5166666666666666
fife_2017_ward20,6,0.4554620920929588,0.6684781058214714,0.4166666666666667,0.5
dumgal_2017_ward4,6,0.6809788281474746,0.6340065681261132,0.5277777777777778,0.5666666666666667
north_lanarkshire_2022_ward17,6,0.6824125130826172,0.76199576570781,0.5,0.3666666666666666
dumgal_2012_ward8,6,0.6937762441089228,0.5887558889960247,0.736111111111111,0.5166666666666666
falkirk_2017_ward5,6,0.6976256040134291,0.7717480026915028,0.5277777777777778,0.3666666666666666
highland_2017_ward7,6,0.6005174274358508,0.5323985346437708,0.4444444444444444,0.5833333333333333
argyll_bute_2022_ward2,6,0.6626734401964264,0.6285175923765474,0.75,0.45000000000000007
moray_2022_ward6,6,0.7008701240199917,0.6760414649883881,0.4444444444444444,0.6000000000000001
north_lanarkshire_2012_ward1,6,0.4103150088700314,0.43912142094536216,0.3055555555555555,0.6166666666666667
falkirk_2017_ward6,6,0.5705936759005951,0.5705936759005951,0.6388888888888888,0.33333333333333315
inverclyde_2012_ward2,6,0.40104364123239605,0.4600364664409395,0.5277777777777778,0.4833333333333334
glasgow_2022_ward12,6,0.5591103013290653,0.46539319121672845,0.5555555555555555,0.45000000000000007
angus_2012_ward2,6,0.5945781312480368,0.8685988276129003,0.49999999999999994,0.6666666666666667
south_ayrshire_2017_ward2,6,0.7186035184228896,0.7342331957209551,0.5833333333333334,0.3833333333333333
glasgow_2022_ward11,6,0.3900371326596093,0.6135853716335289,0.4444444444444444,0.55
aberdeenshire_2012_ward12,6,0.6065849107276713,0.6065849107276713,0.3055555555555555,0.4666666666666667
south_lanarkshire_2022_ward16,6,0.5752938973316046,0.5752938973316046,0.3055555555555555,0.6166666666666667
argyll_bute_2012_ward10,6,0.6950127612561654,0.5904555998100754,0.6388888888888888,0.5166666666666666
edinburgh_2017_ward10,6,0.70143558209828,0.70143558209828,0.6805555555555555,0.5333333333333334
inverclyde_2022_ward3,6,0.47995168399622984,0.49369642193299845,0.3611111111111111,0.5666666666666667
shetland_2022_ward4,6,0.418522699512556,0.6092883934855017,0.6388888888888888,0.5
east_dunbartonshire_2017_ward3,6,0.7753556712636527,0.7753556712636527,0.6388888888888888,0.6833333333333333
perth_kinross_2012_ward6,6,0.6149106510700214,0.9249731568211282,0.49999999999999994,0.6000000000000001
fife_2012_ward12,6,0.48702738592956013,0.5719794245760513,0.49999999999999994,0.31666666666666676
aberdeenshire_2017_ward5,6,0.7015548924932127,0.84442316987798,0.625,0.4999999999999999
perth_kinross_2022_ward9,6,0.5234926569773114,0.7392502907641547,0.5555555555555555,0.3833333333333333
east_dunbartonshire_2022_ward1,6,0.8332525894748346,1.0,0.6666666666666666,0.4666666666666667
north_lanarkshire_2012_ward20,6,0.783782790603517,0.5990133561280643,0.5277777777777778,0.4666666666666667
east_ayrshire_2022_ward5,6,0.4773342978404166,0.587054194133791,0.5277777777777778,0.4
aberdeenshire_2022_ward12,6,0.6919964584876477,1.0,0.6388888888888888,0.4833333333333334
renfrewshire_2022_ward8,6,0.5001716573260537,0.5001716573260537,0.6944444444444445,0.4666666666666667
sc_borders_2012_ward5,6,0.5198851205901076,0.8275167780037372,0.3333333333333333,0.5666666666666667
east_ayrshire_2022_ward1,6,0.7670047531959789,0.8022032026411317,0.5833333333333334,0.4833333333333333
shetland_2017_ward3,6,0.417218907289834,0.564094216848975,0.38888888888888884,0.5166666666666666
argyll_bute_2012_ward8,6,0.44926224992254127,1.0,0.3055555555555555,0.5666666666666667
north_lanarkshire_2012_ward19,6,0.5626190223720461,0.5335900936429224,0.7916666666666666,0.5
aberdeenshire_2022_ward7,6,0.6450529660645532,0.6450529660645532,0.6805555555555555,0.41666666666666663
fife_2012_ward8,6,0.6096930786317705,0.4180160152240279,0.6944444444444443,0.55
edinburgh_2017_ward8,6,0.8070170647419332,0.6235614663961446,0.38888888888888884,0.4
shetland_2012_ward4,6,0.4477461062181715,0.5018578503508677,0.5555555555555555,0.3500000000000001
west_lothian_2012_ward6,6,0.48526733906527186,0.48526733906527186,0.5,0.4833333333333333
fife_2022_ward13,6,0.5325258462689132,0.5413270079976366,0.47222222222222227,0.6166666666666667
moray_2022_ward5,6,0.6899654174732697,0.6758286186267439,0.5833333333333334,0.6333333333333333
dumgal_2022_ward10,6,0.6321066850317439,1.0,0.6388888888888888,0.5
aberdeenshire_2017_ward10,6,0.5883920815974141,0.5883920815974141,0.3055555555555555,0.45000000000000007
east_ayrshire_2022_ward4,6,0.6412853097354931,0.49199361437029665,0.6805555555555555,0.55
angus_2022_ward7,6,0.5223116912391146,0.5223116912391146,0.6388888888888888,0.5
perth_kinross_2017_ward1,6,0.6427853070191419,0.6427853070191419,0.4444444444444444,0.44999999999999996
moray_2012_ward1,6,0.5454974015836819,0.6440884899380563,0.5277777777777778,0.41666666666666663
clackmannanshire_2017_ward3,6,0.5812920257548712,0.5812920257548712,0.47222222222222215,0.45000000000000007
west_lothian_2022_ward1,6,0.44784083063173374,0.7047656820657471,0.3055555555555555,0.4833333333333333
north_lanarkshire_2012_ward8,6,0.6209895189046952,0.6751809249086137,0.38888888888888884,0.5833333333333333
south_lanarkshire_2012_ward11,6,0.5175262218283136,0.5175262218283136,0.38888888888888884,0.43333333333333335
inverclyde_2022_ward6,6,0.5931075311761497,0.6845705210416239,0.6666666666666666,0.4666666666666667
aberdeenshire_2017_ward6,6,0.713645006484188,0.8329821787055043,0.5555555555555555,0.55
east_ayrshire_2017_ward3,6,0.5845030074825577,0.7047215015722466,0.638888888888889,0.5333333333333334
sc_borders_2017_ward10,6,0.4389668217458483,0.33855954962199714,0.4444444444444444,0.5999999999999999
south_lanarkshire_2012_ward14,6,0.46280422981060165,0.47113538583160736,0.3333333333333333,0.6499999999999999
falkirk_2022_ward5,6,0.6733184024370122,1.0,0.5277777777777778,0.5
moray_2017_ward6,6,0.8519884052840139,0.9093990970122858,0.3055555555555555,0.5166666666666666
midlothian_2022_ward5,6,0.6796906838602436,0.6240788000706584,0.5277777777777778,0.6166666666666667
dumgal_2017_ward12,6,0.564094216848975,0.6817145763695209,0.4444444444444444,0.5666666666666667
highland_2022_thurso,6,0.48519098777746356,0.6037169130799388,0.5277777777777778,0.5166666666666668
east_lothian_2012_ward5,6,0.7068022226528556,0.7068022226528556,0.49999999999999994,0.5166666666666666
perth_kinross_2017_ward9,6,0.6140714199002929,0.6140714199002929,0.4444444444444444,0.55
fife_2012_ward20,6,0.6164028725243847,0.8049414697748959,0.5555555555555555,0.5166666666666666
eilean_siar_2017_ward9,6,0.618312770591701,0.8065019351452823,0.6944444444444443,0.45000000000000007
east_ayrshire_2012_ward1,6,0.9057239887767214,0.9274849072213341,0.38888888888888884,0.5333333333333334
stirling_2012_ward3,6,0.7268308628412535,0.7919118275820336,0.6944444444444443,0.5333333333333334
north_lanarkshire_2022_ward9,6,0.6594471012266391,0.5898300350727048,0.5833333333333333,0.5
south_lanarkshire_2012_ward7,6,0.48719097316578186,0.5267684448682596,0.5555555555555556,0.5666666666666667
sc_borders_2017_ward6,6,0.5930775712525438,0.5620065636173888,0.4444444444444444,0.5833333333333333
highland_2017_ward15,6,0.44765166828713626,0.8088111064528153,0.4444444444444444,0.44999999999999996
falkirk_2017_ward2,6,0.5741691487902683,0.626935518761012,0.38888888888888884,0.4666666666666667
angus_2012_ward7,6,0.5621323497427247,0.6001330910217149,0.625,0.5166666666666666
south_lanarkshire_2012_ward20,6,0.5417649216753172,0.5820751596035358,0.5833333333333334,0.41666666666666663
aberdeenshire_2012_ward6,6,0.6160961926463319,0.6944356169201307,0.7222222222222222,0.55
east_dunbartonshire_2022_ward2,6,0.5772689996576161,0.8098509357102802,0.4444444444444444,0.5
perth_kinross_2012_ward9,6,0.6759625654739303,0.7126277405178203,0.4166666666666666,0.4
sc_borders_2022_ward10,6,0.3429703357064224,0.3429703357064224,0.5277777777777778,0.5
north_ayrshire_2017_ward2,6,0.6326476783262659,0.6326476783262659,0.4166666666666667,0.41666666666666663
aberdeenshire_2022_ward15,6,0.6035357947113573,0.5868823549699504,0.5,0.55
sc_borders_2012_ward1,6,0.7561601512197558,0.6073580850309734,0.47222222222222227,0.6666666666666667
moray_2022_ward8,6,0.6781050164987651,0.8559161524609119,0.7916666666666666,0.4
highland_2012_ward17,6,0.41636645216890156,0.41636645216890156,0.49999999999999994,0.6499999999999999
eilean_siar_2012_ward2,6,0.5675973258783518,0.5675973258783518,0.3333333333333333,0.3666666666666667
south_ayrshire_2017_ward8,6,0.5416373191884817,0.5416373191884817,0.47222222222222227,0.4833333333333333
angus_2012_ward4,6,0.6562586471342232,0.5867764439318913,0.6944444444444443,0.6166666666666667
east_ayrshire_2022_ward2,6,0.5136155480596006,0.6667613560453907,0.47222222222222215,0.4
east_dunbartonshire_2012_ward3,6,0.5099651991366533,0.7503978888520983,0.47222222222222227,0.6666666666666667
argyll_bute_2012_ward3,6,0.45249562344618605,0.5977253872803567,0.5833333333333333,0.5666666666666667
east_ayrshire_2012_ward9,6,0.6503478877844148,0.4815781245907579,0.6666666666666666,0.4666666666666667
east_lothian_2012_ward6,6,0.528314470153943,0.6088648978681251,0.47222222222222215,0.5
midlothian_2012_ward1,6,0.5796553521756677,0.5991089680529598,0.5555555555555555,0.5166666666666668
aberdeenshire_2017_ward12,6,0.5750518856391308,0.5750518856391308,0.6805555555555555,0.6166666666666667
aberdeenshire_2017_ward2,6,0.5515898384278302,0.8154552773060514,0.6388888888888888,0.5166666666666666
south_lanarkshire_2017_ward16,6,0.6627583658677921,0.6627583658677921,0.3611111111111111,0.5833333333333333
renfrewshire_2012_ward10,6,0.5598074470469773,0.6968880336781246,0.5555555555555555,0.55
south_lanarkshire_2012_ward10,6,0.5430597799067959,0.9656817982307911,0.4444444444444444,0.75
south_ayrshire_2017_ward1,6,0.6204333795201366,0.7074046464773116,0.736111111111111,0.5833333333333335
aberdeenshire_2012_ward9,6,0.568173120518318,0.8566245821726767,0.5833333333333334,0.5166666666666666
north_ayrshire_2017_ward8,6,0.6442946571768853,0.6926488580559174,0.6388888888888888,0.55
aberdeen_2022_ward7,6,0.6868416845933036,0.6714297803931863,0.6666666666666666,0.5
south_ayrshire_2012_ward2,6,0.6318925299787768,0.6318925299787768,0.6388888888888888,0.5
dumgal_2012_ward3,6,0.6621200476039171,0.5778219737423004,0.4444444444444444,0.6333333333333333
south_ayrshire_2017_ward3,6,0.6585084903434162,0.7196537084049263,0.5833333333333334,0.55
north_ayrshire_2022_kilwinning,6,0.5278367095876295,0.7261033660232709,0.7777777777777777,0.3666666666666667
east_renfrewshire_2012_ward6,6,0.6491149086439373,1.0,0.49999999999999994,0.5333333333333332
east_dunbartonshire_2012_ward6,6,0.44548873879394546,0.47205954361736713,0.5833333333333334,0.43333333333333335
north_lanarkshire_2017_ward5,6,0.6677561330427386,0.6218584807179907,0.6666666666666666,0.55
east_ayrshire_2022_ward7,6,0.6776158301852959,0.6776158301852959,0.6388888888888888,0.41666666666666663
north_lanarkshire_2012_ward15,6,0.4344065266685281,0.4344065266685281,0.5833333333333334,0.4833333333333333
angus_2017_ward1,6,0.551338247053208,0.6147878194893065,0.5833333333333333,0.55
argyll_bute_2017_ward6,6,0.5936209440995178,0.710073062613825,0.6666666666666666,0.6000000000000001
south_ayrshire_2012_ward1,6,0.7272653046305458,0.7272653046305458,0.7916666666666666,0.5333333333333334
edinburgh_2012_ward6,6,0.6003404739562906,0.7819865728510826,0.3611111111111111,0.55
edinburgh_2012_ward11,6,0.7002365603794442,0.7937672431573257,0.5,0.3833333333333333
aberdeenshire_2022_ward8,6,0.8358787717490168,0.8466961801368585,0.6388888888888888,0.4
fife_2012_ward7,6,0.38910405617535326,1.0,0.3888888888888889,0.5166666666666666
perth_kinross_2022_ward6,6,0.670051427665076,0.5138315170638993,0.4444444444444444,0.6000000000000001
aberdeen_2012_ward11,6,0.5223219538420277,0.5223219538420277,0.4444444444444444,0.5999999999999999
edinburgh_2017_ward9,6,0.5833636361958318,0.6960648095037688,0.3611111111111111,0.3833333333333333
east_lothian_2017_ward4,6,0.6386751397810004,0.6386751397810004,0.5,0.5166666666666666
falkirk_2012_ward5,6,0.5838652931161569,0.6181253091530169,0.47222222222222215,0.4666666666666667
falkirk_2022_ward7,6,0.6402415404683663,0.682987483198954,0.4166666666666667,0.4833333333333333
sc_borders_2012_ward2,6,0.7824551487630412,0.7824551487630412,0.3611111111111111,0.5166666666666666
east_dunbartonshire_2017_ward2,6,0.5431616669676886,0.5431616669676886,0.611111111111111,0.5666666666666667
midlothian_2017_ward1,6,0.7078104093463639,1.0,0.5555555555555556,0.43333333333333324
inverclyde_2012_ward4,6,0.3959617820543811,0.3959617820543811,0.6388888888888888,0.6000000000000001
falkirk_2022_ward1,6,0.4920042929992776,0.4920042929992776,0.5,0.43333333333333346
south_lanarkshire_2022_ward13,6,0.8479441496747131,0.5754676169982289,0.4166666666666666,0.5166666666666666
perth_kinross_2017_ward4,6,0.6230559163848681,0.9240983872539441,0.5277777777777778,0.3833333333333333
eilean_siar_2022_ward7,6,0.6192952123001406,0.6192952123001406,0.49999999999999994,0.3999999999999999
north_lanarkshire_2022_ward18,6,0.5367958374792559,0.5570898125290308,0.8055555555555555,0.4666666666666667
orkney_2022_ward4,6,0.4590784120613074,0.4590784120613074,0.638888888888889,0.41666666666666663
north_ayrshire_2022_arran,6,0.7828673136831472,0.878836349003295,0.0,0.45000000000000007
south_lanarkshire_2012_ward9,6,0.624860492283574,0.8417239401478238,0.3611111111111111,0.41666666666666663
inverclyde_2017_ward2,6,0.5612793880254598,0.6614122551799463,0.6388888888888888,0.41666666666666663
north_lanarkshire_2012_ward14,6,0.4741939926817855,0.4741939926817855,0.3611111111111111,0.6333333333333333
aberdeenshire_2012_ward7,6,0.5361942338367469,0.47564922144995464,0.4166666666666667,0.5166666666666666
dumgal_2012_ward6,6,0.6094899972560088,0.7446153400741338,0.5277777777777778,0.5
south_lanarkshire_2012_ward4,6,0.5531151757736361,1.0,0.5555555555555555,0.5666666666666667
sc_borders_2012_ward4,6,0.707793132346258,0.7034326105222187,0.38888888888888884,0.45000000000000007
north_lanarkshire_2012_ward6,6,0.5009862953796634,0.5009862953796634,0.6805555555555555,0.4666666666666667
clackmannanshire_2017_ward5,6,0.7175928373117788,0.7710499486843905,0.5277777777777778,0.33333333333333337
south_lanarkshire_2022_ward17,6,0.5028773410782715,0.5028773410782715,0.5277777777777778,0.5166666666666666
north_ayrshire_2012_ward8,6,0.5266806686953839,0.608969516595645,0.6388888888888888,0.3833333333333333
south_lanarkshire_2012_ward3,6,0.6687709984785897,1.0,0.6666666666666666,0.5166666666666666
south_lanarkshire_2017_ward11,6,0.43675606556539576,0.5761628990956651,0.7222222222222222,0.4666666666666667
north_lanarkshire_2022_ward6,6,0.5409694355327535,0.5409694355327535,0.5833333333333333,0.55
perth_kinross_2017_ward3,6,0.5820546567535465,0.6055304828090339,0.4444444444444444,0.4833333333333333
north_lanarkshire_2022_ward16,6,0.5466216428490908,0.5500148379616288,0.4444444444444444,0.4833333333333333
south_ayrshire_2022_ward7,6,0.7077044832629815,0.6508359187703364,0.47222222222222227,0.5833333333333333
midlothian_2017_ward5,6,0.6891227487259733,0.7542846387818731,0.5833333333333334,0.43333333333333324
eilean_siar_2017_ward8,6,0.45465773555549804,0.7678894671590933,0.3611111111111111,0.4666666666666667
orkney_2022_ward3,6,0.5708895103659903,0.6089566731939677,0.5277777777777778,0.5166666666666666
aberdeen_2017_ward10,6,0.5038157399954495,0.6368795018486474,0.7222222222222222,0.55
south_ayrshire_2022_ward6,6,0.560593215140428,0.560593215140428,0.47222222222222227,0.33333333333333337
north_lanarkshire_2012_ward12,6,0.6140287858794895,0.526724505734522,0.5277777777777778,0.4666666666666667
inverclyde_2017_ward3,6,0.6477075457052737,0.5114846116904224,0.5555555555555555,0.44999999999999996
eilean_siar_2012_ward9,6,0.6090963775596122,0.6216539860202634,0.6388888888888888,0.5166666666666666
sc_borders_2022_ward1,6,0.6043594256815524,0.8158284133975137,0.47222222222222215,0.41666666666666663
east_dunbartonshire_2022_ward5,6,0.4715396968611133,0.573436227270118,0.3611111111111111,0.3666666666666667
north_lanarkshire_2022_ward10,6,0.49591270372896273,0.5436240701714039,0.4444444444444444,0.43333333333333346
east_ayrshire_2022_ward8,6,0.5271989432670604,0.7029169771720836,0.6944444444444443,0.41666666666666674
edinburgh_2022_ward14,6,0.6527263624148171,1.0,0.6388888888888888,0.3999999999999999
fife_2022_ward18,6,0.5818642030680878,0.8252261037695241,0.6805555555555555,0.43333333333333324
south_lanarkshire_2012_ward2,6,0.714509927899577,0.714509927899577,0.4166666666666667,0.3999999999999999
moray_2022_ward7,6,0.5538567825490363,0.674780467045963,0.4444444444444444,0.43333333333333335
east_lothian_2017_ward6,6,0.6899527473551165,0.884478827438861,0.49999999999999994,0.5666666666666667
angus_2012_ward8,6,0.6024217135048614,0.7396548837185599,0.6944444444444443,0.45000000000000007
aberdeenshire_2012_ward14,6,0.7298016219197082,0.6863812003880626,0.8055555555555557,0.55
stirling_2017_ward5,6,0.7236272331522047,0.6870409663327797,0.6388888888888888,0.4833333333333334
edinburgh_2017_ward11,6,0.5085982065819039,0.5183507735526287,0.7916666666666666,0.4833333333333333
east_ayrshire_2012_ward3,6,0.5961972964416173,0.7407757793130458,0.5833333333333334,0.55
inverclyde_2022_ward2,6,0.5079906442426686,0.5079906442426686,0.7222222222222222,0.6833333333333333
sc_borders_2022_ward4,6,0.5312695820904526,0.7459391084931797,0.5,0.4
stirling_2012_ward1,6,0.6303189894944354,0.6173455456409438,0.4166666666666666,0.6333333333333333
aberdeenshire_2017_ward11,6,0.6098568159462885,0.6108402572525964,0.5833333333333334,0.44999999999999996
dundee_2012_ward8,6,0.7646062929129414,0.7402104852122005,0.5833333333333334,0.5166666666666666
eilean_siar_2017_ward5,6,0.5086195521072734,0.5531061500860979,0.47222222222222227,0.6333333333333333
highland_2022_wick_and_east_caithness,6,0.5960292040833872,0.5960292040833872,0.75,0.4666666666666667
east_ayrshire_2022_ward9,6,0.6184809941311253,0.5519369753261797,0.3888888888888889,0.45000000000000007
argyll_bute_2017_ward2,6,0.6201530029604259,0.6223572935391232,0.611111111111111,0.6000000000000001
aberdeenshire_2017_ward14,6,0.5773486024192097,0.6235460279286791,0.6944444444444443,0.4833333333333333
falkirk_2017_ward1,6,0.6387122306462821,0.7023051057205335,0.7222222222222222,0.3833333333333334
stirling_2012_ward6,6,0.5369694603679486,0.5369694603679486,0.5833333333333334,0.5166666666666666
highland_2012_ward5,7,0.6210274219941548,0.458809470631066,0.40476190476190477,0.36190476190476184
edinburgh_2022_ward9,7,0.44292922658631173,0.44292922658631173,0.5238095238095238,0.4476190476190477
aberdeenshire_2017_ward18,7,0.6356456954019415,0.6521778594245832,0.6071428571428571,0.4666666666666667
clackmannanshire_2017_ward4,7,0.6315918479942993,0.7253331871019149,0.4761904761904762,0.6095238095238096
angus_2017_ward8,7,0.6467270881161368,0.7217455002777587,0.5357142857142857,0.4095238095238096
aberdeenshire_2022_ward3,7,0.5383330911010419,0.5383330911010419,0.7261904761904762,0.4666666666666667
south_lanarkshire_2017_ward12,7,0.5936624278376351,0.6997854572634082,0.42857142857142855,0.4666666666666667
angus_2012_ward3,7,0.5558120699998655,0.6239436414899486,0.4523809523809524,0.6000000000000001
aberdeen_2022_ward5,7,0.5266975977530935,0.6783849231144424,0.26190476190476186,0.4666666666666667
aberdeen_2017_ward3,7,0.5449002309098999,1.0,0.42857142857142855,0.5333333333333334
falkirk_2022_ward4,7,0.5955280567600464,0.7061207334775421,0.5714285714285714,0.4571428571428572
clackmannanshire_2022_ward4,7,0.5295885798409962,0.6538138052993548,0.5238095238095238,0.6190476190476191
west_lothian_2017_ward6,7,0.5348547102862687,0.5348547102862687,0.3095238095238095,0.49523809523809526
eilean_siar_2012_ward6,7,0.36389818526686935,0.5558847819852909,0.5,0.47619047619047616
north_lanarkshire_2017_ward17,7,0.7162343044808384,0.6223667122692482,0.35714285714285715,0.48571428571428565
falkirk_2022_ward8,7,0.5189530725992972,0.5189530725992972,0.23809523809523808,0.4095238095238095
highland_2022_inverness_south,7,0.5344652145879201,0.6398036264317434,0.5714285714285714,0.4380952380952381
dumgal_2017_ward5,7,0.6063108037072122,0.6851242823052353,0.3333333333333333,0.5619047619047619
midlothian_2022_ward4,7,0.5155032019281492,0.6635142695332499,0.4047619047619047,0.47619047619047616
falkirk_2012_ward7,7,0.6076675099159268,0.6823572873604159,0.4761904761904762,0.5238095238095237
north_lanarkshire_2022_ward13,7,0.5889157125080122,0.6033970220363094,0.5595238095238095,0.4285714285714286
south_lanarkshire_2022_ward18,7,0.5887730949814268,0.6052790513392741,0.6666666666666666,0.580952380952381
perth_kinross_2012_ward4,7,0.5720676785431625,0.6082387284917182,0.3095238095238095,0.580952380952381
dundee_2017_ward1,7,0.5513504778775583,0.6604001112756377,0.39285714285714285,0.580952380952381
aberdeenshire_2012_ward19,7,0.6595158482777154,0.9042632058028726,0.5357142857142857,0.49523809523809526
edinburgh_2022_ward10,7,0.39740868085632014,0.39740868085632014,0.7142857142857143,0.4666666666666667
argyll_bute_2012_ward9,7,0.7334115016531028,1.0,0.3571428571428571,0.5333333333333333
east_lothian_2012_ward4,7,0.5391715740308886,0.5965765784907845,0.5714285714285714,0.4380952380952381
south_lanarkshire_2017_ward18,7,0.6161581107614803,0.6164128190022574,0.5714285714285714,0.49523809523809526
fife_2012_ward4,7,0.5685366696276012,0.6542875020592877,0.511904761904762,0.4666666666666667
highland_2017_ward4,7,0.5102813823930805,1.0,0.4047619047619047,0.4285714285714286
south_lanarkshire_2022_ward10,7,0.6538532596446588,0.7058365551619956,0.4523809523809524,0.4571428571428572
aberdeenshire_2022_ward13,7,0.452743962901195,0.4685978519789069,0.6666666666666666,0.4571428571428572
perth_kinross_2022_ward2,7,0.6621207326488268,0.7031654229619478,0.6309523809523808,0.6190476190476191
highland_2012_ward2,7,0.7679925782352645,0.5974190398578499,0.3333333333333333,0.47619047619047616
south_lanarkshire_2012_ward12,7,0.46115793644520175,0.44545639065468734,0.49999999999999994,0.5333333333333333
west_dunbartonshire_2012_ward2,7,0.6184710134685174,0.5326934189266099,0.619047619047619,0.4476190476190476
midlothian_2012_ward5,7,0.5242016600711973,0.5242016600711973,0.47619047619047616,0.5714285714285714
aberdeen_2022_ward8,7,0.5693741812508142,0.606664109632824,0.4642857142857143,0.4285714285714286
dumgal_2022_ward12,7,0.6513064387087151,0.6513064387087151,0.2857142857142857,0.5428571428571428
north_ayrshire_2017_ward5,7,0.7964251524249624,0.7687298212905272,0.4523809523809524,0.5047619047619047
renfrewshire_2012_ward11,7,0.50813848658276,0.50813848658276,0.5595238095238095,0.4571428571428571
highland_2017_ward13,7,0.5561734012433568,0.5602592541030172,0.5,0.5428571428571428
aberdeenshire_2022_ward14,7,0.5636330622779449,0.5266369262085658,0.511904761904762,0.49523809523809514
clackmannanshire_2022_ward3,7,0.6431236049340004,0.6431236049340004,0.5,0.6
north_lanarkshire_2017_ward6,7,0.6372121099670317,0.5733473166460401,0.49999999999999994,0.3047619047619048
aberdeenshire_2012_ward8,7,0.6129504147471793,0.7211365645115162,0.4880952380952381,0.5428571428571428
north_ayrshire_2017_ward9,7,0.4980911981654069,0.7269582213082412,0.4047619047619047,0.47619047619047616
sc_borders_2017_ward5,7,0.787486610877576,0.7300674974330853,0.4047619047619047,0.5523809523809523
north_lanarkshire_2017_ward21,7,0.6988033912251829,0.6914142216375159,0.4880952380952381,0.5047619047619047
highland_2017_ward11,7,0.43494348995301507,0.43494348995301507,0.38095238095238093,0.37142857142857155
sc_borders_2017_ward9,7,0.5216800908830537,0.5216800908830537,0.5,0.37142857142857133
highland_2012_ward21,7,0.609509004873936,0.5596551414238605,0.6904761904761905,0.4571428571428571
south_lanarkshire_2022_ward5,7,0.6949597263757725,0.5501150295178897,0.42857142857142855,0.4571428571428572
shetland_2012_ward7,7,0.5000000000000001,0.5000000000000001,0.5595238095238095,0.49523809523809537
east_dunbartonshire_2012_ward8,7,0.46872536183290764,0.4566876618072731,0.47619047619047616,0.5904761904761904
edinburgh_2017_ward17,7,0.7057645194754842,0.8003191814244172,0.5714285714285714,0.4190476190476191
highland_2022_dingwall,7,0.6132327519100929,0.7263159765710663,0.4880952380952381,0.5333333333333334
north_ayrshire_2022_ardrossan,7,0.518252530188148,0.5600667714936182,0.35714285714285715,0.47619047619047616
inverclyde_2012_ward5,7,0.49104861026375074,0.4728276645424287,0.38095238095238093,0.4285714285714286
angus_2017_ward5,7,0.5748880770416381,0.6588630876274371,0.5,0.4285714285714286
north_lanarkshire_2012_ward5,7,0.5732965294285681,0.5876854961509727,0.7023809523809524,0.4476190476190476
shetland_2012_ward2,7,0.5380746721931544,0.4349079436762325,0.3095238095238095,0.4380952380952381
eilean_siar_2012_ward4,7,0.5449882589042876,0.5449882589042876,0.5238095238095237,0.47619047619047616
fife_2012_ward3,7,0.6990874093362904,0.7508173701151412,0.5357142857142857,0.3142857142857143
dundee_2012_ward3,7,0.48625471438585566,0.5993506157376548,0.6428571428571429,0.36190476190476184
north_ayrshire_2022_irvine_south,7,0.5416622754767755,0.759111967703051,0.38095238095238093,0.5047619047619047
aberdeen_2012_ward9,7,0.4629605883890156,0.6982518595147338,0.35714285714285715,0.49523809523809514
renfrewshire_2022_ward7,7,0.632469277908361,0.5629343825114933,0.5357142857142857,0.6
west_lothian_2012_ward4,7,0.5131739248859521,0.5131739248859521,0.5357142857142857,0.5047619047619047
fife_2022_ward11,7,0.5555180015629902,0.5488728433826607,0.3333333333333333,0.5619047619047619
north_lanarkshire_2022_ward15,7,0.5614867152758812,0.5324300665346092,0.5357142857142857,0.47619047619047616
south_ayrshire_2022_ward8,7,0.46413786185073097,0.5962629828132451,0.35714285714285715,0.4380952380952381
stirling_2017_ward7,7,0.6021534112211806,0.6021534112211806,0.5476190476190476,0.47619047619047616
renfrewshire_2017_ward10,7,0.6580500846055601,0.6580500846055601,0.5833333333333333,0.4285714285714286
east_lothian_2017_ward5,7,0.7012722574994785,0.6997552531367074,0.5833333333333333,0.33333333333333337
south_ayrshire_2012_ward4,7,0.679418720999793,0.7234067818396097,0.5833333333333333,0.4571428571428571
highland_2012_ward15,7,0.6196085458445638,0.5142314216173755,0.6071428571428571,0.5047619047619047
highland_2017_ward16,7,0.5662676056846223,0.6227160458380492,0.4285714285714285,0.4476190476190476
west_dunbartonshire_2017_ward3,7,0.670996749717779,0.670996749717779,0.5833333333333333,0.5238095238095238
sc_borders_2022_ward11,7,0.5264779470824172,0.4324878642621309,0.4523809523809524,0.5047619047619047
dumgal_2017_ward6,7,0.654011254881683,0.654011254881683,0.5238095238095238,0.5047619047619047
fife_2017_ward19,7,0.6335522333179583,0.6680076761486796,0.5238095238095238,0.6761904761904762
east_renfrewshire_2012_ward5,7,0.5674891423182965,0.5250120606360089,0.4047619047619047,0.5428571428571428
argyll_bute_2022_ward9,7,0.640920016121186,0.640920016121186,0.42857142857142855,0.5047619047619047
falkirk_2022_ward6,7,0.5909673957018191,0.6208164095988716,0.6071428571428571,0.4
sc_borders_2022_ward5,7,0.41023582851926327,0.7997754539942326,0.5,0.5428571428571429
dundee_2022_ward7,7,0.49234498020202233,0.49234498020202233,0.38095238095238093,0.5619047619047619
south_ayrshire_2012_ward5,7,0.6570438857116054,0.5237506855353488,0.48809523809523814,0.4476190476190477
renfrewshire_2017_ward5,7,0.6471604828460783,0.6279601844016596,0.4523809523809524,0.47619047619047616
east_ayrshire_2022_ward3,7,0.5405470305286582,0.5110306071907258,0.6071428571428571,0.48571428571428577
dumgal_2017_ward10,7,0.6945693557721012,0.5215916464158091,0.5238095238095238,0.5142857142857142
perth_kinross_2012_ward11,7,0.5424922365592655,0.5835957869975916,0.5595238095238095,0.4666666666666667
sc_borders_2012_ward11,7,0.4234769611220737,0.404555040971703,0.38095238095238093,0.5523809523809524
perth_kinross_2017_ward5,7,0.6426399429588131,0.6626290222892903,0.49999999999999994,0.49523809523809514
edinburgh_2012_ward10,7,0.4762516898066632,0.5454443181191043,0.511904761904762,0.5238095238095238
argyll_bute_2022_ward6,7,0.7373108890125938,0.5736021617741922,0.2857142857142857,0.4571428571428572
perth_kinross_2017_ward2,7,0.6451823982283084,0.6916567992584103,0.5238095238095238,0.5523809523809524
inverclyde_2022_ward5,7,0.5315224382747975,0.4978663609897918,0.3095238095238095,0.5238095238095238
north_lanarkshire_2017_ward13,7,0.599510814805149,0.6917136448102191,0.511904761904762,0.4095238095238096
dumgal_2022_ward11,7,0.5922721581869766,0.571173091956867,0.5833333333333333,0.37142857142857155
glasgow_2022_ward20,7,0.5416681038076171,0.6404836728953466,0.619047619047619,0.4285714285714286
clackmannanshire_2012_ward1,7,0.5462599813868428,0.5462599813868428,0.5595238095238095,0.5238095238095237
highland_2017_ward8,7,0.6190194484700559,1.0,0.7142857142857143,0.4
south_lanarkshire_2022_ward11,7,0.44973069811082844,0.49861096658917464,0.4523809523809524,0.4285714285714286
north_ayrshire_2017_ward7,7,0.6665501928283073,0.725102820299743,0.619047619047619,0.48571428571428565
dumgal_2022_ward1,7,0.4815168889640059,0.4815168889640059,0.6309523809523808,0.39047619047619053
aberdeen_2017_ward1,7,0.7388463980553543,0.7274436035534056,0.5714285714285714,0.5428571428571428
midlothian_2017_ward6,7,0.6319308567885318,0.7218734497270899,0.4285714285714285,0.5047619047619047
dundee_2017_ward5,7,0.5550749889293126,0.634816544883963,0.5714285714285714,0.5428571428571429
midlothian_2017_ward2,7,0.5848912235903672,0.7488568543926403,0.42857142857142855,0.49523809523809526
dumgal_2012_ward5,7,0.633574823081007,0.6156221651301214,0.4285714285714285,0.49523809523809526
highland_2022_culloden,7,0.5655211491248975,0.6072955175250114,0.42857142857142855,0.5238095238095237
stirling_2022_ward5,7,0.5951396355120503,0.5586740597239699,0.5476190476190476,0.6190476190476191
fife_2017_ward17,7,0.5498904486649364,0.5498904486649364,0.38095238095238093,0.4476190476190476
north_lanarkshire_2022_ward5,7,0.5942097961111342,0.5942097961111342,0.21428571428571427,0.47619047619047616
west_lothian_2022_ward9,7,0.41141032585761333,0.47161975305062814,0.42857142857142855,0.4380952380952381
east_lothian_2012_ward1,7,0.5669991549370335,0.6932036899805751,0.4285714285714285,0.48571428571428565
glasgow_2017_ward23,7,0.548741900716671,0.879710117513304,0.5833333333333333,0.5142857142857142
dundee_2022_ward6,7,0.5249762772705391,0.5000840089442806,0.3095238095238095,0.638095238095238
perth_kinross_2012_ward2,7,0.6076205975834915,0.6297175586484702,0.6666666666666666,0.5047619047619047
orkney_2017_ward4,7,0.42658945705068174,0.4262326540708659,0.5238095238095238,0.5809523809523809
west_lothian_2017_ward7,7,0.6119274764927221,0.622760876057639,0.5714285714285714,0.5238095238095237
stirling_2017_ward1,7,0.5992371767451385,0.6578140706779818,0.42857142857142855,0.5142857142857142
highland_2022_inverness_ness_side,7,0.37951691655499065,0.9011220512449527,0.47619047619047616,0.49523809523809526
fife_2012_ward16,7,0.5036279910284605,0.5036279910284605,0.38095238095238093,0.48571428571428565
renfrewshire_2022_ward5,7,0.5238810904220692,0.6213826754312026,0.5952380952380952,0.4095238095238095
eilean_siar_2022_ward10,7,0.7479901446002643,0.5566522325369476,0.5357142857142857,0.6095238095238096
north_lanarkshire_2012_ward7,7,0.576800408929849,0.5737645887359183,0.619047619047619,0.48571428571428565
west_lothian_2022_ward7,7,0.5717804156192311,0.5717804156192311,0.42857142857142855,0.4666666666666667
east_renfrewshire_2022_ward3,7,0.5848360455056665,0.6766422646364919,0.23809523809523808,0.4476190476190476
aberdeenshire_2022_ward9,7,0.5951399883079731,0.6663988362110085,0.5833333333333333,0.39047619047619053
stirling_2012_ward7,7,0.4908269259514305,0.5899161876305368,0.3095238095238095,0.4285714285714286
aberdeenshire_2017_ward8,7,0.685548505580646,0.6013923436641665,0.6071428571428571,0.6285714285714286
aberdeen_2012_ward4,7,0.4596689289305183,0.4596689289305183,0.4761904761904762,0.5238095238095238
glasgow_2022_ward22,7,0.5290517227137905,0.49790277474193784,0.5,0.5142857142857142
moray_2017_ward8,7,0.5457688603044327,0.6087829026789495,0.5833333333333333,0.580952380952381
edinburgh_2017_ward16,7,0.7330205177699749,0.7075685910726247,0.5238095238095238,0.39047619047619053
aberdeenshire_2012_ward17,7,0.5423140343501867,0.720643371047354,0.4880952380952381,0.5523809523809524
aberdeen_2022_ward9,7,0.5911976920132397,0.6344074489225983,0.5714285714285714,0.5904761904761905
west_dunbartonshire_2017_ward5,7,0.5261286965861318,0.5460906535345499,0.6071428571428571,0.638095238095238
falkirk_2017_ward9,7,0.652731794103912,0.8286431395858453,0.42857142857142855,0.580952380952381
dumgal_2012_ward12,7,0.799736620803883,0.7802322930115939,0.5595238095238095,0.39047619047619053
north_ayrshire_2017_ward3,7,0.545740737248246,0.545740737248246,0.4642857142857143,0.5333333333333333
stirling_2017_ward2,7,0.6730039002615394,0.6730039002615394,0.42857142857142855,0.5047619047619047
south_lanarkshire_2022_ward1,7,0.6106734256538358,0.6106734256538358,0.5476190476190477,0.5238095238095238
sc_borders_2012_ward10,7,0.4867723281110681,0.6779050950576119,0.619047619047619,0.4190476190476191
edinburgh_2012_ward1,7,0.6050564340056418,0.592900642126175,0.2857142857142857,0.6190476190476191
south_lanarkshire_2012_ward17,7,0.6047950752299133,0.5966104236875868,0.4285714285714285,0.48571428571428565
renfrewshire_2012_ward3,7,0.5227924003771434,0.5897194147915276,0.6666666666666667,0.4190476190476191
west_dunbartonshire_2012_ward4,7,0.40922779505121465,0.4576833810012977,0.4285714285714285,0.5714285714285715
highland_2017_ward9,7,0.6051388943804418,0.6051388943804418,0.45238095238095244,0.4380952380952381
edinburgh_2022_ward6,7,0.37767286814308754,0.894291379869521,0.5952380952380951,0.5238095238095237
clackmannanshire_2022_ward1,7,0.6084206178866525,0.6175530432188547,0.5833333333333334,0.6000000000000001
inverclyde_2012_ward3,7,0.5520692378282048,0.596173157810309,0.6547619047619048,0.4476190476190476
south_lanarkshire_2022_ward8,7,0.6164581656944326,0.5562546602037393,0.2857142857142857,0.5238095238095237
fife_2012_ward6,7,0.703711561379424,0.7463288862103339,0.5357142857142857,0.5428571428571427
argyll_bute_2017_ward8,7,0.7941840440254129,0.585717849575804,0.5476190476190476,0.4476190476190476
sc_borders_2017_ward7,7,0.5844768215510494,0.7853874732546808,0.26190476190476186,0.4476190476190476
argyll_bute_2017_ward9,7,0.6569744399319203,0.7038878719440054,0.49999999999999994,0.4666666666666667
north_ayrshire_2017_ward1,7,0.5373217052314516,0.5373217052314516,0.5238095238095238,0.4476190476190477
east_dunbartonshire_2017_ward7,7,0.6824306612356853,0.6411259599852074,0.23809523809523808,0.5523809523809523
south_lanarkshire_2012_ward18,7,0.51432841216695,0.5429525230124933,0.5714285714285714,0.47619047619047616
fife_2017_ward2,7,0.7071430980039434,0.7631508790536753,0.38095238095238093,0.5047619047619047
south_lanarkshire_2017_ward7,7,0.5889989948142889,0.5697912618934294,0.38095238095238093,0.6095238095238096
renfrewshire_2012_ward6,7,0.5718725665515029,0.5968206879597615,0.5714285714285714,0.5523809523809524
orkney_2017_ward2,7,0.5425828844520889,0.5134227082008503,0.5238095238095238,0.5333333333333333
falkirk_2022_ward3,7,0.5454697777589818,0.7895518623346394,0.5238095238095238,0.49523809523809514
fife_2022_ward16,7,0.44932111485051546,0.40748584268855215,0.4285714285714285,0.5142857142857143
fife_2017_ward4,7,0.6541368706755202,0.8155350269835311,0.5238095238095238,0.4285714285714286
perth_kinross_2022_ward11,7,0.6027853320243732,0.47095548604598514,0.5,0.5333333333333332
inverclyde_2012_ward6,7,0.5913359062035484,0.5913359062035484,0.47619047619047616,0.49523809523809526
sc_borders_2022_ward8,7,0.41906608650057,0.6237600470559418,0.4523809523809524,0.4571428571428571
aberdeen_2022_ward10,7,0.553578601233947,0.6500891101549204,0.4761904761904762,0.4095238095238096
sc_borders_2012_ward9,7,0.6117954231814153,0.810685460598477,0.45238095238095244,0.5238095238095237
west_dunbartonshire_2022_ward6,7,0.5236101955568346,0.5551803503655512,0.5357142857142857,0.39047619047619053
fife_2012_ward13,7,0.5090811155519355,0.5135382475941399,0.619047619047619,0.5619047619047619
dundee_2012_ward7,7,0.47069590577530496,0.4909709293814787,0.4047619047619047,0.419047619047619
inverclyde_2017_ward5,7,0.36570856512043665,0.6457528323050054,0.4523809523809524,0.4476190476190476
renfrewshire_2017_ward8,7,0.6205767407685393,0.6373394094196195,0.6547619047619048,0.3047619047619047
north_lanarkshire_2012_ward17,7,0.4224911805979818,0.4224911805979818,0.48809523809523814,0.47619047619047616
midlothian_2017_ward3,7,0.619071923884191,0.621846252784287,0.4285714285714285,0.5142857142857142
sc_borders_2012_ward7,7,0.5152869729864128,0.5525647650119353,0.21428571428571427,0.5619047619047619
edinburgh_2012_ward13,7,0.5384205390971891,0.5212635805231436,0.42857142857142855,0.4
fife_2012_ward11,7,0.43231147504329087,0.48630037284814365,0.3333333333333333,0.4571428571428572
dundee_2012_ward5,7,0.48126507398092283,0.5153931396899842,0.4047619047619047,0.7142857142857143
renfrewshire_2012_ward9,7,0.4375508293405011,0.4375508293405011,0.5595238095238095,0.5714285714285714
argyll_bute_2012_ward1,7,0.5128905630554724,0.5343461346466305,0.3571428571428571,0.4476190476190476
fife_2017_ward8,7,0.5646799145025988,0.6028091495539516,0.619047619047619,0.49523809523809526
aberdeen_2022_ward3,7,0.5947701810126131,0.44030247403999667,0.4523809523809524,0.6000000000000001
dumgal_2022_ward9,7,0.6821214155820807,0.7859560297503315,0.5952380952380951,0.5047619047619047
east_ayrshire_2017_ward4,7,0.5587910732972136,0.6907309054184854,0.5238095238095238,0.4190476190476191
glasgow_2017_ward2,7,0.6562125070516248,0.6510666543836485,0.619047619047619,0.5333333333333333
clackmannanshire_2022_ward5,7,0.6690556904312884,1.0,0.4285714285714285,0.580952380952381
north_ayrshire_2022_irvine_east,7,0.5570069082081534,0.6935142248198372,0.35714285714285715,0.49523809523809514
stirling_2017_ward3,7,0.7201002465806166,0.7253482084327215,0.5476190476190476,0.6095238095238096
aberdeenshire_2017_ward17,7,0.6538862008464553,0.5976927796147947,0.4404761904761905,0.49523809523809514
shetland_2012_ward3,7,0.4659359752351169,0.767351178724337,0.3333333333333333,0.48571428571428565
fife_2012_ward17,7,0.6664734551908675,0.7252531445190947,0.3095238095238095,0.5142857142857142
edinburgh_2017_ward6,7,0.3945598582151519,0.44086684898528455,0.3095238095238095,0.4476190476190477
aberdeen_2012_ward7,7,0.5824190906594884,0.5824190906594884,0.38095238095238093,0.5523809523809524
east_dunbartonshire_2017_ward4,7,0.6787770442434131,0.689189723282218,0.5238095238095238,0.5047619047619047
stirling_2022_ward4,7,0.5791708220103844,0.6867756753521203,0.6547619047619048,0.39047619047619053
north_lanarkshire_2017_ward15,7,0.515669400690841,0.515669400690841,0.5833333333333333,0.4190476190476191
argyll_bute_2022_ward10,7,0.5338544769747676,0.5935179645458978,0.4642857142857143,0.5428571428571428
stirling_2017_ward6,7,0.6223799673451026,0.6223799673451026,0.4761904761904762,0.5238095238095237
shetland_2022_ward6,7,0.5956964812054958,0.6569063660716186,0.7023809523809524,0.47619047619047616
highland_2012_ward11,7,0.7927711765227684,0.49973243772176973,0.6071428571428571,0.5714285714285714
fife_2017_ward10,7,0.5672030110389902,0.5372409633932208,0.42857142857142855,0.5142857142857142
angus_2017_ward2,7,0.5621512650250706,0.7383833236987735,0.47619047619047616,0.4476190476190476
sc_borders_2022_ward6,7,0.5848055825150275,0.7053282705865477,0.2857142857142857,0.5714285714285714
angus_2022_ward5,7,0.5185751795989335,0.5637814647751512,0.47619047619047616,0.4571428571428572
fife_2017_ward6,7,0.6892840096760549,0.676774852085652,0.6666666666666666,0.5238095238095238
highland_2017_ward21,7,0.5084137830668995,0.5084137830668995,0.5595238095238095,0.49523809523809526
edinburgh_2017_ward2,7,0.6877952163580552,0.7462066820067147,0.5714285714285714,0.5523809523809524
highland_2022_northwest_and_central_sutherland,7,0.4944558610010066,0.5426302412028919,0.4523809523809523,0.5619047619047619
edinburgh_2012_ward5,7,0.7139530443735612,0.863140348162755,0.6547619047619048,0.4666666666666667
argyll_bute_2017_ward3,7,0.6261954936987822,0.5029838980929215,0.33333333333333337,0.5142857142857142
south_lanarkshire_2012_ward19,7,0.5324064376826972,0.6065885965467273,0.6428571428571429,0.49523809523809526
fife_2017_ward16,7,0.4936215841833001,0.49769532838963326,0.35714285714285715,0.5047619047619047
angus_2012_ward5,7,0.5339792301112979,0.5849286663757154,0.3333333333333333,0.5523809523809524
orkney_2012_ward5,7,0.41986604599869415,0.5589420548058402,0.38095238095238093,0.5333333333333333
south_lanarkshire_2017_ward9,7,0.544006789151883,0.6126565274091225,0.5,0.34285714285714275
angus_2022_ward1,7,0.6448959602874244,0.6448959602874244,0.23809523809523808,0.48571428571428577
inverclyde_2017_ward6,7,0.6695457278197,0.6695457278197,0.4285714285714285,0.49523809523809514
north_ayrshire_2012_ward6,7,0.4892486902473597,0.5859374519507369,0.4285714285714285,0.5333333333333333
edinburgh_2022_ward8,7,0.519142479116328,0.5836752037002046,0.5,0.5047619047619047
fife_2017_ward7,7,0.5515085675588458,0.6495067138638309,0.6071428571428571,0.5142857142857142
aberdeen_2012_ward13,7,0.5668738367476535,0.5750517798073383,0.5238095238095238,0.6190476190476191
renfrewshire_2017_ward7,7,0.6715992323505684,0.6893467228405213,0.5238095238095238,0.4285714285714286
glasgow_2017_ward22,7,0.5389468734696204,0.5741428014145388,0.3095238095238095,0.48571428571428565
north_lanarkshire_2022_ward1,7,0.44422038259425367,1.0,0.35714285714285715,0.4380952380952381
sc_borders_2022_ward9,7,0.5220733761355116,0.6562306153907644,0.45238095238095244,0.4
west_dunbartonshire_2017_ward1,7,0.6848704876190402,0.682955295496262,0.33333333333333337,0.5142857142857142
west_dunbartonshire_2012_ward5,7,0.46359029111773387,0.46359029111773387,0.6309523809523808,0.5238095238095237
eilean_siar_2012_ward5,7,0.7979035478099646,0.7836531040612146,0.38095238095238093,0.6000000000000001
south_lanarkshire_2017_ward19,7,0.6217082555278132,0.6651358013078262,0.4523809523809524,0.5142857142857142
renfrewshire_2017_ward2,7,0.5369364189777533,0.5777412189271424,0.5714285714285714,0.4285714285714286
north_ayrshire_2017_ward10,7,0.564636251301582,0.7409085313379323,0.5476190476190477,0.4380952380952381
moray_2012_ward5,7,0.6391415492392368,0.6391415492392368,0.511904761904762,0.5904761904761906
glasgow_2017_ward12,7,0.67565262814131,0.7184538560238174,0.5476190476190477,0.4380952380952381
shetland_2012_ward6,7,0.34295520284505204,0.3657935569099796,0.5238095238095238,0.5333333333333333
inverclyde_2017_ward4,7,0.6914609393517266,0.7335209804343301,0.5357142857142857,0.48571428571428565
north_lanarkshire_2022_ward20,7,0.6080943236272415,0.807992410476973,0.5714285714285714,0.49523809523809526
south_lanarkshire_2017_ward2,7,0.5945068816552664,0.6720729845662227,0.5476190476190476,0.5047619047619047
north_lanarkshire_2022_ward11,7,0.5022975753262617,0.5471075428883644,0.5238095238095238,0.5333333333333333
highland_2012_ward6,7,0.5408551414326164,0.5408551414326164,0.5714285714285714,0.5904761904761905
east_dunbartonshire_2022_ward3,7,0.5349493465318642,0.6679953846341239,0.3095238095238095,0.5142857142857142
west_lothian_2017_ward1,7,0.5643632866099635,0.45259471062360407,0.2857142857142857,0.5904761904761905
renfrewshire_2012_ward1,7,0.5035941497064356,0.5226774672344533,0.4047619047619047,0.5047619047619047
highland_2012_ward16,7,0.5378459377353463,0.6570659071927536,0.6666666666666666,0.4571428571428572
east_lothian_2022_ward6,7,0.5166938425012689,0.5500690545588476,0.33333333333333337,0.5523809523809524
edinburgh_2012_ward8,7,0.4964356151706801,0.5120536440575542,0.5,0.4666666666666667
east_lothian_2012_ward3,7,0.4515193277065944,0.4515193277065944,0.4642857142857143,0.5142857142857142
edinburgh_2012_ward7,7,0.5562306367135793,0.5603519501257522,0.619047619047619,0.49523809523809514
glasgow_2017_ward15,7,0.591585098325313,0.5659095865719008,0.5238095238095238,0.4190476190476191
south_ayrshire_2017_ward5,7,0.5856824789641848,0.5455389850324891,0.6547619047619048,0.49523809523809526
sc_borders_2022_ward2,7,0.5278021022404065,0.7483226233282539,0.42857142857142855,0.49523809523809526
aberdeenshire_2017_ward13,7,0.47906862499585345,0.6768149164473976,0.6071428571428571,0.4476190476190476
north_lanarkshire_2017_ward1,7,0.47696176263236617,0.7192074306729459,0.49999999999999994,0.6000000000000001
west_dunbartonshire_2012_ward1,7,0.5569005507641432,0.537213689460667,0.5,0.5428571428571429
midlothian_2022_ward1,7,0.5344053891740526,0.49295881130426417,0.3095238095238095,0.48571428571428565
edinburgh_2012_ward2,7,0.6294269956206172,0.6777651014929899,0.38095238095238093,0.48571428571428577
argyll_bute_2022_ward7,7,0.8510370790787058,1.0,0.5238095238095238,0.48571428571428577
east_ayrshire_2017_ward7,7,0.5678353567508096,0.5722817013249444,0.49999999999999994,0.49523809523809514
argyll_bute_2012_ward2,7,0.5136949724531027,0.5136949724531027,0.5714285714285714,0.4571428571428571
highland_2022_aird_and_loch_ness,7,0.5979243493363174,0.7305311083301578,0.5714285714285714,0.4476190476190476
falkirk_2017_ward4,7,0.6037570838119427,0.6037570838119427,0.511904761904762,0.5333333333333333
midlothian_2012_ward2,7,0.5643221261969956,0.6144675474530654,0.3095238095238095,0.5238095238095237
south_lanarkshire_2022_ward15,7,0.5265668474377401,0.49559757155547285,0.4285714285714285,0.4190476190476191
sc_borders_2012_ward3,7,0.6508560222081778,0.6508560222081778,0.5238095238095238,0.4571428571428572
highland_2017_ward12,7,0.6068841337370338,0.6956193856934391,0.5952380952380951,0.49523809523809514
midlothian_2022_ward3,7,0.5474862828095469,0.4779535002728566,0.35714285714285715,0.4571428571428571
west_lothian_2012_ward5,7,0.6474547269001883,0.689857419096136,0.6666666666666666,0.49523809523809514
south_lanarkshire_2022_ward12,7,0.6467389092137067,0.6540632714780005,0.35714285714285715,0.4476190476190476
renfrewshire_2012_ward2,7,0.47528754060132283,0.46736686545189693,0.5476190476190477,0.5904761904761905
dumgal_2022_ward3,7,0.724604940494885,0.724604940494885,0.35714285714285715,0.5523809523809524
perth_kinross_2022_ward10,7,0.6887784809155603,0.5726960700896142,0.5,0.4476190476190477
dumgal_2012_ward11,7,0.6274999090495295,0.6472330596131338,0.619047619047619,0.5142857142857143
midlothian_2012_ward3,7,0.5110395836615789,0.5110395836615789,0.35714285714285715,0.438095238095238
moray_2017_ward5,7,0.5590225445349574,0.6473364237782937,0.619047619047619,0.38095238095238104
orkney_2012_ward3,7,0.3305835118066522,0.4016428041407386,0.5714285714285714,0.5523809523809524
stirling_2017_ward4,8,0.7188500191323162,0.7188500191323162,0.5208333333333334,0.4821428571428571
midlothian_2022_ward6,8,0.49100336742299694,0.6538288405004171,0.3333333333333333,0.5535714285714286
north_lanarkshire_2017_ward4,8,0.4813662719686974,0.4813662719686974,0.5625,0.36309523809523814
east_lothian_2022_ward2,8,0.49172033237823426,0.49172033237823426,0.47916666666666663,0.4940476190476192
edinburgh_2012_ward15,8,0.48407786676333964,0.7779801685365503,0.4895833333333333,0.5059523809523809
east_renfrewshire_2012_ward2,8,0.4676290411240761,0.586097036477688,0.6354166666666666,0.511904761904762
highland_2012_ward4,8,0.5342185208531187,0.5252150640720699,0.40625000000000006,0.5238095238095238
south_lanarkshire_2022_ward14,8,0.5653167944095357,0.5032430251643016,0.45833333333333326,0.5654761904761905
orkney_2017_ward6,8,0.5829561944473333,0.5442617303817954,0.16666666666666666,0.5238095238095238
south_ayrshire_2022_ward1,8,0.6368561241611699,0.6805115390843883,0.5208333333333333,0.4642857142857143
south_lanarkshire_2012_ward6,8,0.519860263775327,0.4440799933914108,0.24999999999999997,0.4642857142857143
glasgow_2012_ward7,8,0.5489782955861252,0.5401735457677682,0.29166666666666663,0.4821428571428572
highland_2017_ward17,8,0.599760889581862,0.6418351903822491,0.49999999999999994,0.6071428571428572
east_ayrshire_2017_ward6,8,0.5637290751114433,0.5487696549858921,0.3333333333333333,0.5535714285714286
west_lothian_2017_ward3,8,0.6095624425861975,0.6115166275944556,0.5104166666666666,0.4761904761904763
highland_2012_ward19,8,0.5504277060173606,0.6253301351610806,0.48958333333333337,0.45833333333333337
clackmannanshire_2012_ward2,8,0.544690735979909,0.544690735979909,0.5208333333333333,0.5238095238095238
sc_borders_2017_ward1,8,0.6657903384636492,0.6670654580676568,0.4583333333333333,0.45833333333333326
sc_borders_2022_ward7,8,0.5742786362898957,0.7374225234503254,0.3333333333333333,0.47619047619047616
highland_2017_ward19,8,0.5684448478551507,0.5684448478551507,0.5104166666666666,0.4107142857142858
north_ayrshire_2012_ward4,8,0.46442541202615106,0.47631108808041456,0.5104166666666666,0.43452380952380953
fife_2012_ward15,8,0.5463866356301305,0.5652877668903236,0.48958333333333337,0.5773809523809523
highland_2012_ward22,8,0.656386250208506,0.8640247971596415,0.53125,0.45238095238095244
south_lanarkshire_2017_ward14,8,0.6141341707564638,0.5123698824654394,0.4375,0.5833333333333333
south_lanarkshire_2022_ward3,8,0.5573026666113682,0.6805000680180877,0.2916666666666667,0.5595238095238095
perth_kinross_2017_ward11,8,0.5635242106394392,0.7018755075323799,0.35416666666666663,0.47023809523809523
highland_2012_ward14,8,0.5376877034579405,0.5682527959125591,0.3541666666666667,0.5416666666666667
aberdeenshire_2017_ward19,8,0.5847084014375725,0.5847084014375725,0.5208333333333333,0.45833333333333326
edinburgh_2017_ward14,8,0.6764010728550675,0.8621027220906902,0.5520833333333334,0.41666666666666674
south_lanarkshire_2017_ward1,8,0.541941712144655,0.5942365865667197,0.5416666666666667,0.45238095238095244
fife_2022_ward6,8,0.5365684596870306,0.6643572807379775,0.3645833333333333,0.5238095238095238
north_lanarkshire_2017_ward11,8,0.6458092344072486,0.6071568777742552,0.5729166666666666,0.5892857142857144
glasgow_2017_ward11,8,0.4640281554998606,0.51985976939202,0.2708333333333333,0.5238095238095237
aberdeenshire_2022_ward5,8,0.5699843430895156,0.6275249966744044,0.7083333333333333,0.45238095238095233
highland_2012_ward7,8,0.5244793995597269,0.7092084985584787,0.5520833333333333,0.5357142857142857
highland_2017_ward14,8,0.5895278986245549,0.63031975489753,0.3333333333333333,0.5238095238095238
eilean_siar_2017_ward1,8,0.5025244740115051,0.5025244740115051,0.5,0.4464285714285715
fife_2022_ward10,8,0.5110251235654382,0.5091767737806263,0.4166666666666667,0.4761904761904763
dundee_2017_ward6,8,0.52348271356685,0.4828532253500072,0.39583333333333337,0.5
south_lanarkshire_2017_ward3,8,0.5910868899237862,0.6528599339242673,0.3958333333333333,0.40476190476190477
falkirk_2012_ward3,8,0.5996679803186901,0.5996679803186901,0.4791666666666667,0.44047619047619047
sc_borders_2017_ward8,8,0.5159000314358654,0.5505412630271412,0.4375,0.45238095238095233
east_dunbartonshire_2017_ward6,8,0.8143795260500383,0.6814485119678686,0.4583333333333333,0.5714285714285714
dundee_2022_ward5,8,0.5112599254316572,0.5091433167028572,0.3958333333333333,0.5238095238095237
aberdeen_2017_ward7,8,0.6638524308735896,0.7498776387620839,0.3541666666666667,0.5535714285714286
aberdeen_2017_ward13,8,0.6735269273869243,0.8079344519018561,0.46875,0.511904761904762
edinburgh_2022_ward13,8,0.4322995253195651,0.5165979434728357,0.6666666666666666,0.44047619047619047
dundee_2012_ward6,8,0.45383221014209985,0.4274241417512138,0.47916666666666663,0.5833333333333334
shetland_2022_ward3,8,0.3472248018349547,0.4932805587680445,0.25,0.625
south_lanarkshire_2012_ward8,8,0.5313270640229119,0.5709446108092221,0.53125,0.48809523809523814
aberdeen_2012_ward10,8,0.5492081325200042,0.49761968634844594,0.5104166666666666,0.4285714285714286
stirling_2022_ward1,8,0.5904480457523194,0.5858894887751431,0.375,0.5
glasgow_2022_ward15,8,0.5260537107420441,0.5509740490209221,0.41666666666666663,0.5238095238095238
orkney_2017_ward1,8,0.3966556840635222,0.45781353158060106,0.46875,0.505952380952381
north_lanarkshire_2012_ward3,8,0.5177371597117424,0.9671515391566023,0.6354166666666666,0.43452380952380953
north_ayrshire_2022_saltcoats_and_stevenston,8,0.5436807397531652,0.5624372652390999,0.6499999999999999,0.4642857142857143
renfrewshire_2017_ward1,8,0.6231256692415801,0.656220591847425,0.5208333333333333,0.47023809523809523
fife_2022_ward17,8,0.6088546779537418,0.6088546779537418,0.22916666666666666,0.4642857142857143
highland_2017_ward1,8,0.6187416349402253,0.6187416349402253,0.41666666666666663,0.5416666666666667
inverclyde_2017_ward7,8,0.6049163021633289,0.6011416424265086,0.3333333333333333,0.5416666666666667
clackmannanshire_2017_ward2,8,0.6955386392488278,0.7142947132222652,0.49999999999999994,0.511904761904762
fife_2022_ward22,8,0.5144083642157705,0.5588843440970758,0.4583333333333333,0.5178571428571428
west_lothian_2012_ward3,8,0.5497845094352739,0.603632501743609,0.4583333333333333,0.5119047619047619
glasgow_2017_ward21,8,0.5920878833424147,0.5532879099737312,0.5625,0.5119047619047619
north_lanarkshire_2012_ward11,8,0.5615192778783369,0.5453927446488447,0.4270833333333333,0.5535714285714286
highland_2022_black_isle,8,0.6645243492590128,0.7129897700748672,0.49999999999999994,0.4642857142857144
argyll_bute_2017_ward11,8,0.47504069635398455,0.6415976411927474,0.22916666666666663,0.4642857142857142
east_dunbartonshire_2022_ward4,8,0.6949304836565544,0.5437514481794116,0.4791666666666667,0.4821428571428572
highland_2017_ward20,8,0.5748556182337282,0.5403637046699422,0.3854166666666667,0.4285714285714286
west_lothian_2017_ward4,8,0.5662626201332392,0.6335136687729975,0.53125,0.4404761904761906
perth_kinross_2017_ward8,8,0.5926943189471404,0.5710476787114107,0.5625,0.5119047619047619
orkney_2012_ward1,8,0.39603887357963513,0.39603887357963513,0.5208333333333333,0.6011904761904763
clackmannanshire_2017_ward1,8,0.6553850044247358,0.6155398861086319,0.625,0.45238095238095233
edinburgh_2022_ward4,8,0.5760854523946282,0.8521684867880948,0.47916666666666663,0.5297619047619048
edinburgh_2012_ward16,8,0.546997363455125,0.6205984899893159,0.4895833333333333,0.48809523809523814
angus_2017_ward3,8,0.5349383871927523,0.678611374358711,0.53125,0.5357142857142858
west_lothian_2012_ward7,8,0.47836870695358535,0.5026813424244942,0.6249999999999999,0.5357142857142857
fife_2022_ward21,8,0.5327184391651343,0.5327184391651343,0.5625,0.4821428571428571
north_lanarkshire_2017_ward9,8,0.6108025483233668,0.6108025483233668,0.53125,0.45238095238095233
aberdeenshire_2022_ward10,8,0.5957195392842868,0.6800624545422976,0.35416666666666663,0.5119047619047619
fife_2022_ward8,8,0.4838427125850568,0.5052120988410491,0.6041666666666666,0.45833333333333326
north_lanarkshire_2017_ward7,8,0.6610054147017539,0.6345736406410555,0.5208333333333333,0.5714285714285714
aberdeenshire_2022_ward1,8,0.5844139653109518,0.6055679054326998,0.3125,0.40476190476190466
aberdeen_2017_ward9,8,0.48546046000500204,0.7474258678722451,0.3541666666666667,0.5178571428571428
perth_kinross_2022_ward4,8,0.6160906304212771,0.5388940773382036,0.41666666666666663,0.5416666666666667
highland_2012_ward13,8,0.5220569074637982,0.46022591034498245,0.40625,0.5297619047619048
highland_2012_ward20,8,0.6129894274618956,0.6129894274618956,0.4375,0.43452380952380953
north_lanarkshire_2017_ward8,8,0.5451184315413551,0.5451184315413551,0.4375,0.5178571428571428
south_lanarkshire_2017_ward15,8,0.5274602267817643,0.5274602267817643,0.3958333333333333,0.4761904761904763
east_renfrewshire_2017_ward1,8,0.4812226440900391,0.4812226440900391,0.41666666666666663,0.4821428571428572
east_renfrewshire_2022_ward1,8,0.48623837236793666,0.6022090208579847,0.40625,0.44047619047619047
fife_2022_ward19,8,0.4741788430809453,0.5784067447151438,0.4583333333333333,0.5357142857142858
aberdeen_2022_ward1,8,0.5655917828558513,0.5655917828558513,0.4583333333333333,0.5476190476190477
east_ayrshire_2012_ward8,8,0.4698903371687429,0.48814404240164316,0.4375,0.47023809523809523
edinburgh_2017_ward5,8,0.7063252357017669,0.5636536748624508,0.48958333333333326,0.47023809523809523
south_lanarkshire_2017_ward13,8,0.6522582379013577,0.7274460717113722,0.22916666666666663,0.4285714285714286
argyll_bute_2022_ward5,8,0.6064719840490237,0.7761528990239949,0.6458333333333333,0.5178571428571428
fife_2022_ward15,8,0.504789882407347,0.48822833575310565,0.5625,0.5416666666666667
north_lanarkshire_2022_ward2,8,0.49959508272109004,0.6005065320863026,0.4895833333333333,0.49404761904761907
fife_2012_ward5,8,0.5134281769717945,0.48706638916092193,0.35416666666666663,0.45238095238095244
north_ayrshire_2012_ward7,8,0.5258139652386156,0.5361777895188587,0.22916666666666666,0.5357142857142857
west_dunbartonshire_2017_ward2,8,0.6346412900679193,0.6155760489296186,0.46875,0.5238095238095238
north_lanarkshire_2012_ward2,8,0.5661717169251945,0.8231121278609937,0.5520833333333333,0.3749999999999999
perth_kinross_2012_ward12,8,0.6934929514576124,0.6451754413610358,0.4479166666666667,0.43452380952380953
glasgow_2012_ward15,8,0.5763629828265907,0.5774837912324993,0.4375,0.49404761904761907
glasgow_2017_ward6,8,0.5216126659257627,0.5216126659257627,0.5208333333333334,0.47023809523809523
fife_2012_ward1,8,0.5466490322857096,0.5466490322857096,0.5208333333333334,0.48809523809523814
dumgal_2012_ward4,8,0.5740493878748149,0.5659637342411749,0.24999999999999997,0.5357142857142858
orkney_2022_ward2,8,0.6487261921792133,0.6761589379272339,0.5729166666666666,0.5476190476190477
renfrewshire_2012_ward4,8,0.528887349204048,0.6471751375699225,0.5104166666666666,0.523809523809524
angus_2022_ward3,8,0.6296201390845719,0.5844245150912801,0.4895833333333333,0.49404761904761907
fife_2017_ward13,8,0.6347258535060872,0.5985542116173461,0.3125,0.5416666666666666
eilean_siar_2017_ward2,8,0.6669646018280918,0.5771049326377472,0.2708333333333333,0.5059523809523809
perth_kinross_2022_ward1,8,0.4790535781720144,0.582040360654041,0.3958333333333333,0.49404761904761907
glasgow_2012_ward6,8,0.7106213405590553,0.528169993714088,0.20833333333333331,0.5833333333333334
north_ayrshire_2017_ward4,8,0.6143079856270915,0.6461116477930443,0.3125,0.5833333333333333
west_lothian_2017_ward5,8,0.6207675028883873,0.6608811554850834,0.28125,0.47023809523809523
south_lanarkshire_2017_ward10,8,0.6054240792048106,0.6070194777917303,0.16666666666666666,0.5773809523809523
east_lothian_2017_ward3,8,0.49244583128433367,0.5104956342507189,0.5625,0.4642857142857143
perth_kinross_2017_ward10,8,0.4871691804361751,0.4871691804361751,0.41666666666666663,0.5833333333333333
renfrewshire_2022_ward9,8,0.6309063555163711,0.6058949741086596,0.4583333333333333,0.5178571428571428
west_dunbartonshire_2012_ward6,8,0.47045357563604145,0.44984613870530143,0.40625,0.4642857142857143
highland_2022_badenoch,8,0.5973669654228358,0.5973669654228358,0.5520833333333333,0.5833333333333335
eilean_siar_2022_ward2,8,0.5838336329022555,0.6021611832383894,0.375,0.5595238095238095
aberdeenshire_2012_ward11,8,0.6396027364722173,0.6396027364722173,0.4895833333333333,0.5
fife_2022_ward12,8,0.5400235898197318,0.4911547071347173,0.3333333333333333,0.6607142857142857
argyll_bute_2017_ward4,8,0.6305360286040051,0.7126023400848835,0.5104166666666667,0.48809523809523814
east_renfrewshire_2022_ward2,8,0.49271949046253705,0.4730639789109568,0.4166666666666667,0.5773809523809523
west_lothian_2022_ward3,8,0.535785574205702,0.535785574205702,0.4583333333333333,0.48809523809523814
edinburgh_2022_ward7,8,0.5356109238293637,0.5180630894506826,0.5520833333333333,0.5357142857142857
edinburgh_2012_ward3,8,0.7141189071916443,0.6315560301638592,0.45833333333333326,0.4464285714285714
edinburgh_2022_ward3,8,0.3569048859912307,0.5197829059273524,0.39583333333333337,0.5714285714285714
aberdeenshire_2012_ward4,8,0.6103091749131093,0.7408430584633902,0.4791666666666667,0.5297619047619048
highland_2012_ward8,8,0.39262874650784274,0.40910649499037377,0.41666666666666663,0.511904761904762
glasgow_2022_ward13,8,0.6136156389135569,0.6550514940489256,0.5729166666666666,0.511904761904762
edinburgh_2017_ward4,8,0.6564216670574295,0.6564216670574295,0.4895833333333333,0.44047619047619047
stirling_2022_ward7,8,0.5464533243092822,0.6001934718385061,0.29166666666666663,0.5297619047619048
fife_2017_ward1,8,0.6053873370402044,0.6987516586708078,0.3958333333333333,0.47619047619047616
renfrewshire_2012_ward5,8,0.5128020461293008,0.5128020461293008,0.4166666666666667,0.5119047619047619
midlothian_2017_ward4,8,0.727773411165205,0.7308050450395867,0.375,0.41666666666666663
glasgow_2007_langside,8,0.6168490934379642,0.6420298363997932,0.3958333333333333,0.4821428571428572
west_lothian_2022_ward6,8,0.554361488138931,0.8190148987918648,0.49999999999999994,0.49404761904761907
stirling_2022_ward6,8,0.6145366132369724,0.6721586896472689,0.35416666666666663,0.44047619047619047
south_lanarkshire_2022_ward9,8,0.48039273295580787,0.5293151147896071,0.43749999999999994,0.5357142857142858
perth_kinross_2022_ward8,8,0.6079635106034946,0.45421389902981824,0.47916666666666663,0.5
south_lanarkshire_2017_ward17,8,0.6334592954989693,0.6304100612217113,0.3333333333333333,0.5297619047619048
moray_2017_ward4,8,0.6151366014419033,0.6136397675577624,0.3541666666666667,0.4642857142857142
fife_2022_ward14,8,0.5587017059995145,0.5938175042602247,0.4895833333333333,0.5952380952380952
stirling_2012_ward2,8,0.6698362131696789,0.6226156732830818,0.4791666666666667,0.5000000000000001
falkirk_2012_ward2,8,0.6625659992931179,0.8700474745428582,0.5833333333333333,0.5357142857142858
perth_kinross_2012_ward10,8,0.633391930530939,0.64588230264365,0.4166666666666667,0.41666666666666674
south_lanarkshire_2017_ward5,8,0.5285333996215059,0.7200897875746802,0.2708333333333333,0.4285714285714286
south_ayrshire_2022_ward3,8,0.506921731792642,0.5706309363325405,0.32291666666666663,0.48809523809523814
fife_2012_ward22,8,0.6163602636920983,0.6677559143821898,0.5,0.5833333333333335
edinburgh_2012_ward14,8,0.5489022883103397,0.6094253524244078,0.35416666666666663,0.5535714285714286
east_lothian_2017_ward2,8,0.5832672012798392,0.5832672012798392,0.4895833333333333,0.5773809523809523
dumgal_2012_ward10,8,0.6348899494629827,0.5615042204589301,0.3854166666666667,0.43452380952380953
sc_borders_2012_ward8,8,0.5836818710239448,0.6383164330380017,0.3958333333333333,0.5357142857142857
angus_2012_ward6,8,0.6664150905856754,0.6605768466544285,0.4583333333333333,0.4285714285714286
west_lothian_2022_ward8,8,0.6062626109099666,0.4651926862875062,0.4895833333333333,0.4642857142857144
north_lanarkshire_2022_ward19,8,0.6233419132074033,0.5047777152069427,0.6041666666666667,0.48809523809523814
sc_borders_2017_ward3,8,0.6572188844463744,0.6752070863945352,0.5416666666666666,0.5059523809523809
south_lanarkshire_2022_ward4,8,0.5398015989661916,0.5398015989661916,0.3125,0.5952380952380952
east_ayrshire_2017_ward1,8,0.5921311974278592,0.706016963097745,0.41666666666666663,0.47023809523809523
east_ayrshire_2017_ward8,8,0.6927669113148822,0.6315505159291913,0.4583333333333333,0.5297619047619048
highland_2012_ward12,8,0.4039992005333378,1.0,0.49999999999999994,0.47023809523809523
falkirk_2022_ward2,8,0.5080169799241552,0.5436255428204073,0.2708333333333333,0.47023809523809523
stirling_2012_ward4,8,0.6181860473838748,0.6386771510120679,0.3333333333333333,0.4642857142857143
aberdeen_2022_ward13,8,0.5027206304427858,0.6802074322066369,0.45833333333333337,0.45833333333333326
north_lanarkshire_2022_ward4,8,0.5111178437187275,0.5759111659557045,0.4791666666666667,0.5059523809523809
glasgow_2022_ward17,8,0.5087206253126585,0.48480536363852983,0.6145833333333334,0.48809523809523814
east_dunbartonshire_2012_ward2,8,0.4361893350778487,0.4420853731895219,0.4166666666666667,0.41666666666666674
dumgal_2017_ward1,8,0.5062820450187984,0.7104573598994653,0.6354166666666666,0.4821428571428572
aberdeen_2017_ward4,8,0.5165694751342929,0.5825706409081255,0.49999999999999994,0.5357142857142857
north_lanarkshire_2022_ward8,8,0.5176834440426017,0.5176834440426017,0.42708333333333326,0.5654761904761906
aberdeenshire_2012_ward2,8,0.5556114977720961,0.5556114977720961,0.4583333333333333,0.5357142857142857
north_ayrshire_2017_ward6,8,0.788890999093479,0.7141952654551605,0.25,0.44047619047619047
highland_2022_nairn,8,0.4431482107650993,0.8060352610226965,0.45833333333333337,0.47023809523809523
south_ayrshire_2022_ward2,8,0.5780324020136809,0.5780324020136809,0.4270833333333333,0.5357142857142857
south_lanarkshire_2017_ward8,8,0.5490261101256152,0.6230430532392184,0.4791666666666667,0.45238095238095244
aberdeenshire_2022_ward18,8,0.6164724179704181,0.6307025470018489,0.5729166666666666,0.523809523809524
north_lanarkshire_2017_ward12,8,0.6648623622496974,0.7791565645428878,0.4166666666666667,0.47023809523809523
perth_kinross_2017_ward12,8,0.6151419203332117,0.5548502798190388,0.5625,0.5059523809523809
glasgow_2007_maryhill,8,0.6062885739721553,0.6693647018131681,0.5208333333333333,0.38095238095238104
stirling_2022_ward2,8,0.5799531206530825,0.804383600583698,0.3125,0.5773809523809523
glasgow_2022_ward19,8,0.5054466326563745,0.5054466326563745,0.4583333333333333,0.49404761904761907
aberdeen_2017_ward5,8,0.6452341045160634,0.7323109044931605,0.24999999999999997,0.5952380952380952
aberdeen_2022_ward2,8,0.7115163597334303,0.6567178527732845,0.41666666666666663,0.41666666666666674
angus_2017_ward7,8,0.6759185921682516,0.6841384049989973,0.3541666666666667,0.44047619047619047
renfrewshire_2012_ward8,8,0.4726209681214763,0.44175195339734563,0.4375,0.4642857142857143
falkirk_2017_ward8,8,0.5376014314610945,0.6416723772968604,0.3958333333333333,0.5
highland_2017_ward5,8,0.6632761850667102,0.8495693262955165,0.59375,0.5178571428571428
west_dunbartonshire_2022_ward2,8,0.5442089381769826,0.6714222284972319,0.4895833333333333,0.36904761904761907
dumgal_2022_ward4,8,0.6032198437927966,0.6032198437927966,0.29166666666666663,0.43452380952380953
perth_kinross_2017_ward6,8,0.5419450727576434,0.5419450727576434,0.47916666666666663,0.49404761904761907
eilean_siar_2017_ward6,8,0.38386207315435095,0.5414370053132694,0.6249999999999999,0.5
south_lanarkshire_2017_ward6,8,0.49275260199329796,0.5791890808449371,0.4375,0.5535714285714286
glasgow_2022_ward21,8,0.4526555117130014,0.4526555117130014,0.18749999999999997,0.3928571428571429
clackmannanshire_2022_ward2,8,0.5421641243992112,0.6884669013591428,0.4895833333333333,0.5833333333333334
perth_kinross_2017_ward7,8,0.518562322112473,0.5932502024748865,0.33333333333333337,0.44047619047619047
angus_2022_ward4,8,0.5488629155874144,0.6426921725468334,0.5520833333333334,0.392857142857143
east_lothian_2022_ward4,8,0.5579963009017915,0.8162357840004947,0.5208333333333333,0.5119047619047619
fife_2017_ward21,8,0.7024405400593884,0.7828063419541395,0.4479166666666667,0.5119047619047621
edinburgh_2012_ward17,8,0.48154520943228535,0.6156130795461697,0.4791666666666667,0.5357142857142858
fife_2022_ward2,8,0.4900755971175427,0.4900755971175427,0.3541666666666667,0.5892857142857143
east_renfrewshire_2017_ward5,8,0.42755870121098694,0.5719733248435082,0.48958333333333337,0.5
renfrewshire_2012_ward7,8,0.45677120088433576,0.45677120088433576,0.48958333333333326,0.505952380952381
perth_kinross_2012_ward8,9,0.5526634076532814,0.5823962039376018,0.4166666666666667,0.4444444444444444
north_ayrshire_2012_ward1,9,0.5358569682516164,0.563486739401395,0.4351851851851852,0.47619047619047616
west_lothian_2012_ward8,9,0.5254426479532268,0.5604504600469751,0.39814814814814814,0.5357142857142857
west_lothian_2017_ward8,9,0.5531325107217081,0.5816706835144421,0.3796296296296296,0.4444444444444444
east_lothian_2022_ward1,9,0.5165373973469399,0.6866277956778783,0.45370370370370366,0.5198412698412699
edinburgh_2022_ward17,9,0.490747985252118,0.6426953511980127,0.5277777777777777,0.503968253968254
argyll_bute_2012_ward6,9,0.6984313349024757,0.7368058644404009,0.2777777777777778,0.4841269841269842
glasgow_2017_ward10,9,0.4915248586127476,0.5511708854119889,0.49074074074074076,0.5634920634920635
glasgow_2022_ward4,9,0.48722258366028254,0.4656216859397795,0.4537037037037038,0.5119047619047619
falkirk_2022_ward9,9,0.5333448565912459,0.5527427528422126,0.2777777777777778,0.5595238095238095
dundee_2022_ward2,9,0.5321416233308321,0.5321416233308321,0.5,0.4285714285714285
argyll_bute_2012_ward4,9,0.6236977242155554,0.5565811133383275,0.3240740740740741,0.41269841269841256
angus_2022_ward8,9,0.7580207081299188,0.6136737325427151,0.45370370370370366,0.5198412698412699
fife_2012_ward23,9,0.47377432143881865,0.49126689848009664,0.4074074074074074,0.511904761904762
midlothian_2012_ward4,9,0.5669446569618894,0.6520596376953258,0.40740740740740744,0.5436507936507937
dundee_2022_ward4,9,0.5047272663717723,0.5047272663717723,0.35185185185185186,0.48015873015873023
north_lanarkshire_2017_ward3,9,0.5246008674898248,0.7141869429694713,0.5092592592592592,0.5396825396825397
dumgal_2017_ward2,9,0.6769398013321278,0.5403253042678858,0.5092592592592592,0.5158730158730159
orkney_2012_ward4,9,0.44050228327518226,0.6550684647056386,0.5,0.4444444444444444
glasgow_2017_ward18,9,0.5994261565753847,0.5676337235757457,0.4351851851851852,0.5396825396825397
dumgal_2012_ward13,9,0.611426536212988,0.6331555249704096,0.38888888888888884,0.5238095238095238
fife_2022_ward20,9,0.47474896717001736,0.45203301306411187,0.3333333333333333,0.4920634920634921
south_ayrshire_2022_ward4,9,0.6516743446078345,0.6591222838509943,0.3148148148148148,0.46031746031746035
glasgow_2022_ward7,9,0.4695744060102598,0.5196300596256183,0.37037037037037035,0.5357142857142857
dundee_2012_ward4,9,0.516845412647341,0.516845412647341,0.40740740740740744,0.5992063492063493
edinburgh_2017_ward7,9,0.5260771251108007,0.6987481778504369,0.4629629629629629,0.5079365079365079
aberdeen_2012_ward3,9,0.5553659211005803,0.5658036470904124,0.31481481481481477,0.4563492063492063
renfrewshire_2017_ward6,9,0.553780312430242,0.6299480290791604,0.2777777777777778,0.4841269841269842
glasgow_2017_ward7,9,0.4946990321531327,0.4946990321531327,0.38888888888888895,0.4484126984126984
north_lanarkshire_2022_ward3,9,0.5170016965659787,0.4862336676697706,0.39814814814814814,0.4365079365079365
glasgow_2017_ward9,9,0.5580157934882315,0.5634545526455327,0.3333333333333333,0.46031746031746035
glasgow_2022_ward23,9,0.46079278137863305,0.5250088941703929,0.5185185185185185,0.46825396825396826
aberdeen_2012_ward6,9,0.5280990644267366,0.5460919096914995,0.37037037037037035,0.4841269841269841
south_lanarkshire_2012_ward1,9,0.5114864848628502,0.6009748367273245,0.5185185185185185,0.4642857142857143
west_lothian_2022_ward2,9,0.5337381188678741,0.6327048620122278,0.5,0.5357142857142857
aberdeenshire_2022_ward17,9,0.5741885692127395,0.6964013015008291,0.4444444444444444,0.5555555555555556
east_renfrewshire_2022_ward5,9,0.49806922332036324,0.49806922332036324,0.41666666666666663,0.5357142857142858
south_lanarkshire_2017_ward20,9,0.6041822256595141,0.6041822256595141,0.5740740740740741,0.5396825396825398
fife_2022_ward9,9,0.5182191521535016,0.6012837533294466,0.4444444444444444,0.43253968253968245
aberdeen_2017_ward8,9,0.5204026736873113,0.5204026736873113,0.35185185185185186,0.4841269841269842
edinburgh_2022_ward2,9,0.5445020770159402,0.5728991399043715,0.48148148148148145,0.5555555555555556
east_ayrshire_2017_ward9,9,0.5700452954173667,0.7040809242946039,0.2777777777777778,0.49603174603174605
fife_2022_ward3,9,0.5199398523950317,0.5568069608626404,0.5555555555555556,0.46825396825396826
east_renfrewshire_2012_ward1,9,0.6245038062428403,0.6268911033878553,0.49074074074074076,0.5515873015873016
glasgow_2022_ward9,9,0.5346673949903209,0.5346673949903209,0.2962962962962963,0.507936507936508
south_ayrshire_2022_ward5,9,0.5615032518018066,0.5383170430116554,0.3888888888888889,0.5476190476190477
aberdeen_2012_ward2,9,0.548301082193662,0.5712846348555318,0.48148148148148145,0.5714285714285714
aberdeen_2017_ward6,9,0.5924225986881304,0.4886187635284552,0.14814814814814814,0.46825396825396814
renfrewshire_2017_ward12,9,0.5837648504830779,0.5837648504830779,0.4351851851851851,0.5396825396825398
perth_kinross_2022_ward12,9,0.5245469599675702,0.5733681292187742,0.3888888888888889,0.4841269841269841
glasgow_2012_ward21,9,0.4890412589412166,0.41430408063805124,0.4722222222222222,0.5674603174603174
highland_2022_cromarty_firth,9,0.6819863809223328,0.6819863809223328,0.37037037037037035,0.5
fife_2017_ward3,9,0.6789512527317614,0.6528832859201402,0.3888888888888889,0.4920634920634921
glasgow_2012_ward1,9,0.5105088911279986,0.503272724238703,0.36111111111111116,0.4365079365079365
aberdeen_2022_ward4,9,0.4691082204268065,0.45864381641517915,0.4074074074074074,0.5158730158730159
west_dunbartonshire_2012_ward3,9,0.5303334876577452,0.5081239924227744,0.4351851851851852,0.492063492063492
highland_2017_ward2,9,0.4552995516209286,0.6541884407958595,0.4259259259259259,0.4841269841269841
aberdeen_2012_ward1,9,0.5989648308956096,0.5989648308956096,0.6574074074074074,0.4761904761904763
sc_borders_2022_ward3,9,0.5395674949885529,0.5802683154483226,0.5277777777777778,0.5238095238095238
dundee_2022_ward1,9,0.49775535157461576,0.5023515383460025,0.4259259259259259,0.5634920634920635
north_lanarkshire_2017_ward20,9,0.5213824922219578,0.6250285020611467,0.4907407407407407,0.5436507936507937
east_renfrewshire_2017_ward3,9,0.5798355987294254,0.5937626079923846,0.4074074074074074,0.4563492063492064
glasgow_2007_southsidecentral,9,0.6318966646265745,0.6960522003712925,0.2777777777777778,0.6190476190476191
dundee_2017_ward7,9,0.4705512817034943,0.5147803979022155,0.31481481481481477,0.4285714285714285
highland_2022_eilean_a_che,9,0.4760778080771536,0.5710177448428758,0.5555555555555556,0.4007936507936507
west_lothian_2017_ward2,9,0.5642620951630027,0.678373574505242,0.6018518518518519,0.4841269841269842
edinburgh_2022_ward1,9,0.36013060113731615,0.3602317433394619,0.37037037037037035,0.47619047619047616
glasgow_2007_newlands,9,0.5642894385877066,0.6188239566296202,0.3888888888888889,0.5634920634920635
highland_2017_ward6,9,0.542964829255073,0.6238445081917057,0.3055555555555556,0.4801587301587301
highland_2022_inverness_west,9,0.4563375328856372,0.5144529450305372,0.25925925925925924,0.503968253968254
dumgal_2017_ward8,9,0.6405396811145833,0.7108997797089852,0.4074074074074074,0.5396825396825398
glasgow_2007_anderston,9,0.6146560245870327,0.6436872583789256,0.4722222222222222,0.5198412698412699
argyll_bute_2022_ward3,9,0.48695330849226826,0.4442577236271844,0.25925925925925924,0.4841269841269842
west_dunbartonshire_2017_ward6,9,0.545958583776321,0.545958583776321,0.3611111111111111,0.4722222222222223
aberdeenshire_2012_ward5,9,0.6052084063243055,0.5956199104268751,0.4351851851851852,0.4087301587301587
north_lanarkshire_2022_ward7,9,0.5546035985340984,0.5599567288705412,0.4166666666666667,0.5317460317460319
east_renfrewshire_2017_ward2,9,0.5102528756715613,0.6541490887411542,0.4629629629629629,0.5476190476190477
south_lanarkshire_2022_ward20,9,0.4748400238976072,0.5502186464696881,0.32407407407407407,0.5
fife_2017_ward5,9,0.6583310234124222,0.6735946932325337,0.5,0.5
fife_2022_ward5,9,0.5139239318210975,0.5564994386943836,0.462962962962963,0.5674603174603174
dumgal_2017_ward3,9,0.5800394866542398,0.5386613067230746,0.24074074074074073,0.5079365079365079
glasgow_2007_pollokshields,9,0.6084558116063391,0.734293979177168,0.3333333333333333,0.5555555555555556
glasgow_2022_ward1,9,0.5303409274150568,0.5303409274150568,0.4166666666666667,0.5238095238095238
dundee_2022_ward3,9,0.4490260900441453,0.4490260900441453,0.3333333333333333,0.4365079365079365
fife_2022_ward7,9,0.5478885338864259,0.46160611306430016,0.4722222222222222,0.523809523809524
east_lothian_2022_ward3,9,0.46824402451779834,0.46824402451779834,0.35185185185185186,0.5912698412698414
argyll_bute_2022_ward8,9,0.5653211668711361,0.5376403069507975,0.37037037037037035,0.3849206349206349
dundee_2017_ward8,9,0.5653254251492092,0.5523354465339281,0.43518518518518523,0.46031746031746035
south_lanarkshire_2022_ward6,9,0.4738975907576563,0.4738975907576563,0.31481481481481477,0.5198412698412699
north_lanarkshire_2012_ward18,9,0.5142363962655302,0.553371833503154,0.39814814814814814,0.5238095238095238
aberdeen_2017_ward2,9,0.5725949226470303,0.612570192767292,0.4907407407407407,0.5595238095238095
fife_2017_ward14,9,0.5890259328455592,0.5890259328455592,0.5277777777777777,0.5357142857142858
dundee_2012_ward1,9,0.5330666878895584,0.5533003790381138,0.48148148148148157,0.4920634920634921
south_lanarkshire_2022_ward7,9,0.48898361801508816,0.4968180719433994,0.2962962962962963,0.503968253968254
fife_2017_ward11,9,0.7185330752705877,0.5256072501820379,0.2962962962962963,0.511904761904762
glasgow_2017_ward20,9,0.5197032708578921,0.5197032708578921,0.38888888888888884,0.42460317460317454
eilean_siar_2017_ward3,9,0.4187099758828807,0.5433888931482539,0.2777777777777778,0.5198412698412699
renfrewshire_2022_ward6,9,0.5797861852968952,0.716302703520506,0.35185185185185186,0.5198412698412699
west_dunbartonshire_2022_ward3,9,0.4670563542071551,0.4383339950971659,0.5555555555555556,0.5238095238095238
dundee_2012_ward2,9,0.5019543807625495,0.5875325667336708,0.462962962962963,0.4841269841269842
glasgow_2007_partick,9,0.5731254536671655,0.5731254536671655,0.48148148148148157,0.5476190476190477
highland_2012_ward18,9,0.5371573089526182,0.5908122405005118,0.42592592592592593,0.488095238095238
glasgow_2007_greater_pollok,9,0.5806389015990933,0.6135562280961763,0.4907407407407407,0.4563492063492064
east_lothian_2022_ward5,9,0.49894303036402693,0.5339687088477563,0.4259259259259259,0.5238095238095238
south_lanarkshire_2017_ward4,9,0.562164748161241,0.6080908842270712,0.31481481481481477,0.4642857142857142
fife_2012_ward19,9,0.7766550080637072,0.6980668045912635,0.6203703703703703,0.48809523809523814
perth_kinross_2022_ward3,9,0.5494955985886896,0.6304834770902952,0.4444444444444444,0.40476190476190477
inverclyde_2022_ward4,9,0.5619560503437528,0.5413493544487687,0.5,0.5158730158730158
renfrewshire_2017_ward3,9,0.5920530534222073,0.6198239728199395,0.2962962962962963,0.5952380952380952
edinburgh_2012_ward4,9,0.548183850011348,0.5579910831359207,0.3425925925925926,0.49603174603174605
highland_2012_ward1,9,0.592926818576143,0.6876369611144194,0.2037037037037037,0.5
dundee_2017_ward3,9,0.5882225779599051,0.5936802369951628,0.462962962962963,0.4563492063492063
sc_borders_2017_ward4,9,0.5948986422166853,0.6343084547715655,0.5,0.45238095238095233
highland_2017_ward3,9,0.6169781843397216,0.6169781843397216,0.5277777777777777,0.4365079365079366
dundee_2022_ward8,9,0.583152183239626,0.5869011077821047,0.5,0.5198412698412699
fife_2017_ward12,9,0.6306246627180715,0.6630425548314244,0.3148148148148148,0.4841269841269842
east_lothian_2017_ward1,9,0.6425327402181441,0.749901298169254,0.40740740740740744,0.5158730158730159
fife_2012_ward10,9,0.6032893856336964,0.5880892805573518,0.4999999999999999,0.4722222222222222
fife_2012_ward14,10,0.582908275543037,0.5712610199308935,0.45,0.47499999999999987
glasgow_2022_ward8,10,0.5067239043986826,0.5484885777556968,0.4916666666666666,0.5111111111111111
glasgow_2022_ward6,10,0.588181131366232,0.5274352701440972,0.275,0.5527777777777778
fife_2022_ward1,10,0.556397866760938,0.5465537266304108,0.3,0.5055555555555555
aberdeenshire_2017_ward3,10,0.6552513235489194,0.7423032753635102,0.4333333333333333,0.461111111111111
edinburgh_2022_ward5,10,0.4170673784353827,0.41086304525771566,0.4666666666666666,0.5083333333333333
glasgow_2017_ward4,10,0.5331592199836979,0.5523071703193468,0.3833333333333333,0.5555555555555556
eilean_siar_2012_ward7,10,0.5468366642566813,0.5468366642566813,0.4333333333333333,0.5305555555555556
stirling_2022_ward3,10,0.5517620059522016,0.5517620059522016,0.4583333333333333,0.4527777777777777
highland_2012_ward9,10,0.5826913666885426,0.646311090442682,0.4333333333333334,0.55
aberdeen_2022_ward12,10,0.515357705239272,0.515357705239272,0.45,0.525
fife_2017_ward22,10,0.5681635286716885,0.550389997745837,0.325,0.44999999999999996
glasgow_2007_craigton,10,0.5940442025486175,0.5673193002625354,0.375,0.3833333333333334
glasgow_2007_garscadden,10,0.5053262997983321,0.5371788578060183,0.41666666666666663,0.48888888888888893
north_ayrshire_2012_ward2,10,0.586503900231691,0.5644271935456888,0.3,0.5472222222222223
glasgow_2007_hillhead,10,0.5430734072169455,0.4951812335168522,0.45,0.5527777777777778
glasgow_2017_ward8,10,0.5342442951587972,0.5293938336038378,0.275,0.4555555555555556
fife_2022_ward4,10,0.5564582839555272,0.5533901353785141,0.5416666666666666,0.4972222222222221
south_lanarkshire_2012_ward15,10,0.4997909980899176,0.49156927123568817,0.3833333333333334,0.5027777777777779
glasgow_2017_ward13,10,0.5398192337330476,0.5454385805483289,0.3916666666666667,0.5222222222222223
glasgow_2012_ward20,10,0.4685606251342732,0.4685606251342732,0.33333333333333337,0.4277777777777778
dundee_2017_ward4,10,0.5454491673936445,0.6463040040244328,0.4666666666666667,0.4916666666666666
glasgow_2017_ward17,10,0.5185123173780686,0.5548073740115769,0.4583333333333333,0.5055555555555554
angus_2022_ward6,10,0.5809994810311616,0.5809994810311616,0.4,0.5
aberdeenshire_2012_ward18,10,0.6762070847618213,0.6647074758568825,0.4583333333333333,0.4916666666666666
highland_2017_ward18,10,0.4757867850702011,0.4757867850702011,0.41666666666666663,0.4388888888888889
north_ayrshire_2022_irvine_west,10,0.5756135944678594,0.5930039929913961,0.4,0.5222222222222223
glasgow_2022_ward10,10,0.4647035710480467,0.5638743516767223,0.39166666666666666,0.40833333333333344
west_lothian_2022_ward4,10,0.5240032651334166,0.5240032651334166,0.4333333333333333,0.4638888888888888
east_renfrewshire_2022_ward4,10,0.5877907990054277,0.6976265678090354,0.31666666666666665,0.4916666666666667
glasgow_2022_ward14,10,0.5264608463994556,0.6803191662072818,0.4333333333333333,0.46944444444444444
north_lanarkshire_2017_ward2,10,0.5489864570384985,0.5400272159083911,0.3583333333333333,0.5305555555555556
north_ayrshire_2012_ward5,10,0.5908565707887764,0.6254192043407908,0.375,0.49444444444444435
aberdeenshire_2012_ward3,10,0.5332444558055561,0.5332444558055561,0.41666666666666663,0.4888888888888888
fife_2017_ward15,10,0.5798709606211927,0.5670474046695506,0.4,0.5027777777777777
falkirk_2017_ward3,10,0.5539899757764658,0.5539899757764658,0.5,0.44166666666666665
edinburgh_2017_ward1,10,0.4322059786267741,0.4234681730716881,0.5,0.48888888888888893
glasgow_2017_ward14,10,0.5076902090986206,0.558893639600408,0.4999999999999999,0.5666666666666667
aberdeenshire_2022_ward4,10,0.594546297692524,0.594546297692524,0.45833333333333337,0.46666666666666656
highland_2022_inverness_central,10,0.5254065144096347,0.5254065144096347,0.3666666666666667,0.45833333333333326
argyll_bute_2017_ward5,10,0.7260548227000773,0.5899573306631262,0.5249999999999999,0.4527777777777777
glasgow_2012_ward17,10,0.4074418715220488,0.4142946277172304,0.21666666666666665,0.48611111111111105
glasgow_2017_ward5,10,0.5319385955765181,0.5319385955765181,0.5250000000000001,0.4944444444444446
glasgow_2022_ward2,10,0.6051140720913913,0.5716715389372219,0.21666666666666665,0.5166666666666667
eilean_siar_2022_ward9,10,0.5320260473317416,0.5282476868377389,0.26666666666666666,0.47777777777777775
aberdeen_2022_ward6,10,0.49780977707838747,0.49780977707838747,0.2833333333333333,0.4472222222222222
glasgow_2007_calton,10,0.5125544234702911,0.5078988632128373,0.2333333333333333,0.5444444444444445
renfrewshire_2017_ward4,10,0.5345629027802278,0.5922015589367532,0.4833333333333333,0.43333333333333335
aberdeen_2017_ward12,10,0.5422009241565701,0.5578618270461908,0.4333333333333334,0.6000000000000001
dumgal_2017_ward9,10,0.7016958409101706,0.6901270494447552,0.45,0.5694444444444444
edinburgh_2017_ward12,10,0.502361415313084,0.62856091062378,0.4416666666666666,0.36111111111111116
glasgow_2017_ward3,10,0.5523154878590839,0.5484564665885094,0.375,0.4388888888888889
dundee_2017_ward2,10,0.5648559137510879,0.570356055389383,0.425,0.5916666666666666
glasgow_2012_ward4,10,0.4477820892881739,0.4477820892881739,0.4583333333333333,0.5333333333333333
argyll_bute_2017_ward7,10,0.680736057224044,0.692494257047426,0.4166666666666667,0.49722222222222223
fife_2017_ward18,10,0.5483725274614693,0.5483725274614693,0.4083333333333333,0.5166666666666667
renfrewshire_2017_ward9,10,0.5135302858202926,0.5478613428234019,0.3333333333333333,0.4361111111111111
moray_2012_ward8,10,0.5985224394259523,0.5241385859485024,0.38333333333333336,0.4888888888888888
glasgow_2012_ward19,10,0.4560932903695301,0.4621112943008661,0.3,0.45833333333333326
glasgow_2007_north_east,10,0.538498029720972,0.5290815076177763,0.425,0.5527777777777778
highland_2012_ward10,10,0.44948913712579464,0.6125032073005208,0.4916666666666667,0.4555555555555555
edinburgh_2022_ward16,10,0.49531466157225573,0.6152805025538549,0.36666666666666664,0.45277777777777783
glasgow_2007_drumchapel,10,0.5388214281313793,0.5426667611373949,0.525,0.5222222222222223
glasgow_2007_springburn,10,0.4942336275209043,0.48245760076444266,0.21666666666666665,0.4472222222222222
fife_2017_ward9,10,0.6130800355457622,0.730591154087217,0.35,0.5472222222222223
argyll_bute_2012_ward5,10,0.5230759773762408,0.6400964458530419,0.33333333333333337,0.536111111111111
west_lothian_2022_ward5,10,0.6675322424883218,0.6924931324202374,0.4333333333333334,0.5638888888888889
glasgow_2022_ward16,10,0.5391177281677964,0.5329228457318324,0.4666666666666667,0.413888888888889
glasgow_2012_ward8,10,0.4773261367662,0.4773261367662,0.38333333333333336,0.5111111111111111
glasgow_2012_ward10,11,0.4306399947274672,0.44869282667080707,0.3939393939393939,0.4989898989898989
edinburgh_2012_ward12,11,0.5419358458464603,0.5304348973335328,0.28787878787878785,0.5353535353535355
glasgow_2007_baillieston,11,0.5822696539784809,0.6231850408698204,0.3409090909090909,0.5616161616161616
glasgow_2007_shettleston,11,0.5777539854964422,0.5726956789189559,0.34848484848484845,0.5070707070707072
renfrewshire_2022_ward4,11,0.5077936760881627,0.503663408711145,0.28787878787878785,0.4949494949494949
glasgow_2007_linn,11,0.5797864883404362,0.5797864883404362,0.4090909090909091,0.5171717171717172
glasgow_2012_ward14,11,0.4315808001948084,0.4568941835681098,0.2121212121212121,0.5313131313131314
glasgow_2007_govan,11,0.5785750585687869,0.5864290787095887,0.34848484848484845,0.4929292929292929
glasgow_2022_ward5,11,0.5906591069349408,0.5391477828695909,0.3333333333333333,0.5373737373737374
north_ayrshire_2012_ward3,11,0.575266029634857,0.8097764196810233,0.3181818181818182,0.591919191919192
argyll_bute_2022_ward4,11,0.6210941873116826,0.6210941873116826,0.3636363636363636,0.5272727272727273
eilean_siar_2012_ward1,11,0.6352941191722449,0.555156621346036,0.37121212121212127,0.4626262626262626
glasgow_2012_ward3,11,0.4832250394859631,0.5754680637805089,0.3409090909090909,0.4666666666666667
aberdeen_2012_ward8,11,0.5766639623417213,0.5369677139148014,0.22727272727272727,0.5030303030303029
orkney_2012_ward2,11,0.5387924509730481,0.5283316050789852,0.4318181818181818,0.4949494949494949
north_ayrshire_2022_garnock_valley,11,0.5172705928574867,0.5889081849964054,0.5499999999999999,0.5232323232323233
glasgow_2012_ward2,11,0.5193320897311804,0.6301223921992268,0.27272727272727276,0.4363636363636364
glasgow_2022_ward3,11,0.4481247246507853,0.4481247246507853,0.3409090909090909,0.5656565656565657
east_renfrewshire_2017_ward4,11,0.5325333926668262,0.702235676023808,0.28787878787878785,0.4727272727272728
glasgow_2022_ward18,11,0.5295537079966994,0.5826891097601866,0.4621212121212121,0.5454545454545454
aberdeen_2012_ward5,11,0.45495780617859444,0.5077933569644969,0.22727272727272724,0.5333333333333332
aberdeenshire_2022_ward19,11,0.5943009277734393,0.6572736184793245,0.33333333333333337,0.5656565656565655
glasgow_2007_canal,11,0.5748013845698253,0.6899372123587657,0.3484848484848485,0.498989898989899
glasgow_2012_ward18,11,0.4503303693834057,0.4503303693834057,0.4318181818181818,0.5353535353535355
glasgow_2017_ward16,11,0.5267826378209263,0.5598665016634454,0.34848484848484845,0.4949494949494949
south_lanarkshire_2012_ward5,11,0.5474112527252997,0.625211097139955,0.4242424242424242,0.5050505050505052
edinburgh_2022_ward12,12,0.4394236166860365,0.47705348177266665,0.34722222222222215,0.49242424242424254
north_ayrshire_2022_north_coast,12,0.5979870320194831,0.5861123923953065,0.3541666666666667,0.493939393939394
aberdeen_2012_ward12,12,0.54049171530683,0.573854314300847,0.37499999999999994,0.5
highland_2017_ward10,12,0.4480224785684258,0.5890569258734476,0.36111111111111116,0.5196969696969698
glasgow_2012_ward16,12,0.4923340018776216,0.4923340018776216,0.3194444444444445,0.4757575757575757
north_lanarkshire_2017_ward19,12,0.5432194061993207,0.5496712950579467,0.3125,0.4772727272727272
glasgow_2017_ward1,12,0.582075473060597,0.5991123464234872,0.3263888888888889,0.4954545454545456
glasgow_2017_ward19,12,0.582128626035212,0.582128626035212,0.3541666666666667,0.5287878787878788
glasgow_2012_ward13,13,0.4381049049628506,0.40951362874805414,0.24358974358974358,0.49766899766899764
glasgow_2007_eastcentre,13,0.5696298214641756,0.5747397783912654,0.30128205128205127,0.4405594405594405
glasgow_2012_ward11,13,0.4935596061158164,0.5086427101989327,0.3012820512820513,0.4813519813519813
glasgow_2012_ward12,13,0.5502512539814756,0.5502512539814756,0.26282051282051283,0.5221445221445222
edinburgh_2022_ward11,13,0.4980952326237238,0.5019766462976063,0.28846153846153844,0.5256410256410255
glasgow_2012_ward9,13,0.4976245310388523,0.5054498209295722,0.19230769230769232,0.5151515151515151
glasgow_2012_ward5,14,0.5778219737423004,0.5520885398917875,0.25595238095238093,0.5073260073260074
