election_name,method,n_cands,sigma_UM_worst_case_asin,sigma_UM_average_asin,sigma_UM_worst_case_odds,sigma_UM_average_odds,sigma_UM_winner_set_worst_case_asin,sigma_UM_winner_set_average_asin,sigma_UM_winner_set_worst_case_odds,sigma_UM_winner_set_average_odds,sigma_IIA_worst_case,sigma_IIA_average,sigma_IIA_all_subset_worst_case,sigma_IIA_all_subset_average,sigma_IIA_winner_set_worst_case,sigma_IIA_winner_set_average
dumgal_2017_ward11,borda,5,0.9057573833775766,1.0,0.9574163535516195,1.0,1.0,1.0,1.0,1.0,1.0,1.0,1.0,1.0,1.0,1.0
dumgal_2017_ward11,3-approval,5,0.8505385160477686,1.0,0.8973291710024279,1.0,0.8505385160477686,1.0,0.8973291710024279,1.0,1.0,1.0,0.0,0.9375,1.0,1.0
dumgal_2017_ward11,2-approval,5,0.8584494199340914,1.0,0.9072524407252441,1.0,1.0,1.0,1.0,1.0,0.8333333333333334,0.9,0.0,0.8802083333333334,1.0,1.0
dumgal_2017_ward11,plurality,5,0.8584494199340914,1.0,0.9072524407252441,1.0,1.0,1.0,1.0,1.0,1.0,1.0,0.0,0.9479166666666666,1.0,1.0
dumgal_2017_ward11,stv,5,0.8584494199340914,1.0,0.9072524407252441,1.0,1.0,1.0,1.0,1.0,1.0,1.0,0.0,0.9479166666666666,1.0,1.0
dumgal_2017_ward11,ranked-pairs,5,1.0,1.0,1.0,1.0,1.0,1.0,1.0,1.0,1.0,1.0,1.0,1.0,1.0,1.0
fife_2012_ward18,borda,5,1.0,1.0,1.0,1.0,1.0,1.0,1.0,1.0,1.0,1.0,1.0,1.0,1.0,1.0
fife_2012_ward18,3-approval,5,0.8889178486203122,1.0,0.9414872003250713,1.0,1.0,1.0,1.0,1.0,1.0,1.0,1.0,1.0,1.0,1.0
fife_2012_ward18,2-approval,5,1.0,1.0,1.0,1.0,1.0,1.0,1.0,1.0,0.8333333333333334,0.9666666666666667,0.0,0.9427083333333334,1.0,1.0
fife_2012_ward18,plurality,5,0.6986484704123992,1.0,0.6558655345693987,1.0,1.0,1.0,1.0,1.0,0.8333333333333334,0.9,0.0,0.8697916666666667,1.0,1.0
fife_2012_ward18,stv,5,0.6986484704123992,1.0,0.6558655345693987,1.0,1.0,1.0,1.0,1.0,0.8333333333333334,0.9,0.0,0.8697916666666667,1.0,1.0
fife_2012_ward18,ranked-pairs,5,1.0,1.0,1.0,1.0,1.0,1.0,1.0,1.0,1.0,1.0,1.0,1.0,1.0,1.0
angus_2022_ward2,borda,5,1.0,1.0,1.0,1.0,1.0,1.0,1.0,1.0,0.8333333333333334,0.9,0.0,0.921875,1.0,1.0
angus_2022_ward2,3-approval,5,0.8040473293839265,1.0,0.831858407079646,1.0,0.8040473293839265,1.0,0.831858407079646,1.0,0.8333333333333334,0.9333333333333333,0.0,0.8020833333333333,1.0,0.8333333333333333
angus_2022_ward2,2-approval,5,1.0,1.0,1.0,1.0,1.0,1.0,1.0,1.0,1.0,1.0,0.0,0.90625,1.0,1.0
angus_2022_ward2,plurality,5,0.8134973072643171,1.0,0.8460455292184932,1.0,1.0,1.0,1.0,1.0,0.8333333333333334,0.9666666666666667,0.0,0.8697916666666667,1.0,1.0
angus_2022_ward2,stv,5,0.8134973072643171,1.0,0.8460455292184932,1.0,1.0,1.0,1.0,1.0,0.8333333333333334,0.9,0.0,0.859375,1.0,1.0
angus_2022_ward2,ranked-pairs,5,1.0,1.0,1.0,1.0,1.0,1.0,1.0,1.0,1.0,1.0,1.0,1.0,1.0,1.0
south_ayrshire_2017_ward4,borda,5,1.0,1.0,1.0,1.0,1.0,1.0,1.0,1.0,1.0,1.0,1.0,1.0,1.0,1.0
south_ayrshire_2017_ward4,3-approval,5,0.8076053193835954,1.0,0.8372462488967344,1.0,0.8076053193835954,1.0,0.8372462488967344,1.0,0.6666666666666667,0.8666666666666667,0.6666666666666667,0.9791666666666666,1.0,0.7333333333333333
south_ayrshire_2017_ward4,2-approval,5,0.9193857564474357,1.0,0.9686022318895402,1.0,0.9193857564474357,1.0,0.9686022318895402,1.0,0.6666666666666667,0.8,0.0,0.8125,1.0,0.6333333333333333
south_ayrshire_2017_ward4,plurality,5,0.9368739683520596,1.0,0.980589914367269,1.0,1.0,1.0,1.0,1.0,0.6666666666666667,0.9,0.0,0.9010416666666666,1.0,0.9
south_ayrshire_2017_ward4,stv,5,1.0,1.0,1.0,1.0,1.0,1.0,1.0,1.0,0.8333333333333334,0.9,0.33333333333333337,0.921875,1.0,0.9
south_ayrshire_2017_ward4,ranked-pairs,5,1.0,1.0,1.0,1.0,1.0,1.0,1.0,1.0,1.0,1.0,1.0,1.0,1.0,1.0
perth_kinross_2012_ward3,borda,5,1.0,1.0,1.0,1.0,1.0,1.0,1.0,1.0,1.0,1.0,1.0,1.0,1.0,1.0
perth_kinross_2012_ward3,3-approval,5,1.0,1.0,1.0,1.0,1.0,1.0,1.0,1.0,1.0,1.0,1.0,1.0,1.0,1.0
perth_kinross_2012_ward3,2-approval,5,0.9082755198728903,1.0,0.9596009975062344,1.0,1.0,1.0,1.0,1.0,0.8333333333333334,0.9,0.0,0.9322916666666666,1.0,1.0
perth_kinross_2012_ward3,plurality,5,0.7646378215131889,1.0,0.7690229626294464,1.0,1.0,1.0,1.0,1.0,0.8333333333333334,0.9666666666666667,0.0,0.9322916666666666,1.0,1.0
perth_kinross_2012_ward3,stv,5,0.7646378215131889,1.0,0.7690229626294464,1.0,1.0,1.0,1.0,1.0,0.8333333333333334,0.9666666666666667,0.0,0.9322916666666666,1.0,1.0
perth_kinross_2012_ward3,ranked-pairs,5,1.0,1.0,1.0,1.0,1.0,1.0,1.0,1.0,1.0,1.0,1.0,1.0,1.0,1.0
east_ayrshire_2012_ward4,borda,5,1.0,1.0,1.0,1.0,1.0,1.0,1.0,1.0,0.8333333333333334,0.9333333333333333,0.0,0.9270833333333334,1.0,1.0
east_ayrshire_2012_ward4,3-approval,5,1.0,1.0,1.0,1.0,1.0,1.0,1.0,1.0,0.6666666666666667,0.9333333333333333,0.0,0.9270833333333334,1.0,1.0
east_ayrshire_2012_ward4,2-approval,5,1.0,1.0,1.0,1.0,1.0,1.0,1.0,1.0,0.6666666666666667,0.9,0.0,0.9010416666666666,1.0,1.0
east_ayrshire_2012_ward4,plurality,5,1.0,1.0,1.0,1.0,1.0,1.0,1.0,1.0,0.6666666666666667,0.8666666666666667,0.33333333333333337,0.9375,1.0,1.0
east_ayrshire_2012_ward4,stv,5,1.0,1.0,1.0,1.0,1.0,1.0,1.0,1.0,0.6666666666666667,0.8666666666666667,0.33333333333333337,0.9375,1.0,1.0
east_ayrshire_2012_ward4,ranked-pairs,5,1.0,1.0,1.0,1.0,1.0,1.0,1.0,1.0,1.0,1.0,1.0,1.0,1.0,1.0
east_lothian_2012_ward2,borda,5,1.0,1.0,1.0,1.0,1.0,1.0,1.0,1.0,1.0,1.0,1.0,1.0,1.0,1.0
east_lothian_2012_ward2,3-approval,5,0.9398858062729846,1.0,0.982376636455186,1.0,1.0,1.0,1.0,1.0,1.0,1.0,0.0,0.9375,1.0,1.0
east_lothian_2012_ward2,2-approval,5,1.0,1.0,1.0,1.0,1.0,1.0,1.0,1.0,0.8333333333333334,0.9333333333333333,0.6666666666666667,0.9583333333333334,1.0,1.0
east_lothian_2012_ward2,plurality,5,0.7501281559375628,1.0,0.7447374252160424,1.0,0.7736689173103346,1.0,0.7838695061169005,1.0,0.6666666666666667,0.8666666666666667,0.0,0.7708333333333334,1.0,0.9
east_lothian_2012_ward2,stv,5,0.7501281559375628,1.0,0.7447374252160424,1.0,0.7736689173103346,1.0,0.7838695061169005,1.0,0.6666666666666667,0.8666666666666667,0.0,0.7708333333333334,1.0,0.9
east_lothian_2012_ward2,ranked-pairs,5,1.0,1.0,1.0,1.0,1.0,1.0,1.0,1.0,1.0,1.0,1.0,1.0,1.0,1.0
north_lanarkshire_2022_ward21,borda,5,0.963908555465629,1.0,0.9935993975903613,1.0,1.0,1.0,1.0,1.0,0.8333333333333334,0.9333333333333333,0.0,0.9375,1.0,1.0
north_lanarkshire_2022_ward21,3-approval,5,0.9167649141774332,1.0,0.9665738161559887,1.0,1.0,1.0,1.0,1.0,0.8333333333333334,0.9666666666666667,0.8333333333333334,0.9947916666666666,1.0,1.0
north_lanarkshire_2022_ward21,2-approval,5,0.9825002505258217,1.0,0.9984902811851292,1.0,1.0,1.0,1.0,1.0,0.6666666666666667,0.9,0.0,0.8177083333333333,1.0,1.0
north_lanarkshire_2022_ward21,plurality,5,0.641097034263591,1.0,0.5557514323490523,1.0,0.6899104997519363,1.0,0.6405886909372578,1.0,0.5,0.8333333333333334,0.0,0.796875,1.0,0.9333333333333332
north_lanarkshire_2022_ward21,stv,5,0.641097034263591,1.0,0.5557514323490523,1.0,0.641097034263591,0.9013029991921535,0.5557514323490523,0.9534240258243026,0.6666666666666667,0.7666666666666666,0.0,0.8072916666666666,1.0,0.7333333333333333
north_lanarkshire_2022_ward21,ranked-pairs,5,1.0,1.0,1.0,1.0,1.0,1.0,1.0,1.0,1.0,1.0,1.0,1.0,1.0,1.0
highland_2022_tain_and_easter_ross,borda,5,0.8567317101816228,1.0,0.9051317614424411,1.0,1.0,1.0,1.0,1.0,1.0,1.0,1.0,1.0,1.0,1.0
highland_2022_tain_and_easter_ross,3-approval,5,0.8567317101816228,1.0,0.9051317614424411,1.0,1.0,1.0,1.0,1.0,1.0,1.0,1.0,1.0,1.0,1.0
highland_2022_tain_and_easter_ross,2-approval,5,0.9639497357268328,1.0,0.9936139332365747,1.0,0.9639497357268328,1.0,0.9936139332365747,1.0,0.8333333333333334,0.9,0.0,0.859375,1.0,0.8
highland_2022_tain_and_easter_ross,plurality,5,0.7873834902725916,1.0,0.8059426768340785,1.0,0.7873834902725916,1.0,0.8059426768340785,1.0,0.8333333333333334,0.9,0.0,0.7552083333333333,1.0,0.9
highland_2022_tain_and_easter_ross,stv,5,0.7873834902725916,1.0,0.8059426768340785,1.0,0.7873834902725916,1.0,0.8059426768340785,1.0,0.8333333333333334,0.9,0.0,0.7552083333333333,1.0,0.9
highland_2022_tain_and_easter_ross,ranked-pairs,5,1.0,1.0,1.0,1.0,1.0,1.0,1.0,1.0,1.0,1.0,1.0,1.0,1.0,1.0
shetland_2022_ward7,borda,5,1.0,1.0,1.0,1.0,1.0,1.0,1.0,1.0,1.0,1.0,1.0,1.0,1.0,1.0
shetland_2022_ward7,3-approval,5,0.7523325044689188,1.0,0.7484575225439014,1.0,1.0,1.0,1.0,1.0,0.8333333333333334,0.9666666666666667,0.0,0.9322916666666666,1.0,1.0
shetland_2022_ward7,2-approval,5,0.8834997370215675,1.0,0.9358906988964796,1.0,1.0,1.0,1.0,1.0,0.8333333333333334,0.9333333333333333,0.0,0.9166666666666666,1.0,1.0
shetland_2022_ward7,plurality,5,0.8834997370215675,1.0,0.9358906988964796,1.0,1.0,1.0,1.0,1.0,0.8333333333333334,0.9666666666666667,0.0,0.9427083333333334,1.0,1.0
shetland_2022_ward7,stv,5,0.8834997370215675,1.0,0.9358906988964796,1.0,1.0,1.0,1.0,1.0,0.8333333333333334,0.9333333333333333,0.0,0.9270833333333334,1.0,1.0
shetland_2022_ward7,ranked-pairs,5,1.0,1.0,1.0,1.0,1.0,1.0,1.0,1.0,1.0,1.0,1.0,1.0,1.0,1.0
moray_2022_ward2,borda,5,1.0,1.0,1.0,1.0,1.0,1.0,1.0,1.0,1.0,1.0,1.0,1.0,1.0,1.0
moray_2022_ward2,3-approval,5,0.8085953095671305,1.0,0.8387356013929815,1.0,0.8085953095671305,1.0,0.8387356013929815,1.0,0.5,0.8333333333333334,0.0,0.8489583333333333,1.0,0.7333333333333333
moray_2022_ward2,2-approval,5,1.0,1.0,1.0,1.0,1.0,1.0,1.0,1.0,1.0,1.0,0.33333333333333337,0.9375,1.0,1.0
moray_2022_ward2,plurality,5,1.0,1.0,1.0,1.0,1.0,1.0,1.0,1.0,0.8333333333333334,0.9666666666666667,0.33333333333333337,0.9739583333333334,1.0,0.9
moray_2022_ward2,stv,5,1.0,1.0,1.0,1.0,1.0,1.0,1.0,1.0,0.8333333333333334,0.9666666666666667,0.33333333333333337,0.9739583333333334,1.0,0.9
moray_2022_ward2,ranked-pairs,5,1.0,1.0,1.0,1.0,1.0,1.0,1.0,1.0,1.0,1.0,1.0,1.0,1.0,1.0
south_ayrshire_2012_ward3,borda,5,1.0,1.0,1.0,1.0,1.0,1.0,1.0,1.0,1.0,1.0,0.0,0.96875,1.0,1.0
south_ayrshire_2012_ward3,3-approval,5,1.0,1.0,1.0,1.0,1.0,1.0,1.0,1.0,0.8333333333333334,0.9666666666666667,0.0,0.9322916666666666,1.0,1.0
south_ayrshire_2012_ward3,2-approval,5,1.0,1.0,1.0,1.0,1.0,1.0,1.0,1.0,1.0,1.0,0.0,0.9375,1.0,1.0
south_ayrshire_2012_ward3,plurality,5,0.6458745336295332,1.0,0.5639691369101023,1.0,0.7245877131021777,1.0,0.7010148321623731,1.0,0.6666666666666667,0.8333333333333334,0.0,0.8385416666666666,1.0,0.9333333333333332
south_ayrshire_2012_ward3,stv,5,0.7245877131021777,1.0,0.7010148321623731,1.0,0.7245877131021777,1.0,0.7010148321623731,1.0,0.6666666666666667,0.8,0.0,0.8854166666666666,1.0,0.9333333333333332
south_ayrshire_2012_ward3,ranked-pairs,5,1.0,1.0,1.0,1.0,1.0,1.0,1.0,1.0,1.0,1.0,1.0,1.0,1.0,1.0
aberdeenshire_2012_ward15,borda,5,1.0,1.0,1.0,1.0,1.0,1.0,1.0,1.0,1.0,1.0,1.0,1.0,1.0,1.0
aberdeenshire_2012_ward15,3-approval,5,0.8573284775125543,1.0,0.9058706960614316,1.0,1.0,1.0,1.0,1.0,0.8333333333333334,0.9333333333333333,0.0,0.9270833333333334,1.0,1.0
aberdeenshire_2012_ward15,2-approval,5,1.0,1.0,1.0,1.0,1.0,1.0,1.0,1.0,0.8333333333333334,0.9333333333333333,0.33333333333333337,0.9375,1.0,1.0
aberdeenshire_2012_ward15,plurality,5,0.8122523805207581,1.0,0.8441994247363374,1.0,0.8348955812340383,1.0,0.8765853658536585,1.0,1.0,1.0,0.0,0.9166666666666666,1.0,1.0
aberdeenshire_2012_ward15,stv,5,0.8122523805207581,1.0,0.8441994247363374,1.0,0.8348955812340383,1.0,0.8765853658536585,1.0,1.0,1.0,0.0,0.9166666666666666,1.0,1.0
aberdeenshire_2012_ward15,ranked-pairs,5,1.0,1.0,1.0,1.0,1.0,1.0,1.0,1.0,1.0,1.0,1.0,1.0,1.0,1.0
inverclyde_2017_ward1,borda,5,1.0,1.0,1.0,1.0,1.0,1.0,1.0,1.0,1.0,1.0,0.6666666666666667,0.9895833333333334,1.0,1.0
inverclyde_2017_ward1,3-approval,5,0.9190964132168234,1.0,0.9683812068581609,1.0,1.0,1.0,1.0,1.0,0.5,0.6666666666666667,0.5,0.9479166666666666,1.0,0.6666666666666666
inverclyde_2017_ward1,2-approval,5,1.0,1.0,1.0,1.0,1.0,1.0,1.0,1.0,1.0,1.0,0.0,0.8854166666666666,1.0,1.0
inverclyde_2017_ward1,plurality,5,0.7859806455032422,1.0,0.8037135278514589,1.0,1.0,1.0,1.0,1.0,0.6666666666666667,0.9333333333333333,0.0,0.9270833333333334,1.0,1.0
inverclyde_2017_ward1,stv,5,0.7859806455032422,1.0,0.8037135278514589,1.0,1.0,1.0,1.0,1.0,0.6666666666666667,0.9333333333333333,0.0,0.9270833333333334,1.0,1.0
inverclyde_2017_ward1,ranked-pairs,5,1.0,1.0,1.0,1.0,1.0,1.0,1.0,1.0,1.0,1.0,1.0,1.0,1.0,1.0
aberdeenshire_2012_ward10,borda,5,1.0,1.0,1.0,1.0,1.0,1.0,1.0,1.0,1.0,1.0,1.0,1.0,1.0,1.0
aberdeenshire_2012_ward10,3-approval,5,1.0,1.0,1.0,1.0,1.0,1.0,1.0,1.0,1.0,1.0,1.0,1.0,1.0,1.0
aberdeenshire_2012_ward10,2-approval,5,1.0,1.0,1.0,1.0,1.0,1.0,1.0,1.0,1.0,1.0,1.0,1.0,1.0,1.0
aberdeenshire_2012_ward10,plurality,5,0.7726537077722394,1.0,0.7822120866590649,1.0,0.8506097875340821,1.0,0.8974203338391501,1.0,0.8333333333333334,0.9666666666666667,0.0,0.8802083333333334,1.0,0.9333333333333333
aberdeenshire_2012_ward10,stv,5,0.8506097875340821,1.0,0.8974203338391501,1.0,0.8506097875340821,1.0,0.8974203338391501,1.0,0.8333333333333334,0.9333333333333333,0.0,0.9166666666666666,1.0,0.9
aberdeenshire_2012_ward10,ranked-pairs,5,1.0,1.0,1.0,1.0,1.0,1.0,1.0,1.0,1.0,1.0,1.0,1.0,1.0,1.0
renfrewshire_2022_ward11,borda,5,1.0,1.0,1.0,1.0,1.0,1.0,1.0,1.0,0.8333333333333334,0.9333333333333333,0.0,0.9479166666666666,1.0,0.8
renfrewshire_2022_ward11,3-approval,5,0.793636748677924,1.0,0.8157931129857556,1.0,0.8952922224765262,1.0,0.9477822281560597,1.0,1.0,1.0,1.0,1.0,1.0,1.0
renfrewshire_2022_ward11,2-approval,5,0.8598645947915733,1.0,0.9089851701075892,1.0,1.0,1.0,1.0,1.0,0.8333333333333334,0.8333333333333334,0.0,0.7447916666666667,1.0,1.0
renfrewshire_2022_ward11,plurality,5,0.8598645947915733,1.0,0.9089851701075892,1.0,1.0,1.0,1.0,1.0,0.8333333333333334,0.8666666666666667,0.0,0.875,1.0,0.9
renfrewshire_2022_ward11,stv,5,0.8598645947915733,1.0,0.9089851701075892,1.0,1.0,1.0,1.0,1.0,0.6666666666666667,0.8333333333333334,0.0,0.8697916666666667,1.0,1.0
renfrewshire_2022_ward11,ranked-pairs,5,1.0,1.0,1.0,1.0,1.0,1.0,1.0,1.0,1.0,1.0,1.0,1.0,1.0,1.0
shetland_2017_ward7,borda,5,1.0,1.0,1.0,1.0,1.0,1.0,1.0,1.0,1.0,1.0,1.0,1.0,1.0,1.0
shetland_2017_ward7,3-approval,5,0.8241285070832283,1.0,0.8615096693699313,1.0,1.0,1.0,1.0,1.0,1.0,1.0,0.0,0.9375,1.0,1.0
shetland_2017_ward7,2-approval,5,1.0,1.0,1.0,1.0,1.0,1.0,1.0,1.0,1.0,1.0,0.6666666666666667,0.9895833333333334,1.0,1.0
shetland_2017_ward7,plurality,5,0.8804490677905493,1.0,0.9326424870466321,1.0,0.9299337137530185,1.0,0.9761589403973508,1.0,0.8333333333333334,0.9666666666666667,0.0,0.890625,1.0,0.9333333333333333
shetland_2017_ward7,stv,5,0.8804490677905493,1.0,0.9326424870466321,1.0,0.9299337137530185,1.0,0.9761589403973508,1.0,0.8333333333333334,0.9666666666666667,0.0,0.890625,1.0,0.9333333333333333
shetland_2017_ward7,ranked-pairs,5,1.0,1.0,1.0,1.0,1.0,1.0,1.0,1.0,1.0,1.0,1.0,1.0,1.0,1.0
orkney_2017_ward5,borda,5,1.0,1.0,1.0,1.0,1.0,1.0,1.0,1.0,1.0,1.0,1.0,1.0,1.0,1.0
orkney_2017_ward5,3-approval,5,1.0,1.0,1.0,1.0,1.0,1.0,1.0,1.0,1.0,1.0,1.0,1.0,1.0,1.0
orkney_2017_ward5,2-approval,5,0.8108915644427822,1.0,0.8421733505821475,1.0,0.8108915644427822,1.0,0.8421733505821475,1.0,0.8333333333333334,0.9,0.0,0.9114583333333334,1.0,0.7333333333333333
orkney_2017_ward5,plurality,5,0.7831004833594805,1.0,0.7991156032849022,1.0,0.8108915644427822,1.0,0.8421733505821475,1.0,0.6666666666666667,0.9333333333333333,0.0,0.8645833333333333,1.0,1.0
orkney_2017_ward5,stv,5,0.7831004833594805,1.0,0.7991156032849022,1.0,0.8108915644427822,1.0,0.8421733505821475,1.0,0.8333333333333334,0.9,0.0,0.8072916666666667,1.0,0.9
orkney_2017_ward5,ranked-pairs,5,1.0,1.0,1.0,1.0,1.0,1.0,1.0,1.0,1.0,1.0,1.0,1.0,1.0,1.0
eilean_siar_2012_ward8,borda,5,1.0,1.0,1.0,1.0,1.0,1.0,1.0,1.0,1.0,1.0,1.0,1.0,1.0,1.0
eilean_siar_2012_ward8,3-approval,5,1.0,1.0,1.0,1.0,1.0,1.0,1.0,1.0,1.0,1.0,1.0,1.0,1.0,1.0
eilean_siar_2012_ward8,2-approval,5,1.0,1.0,1.0,1.0,1.0,1.0,1.0,1.0,1.0,1.0,1.0,1.0,1.0,1.0
eilean_siar_2012_ward8,plurality,5,0.8807367617074643,1.0,0.9329517579721994,1.0,1.0,1.0,1.0,1.0,1.0,1.0,0.0,0.8645833333333334,1.0,1.0
eilean_siar_2012_ward8,stv,5,0.8807367617074643,1.0,0.9329517579721994,1.0,1.0,1.0,1.0,1.0,1.0,1.0,0.0,0.8645833333333334,1.0,1.0
eilean_siar_2012_ward8,ranked-pairs,5,1.0,1.0,1.0,1.0,1.0,1.0,1.0,1.0,1.0,1.0,1.0,1.0,1.0,1.0
highland_2022_wester_ross_strathpeffer_and_lochalsh,borda,5,1.0,1.0,1.0,1.0,1.0,1.0,1.0,1.0,0.6666666666666667,0.9,0.0,0.8802083333333334,1.0,1.0
highland_2022_wester_ross_strathpeffer_and_lochalsh,3-approval,5,1.0,1.0,1.0,1.0,1.0,1.0,1.0,1.0,0.6666666666666667,0.8666666666666667,0.0,0.8541666666666667,1.0,1.0
highland_2022_wester_ross_strathpeffer_and_lochalsh,2-approval,5,1.0,1.0,1.0,1.0,1.0,1.0,1.0,1.0,1.0,1.0,0.0,0.9166666666666666,1.0,1.0
highland_2022_wester_ross_strathpeffer_and_lochalsh,plurality,5,0.6858620793615662,1.0,0.6335094339622641,1.0,0.6858620793615662,1.0,0.6335094339622641,1.0,0.5,0.7666666666666667,0.0,0.8177083333333334,1.0,0.8666666666666666
highland_2022_wester_ross_strathpeffer_and_lochalsh,stv,5,0.6858620793615662,1.0,0.6335094339622641,1.0,0.6858620793615662,1.0,0.6335094339622641,1.0,0.5,0.7,0.0,0.8072916666666667,1.0,0.7333333333333332
highland_2022_wester_ross_strathpeffer_and_lochalsh,ranked-pairs,5,1.0,1.0,1.0,1.0,1.0,1.0,1.0,1.0,1.0,1.0,1.0,1.0,1.0,1.0
shetland_2012_ward1,borda,5,1.0,1.0,1.0,1.0,1.0,1.0,1.0,1.0,1.0,1.0,1.0,1.0,1.0,1.0
shetland_2012_ward1,3-approval,5,0.83647687589025,1.0,0.8787465940054496,1.0,1.0,1.0,1.0,1.0,1.0,1.0,1.0,1.0,1.0,1.0
shetland_2012_ward1,2-approval,5,1.0,1.0,1.0,1.0,1.0,1.0,1.0,1.0,0.8333333333333334,0.9666666666666667,0.0,0.953125,1.0,0.9
shetland_2012_ward1,plurality,5,1.0,1.0,1.0,1.0,1.0,1.0,1.0,1.0,0.8333333333333334,0.9666666666666667,0.8333333333333334,0.9947916666666666,1.0,1.0
shetland_2012_ward1,stv,5,1.0,1.0,1.0,1.0,1.0,1.0,1.0,1.0,1.0,1.0,1.0,1.0,1.0,1.0
shetland_2012_ward1,ranked-pairs,5,1.0,1.0,1.0,1.0,1.0,1.0,1.0,1.0,1.0,1.0,1.0,1.0,1.0,1.0
shetland_2017_ward1,borda,5,0.9117156301536503,1.0,0.9625,1.0,1.0,1.0,1.0,1.0,0.8333333333333334,0.9333333333333333,0.0,0.9270833333333334,1.0,1.0
shetland_2017_ward1,3-approval,5,0.9150686381815364,1.0,0.9652294853963839,1.0,1.0,1.0,1.0,1.0,0.8333333333333334,0.9333333333333333,0.0,0.8645833333333334,1.0,1.0
shetland_2017_ward1,2-approval,5,1.0,1.0,1.0,1.0,1.0,1.0,1.0,1.0,0.8333333333333334,0.9333333333333333,0.0,0.8645833333333334,1.0,1.0
shetland_2017_ward1,plurality,5,0.8330209677320749,1.0,0.8740053050397879,1.0,1.0,1.0,1.0,1.0,0.8333333333333334,0.9333333333333333,0.0,0.8854166666666666,1.0,1.0
shetland_2017_ward1,stv,5,0.8330209677320749,1.0,0.8740053050397879,1.0,1.0,1.0,1.0,1.0,0.8333333333333334,0.9333333333333333,0.0,0.8854166666666666,1.0,1.0
shetland_2017_ward1,ranked-pairs,5,1.0,1.0,1.0,1.0,1.0,1.0,1.0,1.0,1.0,1.0,1.0,1.0,1.0,1.0
moray_2022_ward1,borda,5,0.9385449486955859,1.0,0.9815914489311165,1.0,1.0,1.0,1.0,1.0,1.0,1.0,1.0,1.0,1.0,1.0
moray_2022_ward1,3-approval,5,0.9385449486955859,1.0,0.9815914489311165,1.0,1.0,1.0,1.0,1.0,1.0,1.0,1.0,1.0,1.0,1.0
moray_2022_ward1,2-approval,5,0.9385449486955859,1.0,0.9815914489311165,1.0,1.0,1.0,1.0,1.0,1.0,1.0,1.0,1.0,1.0,1.0
moray_2022_ward1,plurality,5,0.9115515780718313,1.0,0.9623640105851221,1.0,1.0,1.0,1.0,1.0,0.8333333333333334,0.9333333333333333,0.0,0.9270833333333334,1.0,0.9
moray_2022_ward1,stv,5,0.9115515780718313,1.0,0.9623640105851221,1.0,1.0,1.0,1.0,1.0,0.8333333333333334,0.9333333333333333,0.0,0.9270833333333334,1.0,1.0
moray_2022_ward1,ranked-pairs,5,1.0,1.0,1.0,1.0,1.0,1.0,1.0,1.0,1.0,1.0,1.0,1.0,1.0,1.0
dumgal_2022_ward2,borda,5,1.0,1.0,1.0,1.0,1.0,1.0,1.0,1.0,1.0,1.0,1.0,1.0,1.0,1.0
dumgal_2022_ward2,3-approval,5,0.7964966975541419,1.0,0.8202494497432137,1.0,1.0,1.0,1.0,1.0,1.0,1.0,0.0,0.9375,1.0,1.0
dumgal_2022_ward2,2-approval,5,0.9140007470846521,1.0,0.9643705463182897,1.0,0.9140007470846521,1.0,0.9643705463182897,1.0,0.8333333333333334,0.9333333333333333,0.0,0.8541666666666667,1.0,0.8666666666666666
dumgal_2022_ward2,plurality,5,0.7876303224559293,1.0,0.8063341827448126,1.0,1.0,1.0,1.0,1.0,0.6666666666666667,0.8333333333333334,0.0,0.8697916666666666,1.0,0.9333333333333332
dumgal_2022_ward2,stv,5,0.7876303224559293,1.0,0.8063341827448126,1.0,1.0,1.0,1.0,1.0,0.6666666666666667,0.8333333333333334,0.0,0.8697916666666666,1.0,0.9333333333333332
dumgal_2022_ward2,ranked-pairs,5,1.0,1.0,1.0,1.0,1.0,1.0,1.0,1.0,1.0,1.0,1.0,1.0,1.0,1.0
dumgal_2022_ward8,borda,5,0.9609638729730149,1.0,0.992517770295548,1.0,1.0,1.0,1.0,1.0,0.8333333333333334,0.9666666666666667,0.0,0.9427083333333334,1.0,1.0
dumgal_2022_ward8,3-approval,5,0.9609638729730149,1.0,0.992517770295548,1.0,1.0,1.0,1.0,1.0,0.6666666666666667,0.9,0.0,0.921875,1.0,1.0
dumgal_2022_ward8,2-approval,5,0.8139673123230077,1.0,0.8467406380027738,1.0,1.0,1.0,1.0,1.0,0.33333333333333337,0.6666666666666667,0.0,0.7395833333333334,1.0,1.0
dumgal_2022_ward8,plurality,5,0.8567906085626313,1.0,0.9052047934179931,1.0,1.0,1.0,1.0,1.0,0.6666666666666667,0.8333333333333334,0.0,0.8697916666666666,1.0,0.9333333333333332
dumgal_2022_ward8,stv,5,0.8567906085626313,1.0,0.9052047934179931,1.0,1.0,1.0,1.0,1.0,0.6666666666666667,0.8333333333333334,0.0,0.8697916666666666,1.0,0.9333333333333332
dumgal_2022_ward8,ranked-pairs,5,1.0,1.0,1.0,1.0,1.0,1.0,1.0,1.0,1.0,1.0,1.0,1.0,1.0,1.0
edinburgh_2017_ward13,borda,5,1.0,1.0,1.0,1.0,1.0,1.0,1.0,1.0,1.0,1.0,0.0,0.9583333333333334,1.0,1.0
edinburgh_2017_ward13,3-approval,5,0.8522039018146722,1.0,0.899451097804391,1.0,1.0,1.0,1.0,1.0,0.8333333333333334,0.9333333333333333,0.8333333333333334,0.9895833333333334,1.0,1.0
edinburgh_2017_ward13,2-approval,5,0.7005269987385079,1.0,0.6591478696741854,1.0,1.0,1.0,1.0,1.0,0.6666666666666667,0.8,0.0,0.8333333333333333,1.0,1.0
edinburgh_2017_ward13,plurality,5,0.7005269987385079,1.0,0.6591478696741854,1.0,1.0,1.0,1.0,1.0,0.8333333333333334,0.9666666666666667,0.0,0.9427083333333334,1.0,1.0
edinburgh_2017_ward13,stv,5,0.7005269987385079,1.0,0.6591478696741854,1.0,1.0,1.0,1.0,1.0,0.8333333333333334,0.9,0.0,0.9114583333333334,1.0,1.0
edinburgh_2017_ward13,ranked-pairs,5,1.0,1.0,1.0,1.0,1.0,1.0,1.0,1.0,1.0,1.0,1.0,1.0,1.0,1.0
east_ayrshire_2012_ward5,borda,5,1.0,1.0,1.0,1.0,1.0,1.0,1.0,1.0,0.8333333333333334,0.9333333333333333,0.0,0.9270833333333334,1.0,0.9
east_ayrshire_2012_ward5,3-approval,5,0.9808832367515418,1.0,0.9981987391173822,1.0,1.0,1.0,1.0,1.0,1.0,1.0,1.0,1.0,1.0,1.0
east_ayrshire_2012_ward5,2-approval,5,0.9384616480872904,1.0,0.981542125632629,1.0,0.9384616480872904,1.0,0.981542125632629,1.0,0.6666666666666667,0.8666666666666667,0.0,0.875,1.0,0.7333333333333333
east_ayrshire_2012_ward5,plurality,5,0.9384616480872904,1.0,0.981542125632629,1.0,0.9384616480872904,1.0,0.981542125632629,1.0,0.6666666666666667,0.8666666666666667,0.0,0.8958333333333334,1.0,0.9
east_ayrshire_2012_ward5,stv,5,0.9384616480872904,1.0,0.981542125632629,1.0,0.9384616480872904,1.0,0.981542125632629,1.0,0.6666666666666667,0.8333333333333334,0.0,0.890625,1.0,0.8333333333333333
east_ayrshire_2012_ward5,ranked-pairs,5,1.0,1.0,1.0,1.0,1.0,1.0,1.0,1.0,1.0,1.0,1.0,1.0,1.0,1.0
dumgal_2012_ward9,borda,5,1.0,1.0,1.0,1.0,1.0,1.0,1.0,1.0,0.8333333333333334,0.9333333333333333,0.6666666666666667,0.9791666666666666,1.0,1.0
dumgal_2012_ward9,3-approval,5,1.0,1.0,1.0,1.0,1.0,1.0,1.0,1.0,1.0,1.0,1.0,1.0,1.0,1.0
dumgal_2012_ward9,2-approval,5,1.0,1.0,1.0,1.0,1.0,1.0,1.0,1.0,1.0,1.0,1.0,1.0,1.0,1.0
dumgal_2012_ward9,plurality,5,0.73881047822328,1.0,0.7254901960784313,1.0,0.73881047822328,0.9109526995053371,0.7254901960784313,0.9618656497506599,0.5,0.8666666666666667,0.0,0.7395833333333334,1.0,0.9333333333333332
dumgal_2012_ward9,stv,5,0.8111959605406457,1.0,0.8426272867533614,1.0,0.9618409372154748,1.0,0.9928486293206197,1.0,0.6666666666666667,0.8,0.0,0.7916666666666666,1.0,0.9333333333333332
dumgal_2012_ward9,ranked-pairs,5,1.0,1.0,1.0,1.0,1.0,1.0,1.0,1.0,1.0,1.0,1.0,1.0,1.0,1.0
fife_2012_ward9,borda,5,1.0,1.0,1.0,1.0,1.0,1.0,1.0,1.0,1.0,1.0,1.0,1.0,1.0,1.0
fife_2012_ward9,3-approval,5,1.0,1.0,1.0,1.0,1.0,1.0,1.0,1.0,0.8333333333333334,0.9333333333333333,0.0,0.8645833333333334,1.0,0.8
fife_2012_ward9,2-approval,5,0.8541226658307212,1.0,0.9018743109151046,1.0,1.0,1.0,1.0,1.0,0.8333333333333334,0.9333333333333333,0.0,0.9270833333333334,1.0,1.0
fife_2012_ward9,plurality,5,1.0,1.0,1.0,1.0,1.0,1.0,1.0,1.0,1.0,1.0,1.0,1.0,1.0,1.0
fife_2012_ward9,stv,5,1.0,1.0,1.0,1.0,1.0,1.0,1.0,1.0,1.0,1.0,1.0,1.0,1.0,1.0
fife_2012_ward9,ranked-pairs,5,1.0,1.0,1.0,1.0,1.0,1.0,1.0,1.0,1.0,1.0,1.0,1.0,1.0,1.0
west_dunbartonshire_2022_ward4,borda,5,1.0,1.0,1.0,1.0,1.0,1.0,1.0,1.0,1.0,1.0,1.0,1.0,1.0,1.0
west_dunbartonshire_2022_ward4,3-approval,5,1.0,1.0,1.0,1.0,1.0,1.0,1.0,1.0,1.0,1.0,1.0,1.0,1.0,1.0
west_dunbartonshire_2022_ward4,2-approval,5,1.0,1.0,1.0,1.0,1.0,1.0,1.0,1.0,1.0,1.0,1.0,1.0,1.0,1.0
west_dunbartonshire_2022_ward4,plurality,5,0.7576717946495266,1.0,0.7574246202675129,1.0,0.7576717946495266,1.0,0.7574246202675129,1.0,0.6666666666666667,0.9333333333333333,0.0,0.875,1.0,0.9
west_dunbartonshire_2022_ward4,stv,5,0.7869847263307345,1.0,0.8053097345132743,1.0,1.0,1.0,1.0,1.0,0.8333333333333334,0.9333333333333333,0.0,0.9166666666666666,1.0,0.9
west_dunbartonshire_2022_ward4,ranked-pairs,5,1.0,1.0,1.0,1.0,1.0,1.0,1.0,1.0,1.0,1.0,1.0,1.0,1.0,1.0
east_dunbartonshire_2012_ward5,borda,5,1.0,1.0,1.0,1.0,1.0,1.0,1.0,1.0,1.0,1.0,1.0,1.0,1.0,1.0
east_dunbartonshire_2012_ward5,3-approval,5,1.0,1.0,1.0,1.0,1.0,1.0,1.0,1.0,0.8333333333333334,0.9666666666666667,0.8333333333333334,0.9947916666666666,1.0,0.9333333333333332
east_dunbartonshire_2012_ward5,2-approval,5,1.0,1.0,1.0,1.0,1.0,1.0,1.0,1.0,1.0,1.0,0.6666666666666667,0.9895833333333334,1.0,1.0
east_dunbartonshire_2012_ward5,plurality,5,1.0,1.0,1.0,1.0,1.0,1.0,1.0,1.0,1.0,1.0,1.0,1.0,1.0,1.0
east_dunbartonshire_2012_ward5,stv,5,1.0,1.0,1.0,1.0,1.0,1.0,1.0,1.0,1.0,1.0,1.0,1.0,1.0,1.0
east_dunbartonshire_2012_ward5,ranked-pairs,5,1.0,1.0,1.0,1.0,1.0,1.0,1.0,1.0,1.0,1.0,1.0,1.0,1.0,1.0
perth_kinross_2012_ward5,borda,5,1.0,1.0,1.0,1.0,1.0,1.0,1.0,1.0,0.8333333333333334,0.9333333333333333,0.6666666666666667,0.9791666666666666,1.0,1.0
perth_kinross_2012_ward5,3-approval,5,0.8499317002285198,1.0,0.8965517241379312,1.0,1.0,1.0,1.0,1.0,0.8333333333333334,0.9,0.8333333333333334,0.984375,1.0,1.0
perth_kinross_2012_ward5,2-approval,5,0.8499317002285198,1.0,0.8965517241379312,1.0,1.0,1.0,1.0,1.0,0.8333333333333334,0.9666666666666667,0.6666666666666667,0.9635416666666666,1.0,1.0
perth_kinross_2012_ward5,plurality,5,0.73112116992477,1.0,0.7122920021470748,1.0,1.0,1.0,1.0,1.0,0.8333333333333334,0.9,0.0,0.828125,1.0,1.0
perth_kinross_2012_ward5,stv,5,0.73112116992477,1.0,0.7122920021470748,1.0,1.0,1.0,1.0,1.0,0.8333333333333334,0.9,0.0,0.828125,1.0,1.0
perth_kinross_2012_ward5,ranked-pairs,5,1.0,1.0,1.0,1.0,1.0,1.0,1.0,1.0,1.0,1.0,1.0,1.0,1.0,1.0
north_lanarkshire_2017_ward14,borda,5,1.0,1.0,1.0,1.0,1.0,1.0,1.0,1.0,1.0,1.0,1.0,1.0,1.0,1.0
north_lanarkshire_2017_ward14,3-approval,5,1.0,1.0,1.0,1.0,1.0,1.0,1.0,1.0,1.0,1.0,1.0,1.0,1.0,1.0
north_lanarkshire_2017_ward14,2-approval,5,1.0,1.0,1.0,1.0,1.0,1.0,1.0,1.0,1.0,1.0,1.0,1.0,1.0,1.0
north_lanarkshire_2017_ward14,plurality,5,0.7296753804170848,1.0,0.7098010585873334,1.0,1.0,1.0,1.0,1.0,0.6666666666666667,0.8666666666666667,0.0,0.8541666666666667,1.0,0.9
north_lanarkshire_2017_ward14,stv,5,0.8078291543696166,1.0,0.8375833660258925,1.0,1.0,1.0,1.0,1.0,0.8333333333333334,0.8666666666666667,0.0,0.8958333333333334,1.0,0.9
north_lanarkshire_2017_ward14,ranked-pairs,5,1.0,1.0,1.0,1.0,1.0,1.0,1.0,1.0,1.0,1.0,1.0,1.0,1.0,1.0
falkirk_2012_ward6,borda,5,0.8734041665554134,1.0,0.9248809087577867,1.0,1.0,1.0,1.0,1.0,1.0,1.0,1.0,1.0,1.0,1.0
falkirk_2012_ward6,3-approval,5,1.0,1.0,1.0,1.0,1.0,1.0,1.0,1.0,0.8333333333333334,0.9333333333333333,0.0,0.9270833333333334,1.0,1.0
falkirk_2012_ward6,2-approval,5,0.8734041665554134,1.0,0.9248809087577867,1.0,1.0,1.0,1.0,1.0,0.8333333333333334,0.9666666666666667,0.6666666666666667,0.9635416666666666,1.0,1.0
falkirk_2012_ward6,plurality,5,0.8017835425019438,1.0,0.8284023668639052,1.0,1.0,1.0,1.0,1.0,0.6666666666666667,0.9333333333333333,0.0,0.8854166666666666,1.0,1.0
falkirk_2012_ward6,stv,5,0.8017835425019438,1.0,0.8284023668639052,1.0,1.0,1.0,1.0,1.0,0.8333333333333334,0.9,0.0,0.921875,1.0,1.0
falkirk_2012_ward6,ranked-pairs,5,1.0,1.0,1.0,1.0,1.0,1.0,1.0,1.0,1.0,1.0,1.0,1.0,1.0,1.0
dumgal_2022_ward7,borda,5,1.0,1.0,1.0,1.0,1.0,1.0,1.0,1.0,1.0,1.0,0.0,0.9479166666666666,1.0,1.0
dumgal_2022_ward7,3-approval,5,0.8470128693626363,1.0,0.8927805575411006,1.0,1.0,1.0,1.0,1.0,0.8333333333333334,0.9333333333333333,0.8333333333333334,0.9895833333333334,1.0,0.8
dumgal_2022_ward7,2-approval,5,0.8622810512927862,1.0,0.9119133574007221,1.0,0.8622810512927862,1.0,0.9119133574007221,1.0,0.8333333333333334,0.9333333333333333,0.0,0.8645833333333333,1.0,0.8
dumgal_2022_ward7,plurality,5,0.7633596619137543,1.0,0.7669039145907474,1.0,0.8432422366098772,1.0,0.887832699619772,1.0,0.5,0.8333333333333334,0.0,0.7760416666666666,1.0,0.8
dumgal_2022_ward7,stv,5,0.7633596619137543,1.0,0.7669039145907474,1.0,0.8432422366098772,1.0,0.887832699619772,1.0,0.6666666666666667,0.8,0.0,0.78125,1.0,0.8333333333333333
dumgal_2022_ward7,ranked-pairs,5,1.0,1.0,1.0,1.0,1.0,1.0,1.0,1.0,1.0,1.0,1.0,1.0,1.0,1.0
clackmannanshire_2012_ward4,borda,5,1.0,1.0,1.0,1.0,1.0,1.0,1.0,1.0,1.0,1.0,1.0,1.0,1.0,1.0
clackmannanshire_2012_ward4,3-approval,5,0.8001631249491997,1.0,0.8259154929577466,1.0,1.0,1.0,1.0,1.0,0.8333333333333334,0.9666666666666667,0.8333333333333334,0.9947916666666666,1.0,1.0
clackmannanshire_2012_ward4,2-approval,5,1.0,1.0,1.0,1.0,1.0,1.0,1.0,1.0,1.0,1.0,0.0,0.9583333333333334,1.0,1.0
clackmannanshire_2012_ward4,plurality,5,0.793893852738161,1.0,0.8161950126085737,1.0,1.0,1.0,1.0,1.0,0.6666666666666667,0.8666666666666667,0.0,0.8958333333333334,1.0,1.0
clackmannanshire_2012_ward4,stv,5,0.793893852738161,1.0,0.8161950126085737,1.0,1.0,1.0,1.0,1.0,0.6666666666666667,0.8666666666666667,0.0,0.8958333333333334,1.0,1.0
clackmannanshire_2012_ward4,ranked-pairs,5,1.0,1.0,1.0,1.0,1.0,1.0,1.0,1.0,1.0,1.0,1.0,1.0,1.0,1.0
north_lanarkshire_2017_ward16,borda,5,1.0,1.0,1.0,1.0,1.0,1.0,1.0,1.0,1.0,1.0,1.0,1.0,1.0,1.0
north_lanarkshire_2017_ward16,3-approval,5,1.0,1.0,1.0,1.0,1.0,1.0,1.0,1.0,1.0,1.0,1.0,1.0,1.0,1.0
north_lanarkshire_2017_ward16,2-approval,5,0.8599895858900365,1.0,0.9091375770020537,1.0,1.0,1.0,1.0,1.0,0.8333333333333334,0.9,0.0,0.9322916666666666,1.0,1.0
north_lanarkshire_2017_ward16,plurality,5,0.6386323183851303,1.0,0.5515227367542762,1.0,0.6386323183851303,1.0,0.5515227367542762,1.0,0.5,0.7666666666666667,0.0,0.7552083333333333,1.0,0.8
north_lanarkshire_2017_ward16,stv,5,0.7169484315778378,1.0,0.6877694576809621,1.0,1.0,1.0,1.0,1.0,0.5,0.8333333333333334,0.0,0.828125,1.0,0.9
north_lanarkshire_2017_ward16,ranked-pairs,5,1.0,1.0,1.0,1.0,1.0,1.0,1.0,1.0,1.0,1.0,1.0,1.0,1.0,1.0
west_lothian_2012_ward9,borda,5,0.9333211445692576,1.0,0.9783759929390998,1.0,1.0,1.0,1.0,1.0,1.0,1.0,0.0,0.9479166666666666,1.0,1.0
west_lothian_2012_ward9,3-approval,5,0.9333211445692576,1.0,0.9783759929390998,1.0,1.0,1.0,1.0,1.0,0.8333333333333334,0.9666666666666667,0.0,0.9322916666666666,1.0,1.0
west_lothian_2012_ward9,2-approval,5,0.9333211445692576,1.0,0.9783759929390998,1.0,1.0,1.0,1.0,1.0,0.8333333333333334,0.9333333333333333,0.0,0.9375,1.0,1.0
west_lothian_2012_ward9,plurality,5,0.9333211445692576,1.0,0.9783759929390998,1.0,1.0,1.0,1.0,1.0,0.6666666666666667,0.9333333333333333,0.0,0.9375,1.0,1.0
west_lothian_2012_ward9,stv,5,1.0,1.0,1.0,1.0,1.0,1.0,1.0,1.0,0.8333333333333334,0.9666666666666667,0.6666666666666667,0.9739583333333334,1.0,1.0
west_lothian_2012_ward9,ranked-pairs,5,1.0,1.0,1.0,1.0,1.0,1.0,1.0,1.0,1.0,1.0,1.0,1.0,1.0,1.0
sc_borders_2017_ward2,borda,5,1.0,1.0,1.0,1.0,1.0,1.0,1.0,1.0,1.0,1.0,1.0,1.0,1.0,1.0
sc_borders_2017_ward2,3-approval,5,0.8100744510295668,1.0,0.8409527468305801,1.0,1.0,1.0,1.0,1.0,0.8333333333333334,0.9,0.0,0.859375,1.0,1.0
sc_borders_2017_ward2,2-approval,5,0.9739811783269688,1.0,0.9966666666666667,1.0,1.0,1.0,1.0,1.0,0.8333333333333334,0.9666666666666667,0.0,0.8802083333333334,1.0,1.0
sc_borders_2017_ward2,plurality,5,0.7910401426257155,1.0,0.8117202268431002,1.0,0.8042419117074534,1.0,0.8321544637736569,1.0,0.5,0.8,0.0,0.8333333333333333,1.0,0.8
sc_borders_2017_ward2,stv,5,0.7910401426257155,1.0,0.8117202268431002,1.0,0.8042419117074534,1.0,0.8321544637736569,1.0,0.5,0.7666666666666667,0.0,0.828125,1.0,0.8
sc_borders_2017_ward2,ranked-pairs,5,1.0,1.0,1.0,1.0,1.0,1.0,1.0,1.0,1.0,1.0,1.0,1.0,1.0,1.0
east_renfrewshire_2012_ward3,borda,5,1.0,1.0,1.0,1.0,1.0,1.0,1.0,1.0,1.0,1.0,1.0,1.0,1.0,1.0
east_renfrewshire_2012_ward3,3-approval,5,1.0,1.0,1.0,1.0,1.0,1.0,1.0,1.0,1.0,1.0,1.0,1.0,1.0,1.0
east_renfrewshire_2012_ward3,2-approval,5,0.8859248763907772,1.0,0.9384232069763302,1.0,0.9241220802137906,1.0,0.9721166032953102,1.0,0.6666666666666667,0.8,0.0,0.84375,1.0,0.7333333333333333
east_renfrewshire_2012_ward3,plurality,5,0.8441294344690192,1.0,0.8890045091918138,1.0,0.8441294344690192,1.0,0.8890045091918138,1.0,0.6666666666666667,0.9,0.0,0.7239583333333333,1.0,1.0
east_renfrewshire_2012_ward3,stv,5,0.8441294344690192,1.0,0.8890045091918138,1.0,0.8441294344690192,1.0,0.8890045091918138,1.0,0.6666666666666667,0.8666666666666667,0.0,0.71875,1.0,0.9
east_renfrewshire_2012_ward3,ranked-pairs,5,1.0,1.0,1.0,1.0,1.0,1.0,1.0,1.0,1.0,1.0,1.0,1.0,1.0,1.0
aberdeenshire_2017_ward7,borda,5,1.0,1.0,1.0,1.0,1.0,1.0,1.0,1.0,1.0,1.0,0.0,0.96875,1.0,1.0
aberdeenshire_2017_ward7,3-approval,5,0.9053056878500249,1.0,0.957018927444795,1.0,0.9053056878500249,1.0,0.957018927444795,1.0,0.8333333333333334,0.9,0.8333333333333334,0.984375,1.0,1.0
aberdeenshire_2017_ward7,2-approval,5,1.0,1.0,1.0,1.0,1.0,1.0,1.0,1.0,1.0,1.0,0.0,0.90625,1.0,1.0
aberdeenshire_2017_ward7,plurality,5,0.7408450466364498,1.0,0.728967078906114,1.0,1.0,1.0,1.0,1.0,0.8333333333333334,0.9666666666666667,0.0,0.9114583333333334,1.0,1.0
aberdeenshire_2017_ward7,stv,5,0.7408450466364498,1.0,0.728967078906114,1.0,1.0,1.0,1.0,1.0,0.8333333333333334,0.9666666666666667,0.0,0.9114583333333334,1.0,1.0
aberdeenshire_2017_ward7,ranked-pairs,5,1.0,1.0,1.0,1.0,1.0,1.0,1.0,1.0,1.0,1.0,1.0,1.0,1.0,1.0
highland_2022_fort_william,borda,5,1.0,1.0,1.0,1.0,1.0,1.0,1.0,1.0,1.0,1.0,1.0,1.0,1.0,1.0
highland_2022_fort_william,3-approval,5,1.0,1.0,1.0,1.0,1.0,1.0,1.0,1.0,0.8333333333333334,0.9333333333333333,0.8333333333333334,0.9895833333333334,1.0,1.0
highland_2022_fort_william,2-approval,5,0.8722668129268852,1.0,0.9235944257568478,1.0,1.0,1.0,1.0,1.0,0.8333333333333334,0.9,0.0,0.9114583333333334,1.0,1.0
highland_2022_fort_william,plurality,5,0.6714159917765217,1.0,0.6082764162314184,1.0,0.6714159917765217,1.0,0.6082764162314184,1.0,0.6666666666666667,0.8,0.0,0.8125,1.0,0.7333333333333333
highland_2022_fort_william,stv,5,1.0,1.0,1.0,1.0,1.0,1.0,1.0,1.0,0.8333333333333334,0.9666666666666667,0.6666666666666667,0.9635416666666666,1.0,1.0
highland_2022_fort_william,ranked-pairs,5,1.0,1.0,1.0,1.0,1.0,1.0,1.0,1.0,1.0,1.0,1.0,1.0,1.0,1.0
west_dunbartonshire_2017_ward4,borda,5,1.0,1.0,0.9065420560747666,1.0,1.0,1.0,1.0,1.0,0.8333333333333334,0.9333333333333333,0.6666666666666667,0.9375,1.0,0.9333333333333333
west_dunbartonshire_2017_ward4,3-approval,5,0.8578722923862011,1.0,0.9065420560747666,1.0,0.8578722923862011,1.0,0.9065420560747666,1.0,1.0,1.0,1.0,1.0,1.0,1.0
west_dunbartonshire_2017_ward4,2-approval,5,0.8578722923862011,1.0,0.9065420560747666,1.0,0.8578722923862011,1.0,0.9065420560747666,1.0,1.0,1.0,0.6666666666666667,0.9895833333333334,1.0,1.0
west_dunbartonshire_2017_ward4,plurality,5,0.8463214651365796,1.0,0.89187966523411,1.0,0.8463214651365796,1.0,0.89187966523411,1.0,0.6666666666666667,0.9333333333333333,0.0,0.8958333333333334,1.0,0.9
west_dunbartonshire_2017_ward4,stv,5,1.0,1.0,1.0,1.0,1.0,1.0,1.0,1.0,0.8333333333333334,0.9333333333333333,0.6666666666666667,0.9583333333333334,1.0,0.9
west_dunbartonshire_2017_ward4,ranked-pairs,5,1.0,1.0,1.0,1.0,1.0,1.0,1.0,1.0,1.0,1.0,1.0,1.0,1.0,1.0
edinburgh_2022_ward15,borda,5,1.0,1.0,1.0,1.0,1.0,1.0,1.0,1.0,0.8333333333333334,0.9666666666666667,0.0,0.9427083333333334,1.0,1.0
edinburgh_2022_ward15,3-approval,5,1.0,1.0,1.0,1.0,1.0,1.0,1.0,1.0,0.8333333333333334,0.9333333333333333,0.0,0.9270833333333334,1.0,1.0
edinburgh_2022_ward15,2-approval,5,0.909234483915494,1.0,0.960419091967404,1.0,1.0,1.0,1.0,1.0,0.8333333333333334,0.9,0.0,0.890625,1.0,1.0
edinburgh_2022_ward15,plurality,5,0.623625409992625,1.0,0.5259546925566343,1.0,0.623625409992625,0.8493953392738096,0.5259546925566343,0.8958626512806082,0.6666666666666667,0.8,0.0,0.8229166666666667,1.0,0.7999999999999999
edinburgh_2022_ward15,stv,5,0.791487123083985,1.0,0.8124231242312424,1.0,1.0,1.0,1.0,1.0,0.8333333333333334,0.8666666666666667,0.0,0.8958333333333334,1.0,0.9333333333333332
edinburgh_2022_ward15,ranked-pairs,5,1.0,1.0,1.0,1.0,1.0,1.0,1.0,1.0,1.0,1.0,1.0,1.0,1.0,1.0
fife_2012_ward2,borda,5,1.0,1.0,1.0,1.0,1.0,1.0,1.0,1.0,1.0,1.0,1.0,1.0,1.0,1.0
fife_2012_ward2,3-approval,5,1.0,1.0,1.0,1.0,1.0,1.0,1.0,1.0,1.0,1.0,1.0,1.0,1.0,1.0
fife_2012_ward2,2-approval,5,1.0,1.0,1.0,1.0,1.0,1.0,1.0,1.0,0.8333333333333334,0.9666666666666667,0.6666666666666667,0.984375,1.0,1.0
fife_2012_ward2,plurality,5,0.753759512441308,1.0,0.7508602890571233,1.0,1.0,1.0,1.0,1.0,0.8333333333333334,0.9333333333333333,0.0,0.8854166666666666,1.0,1.0
fife_2012_ward2,stv,5,0.753759512441308,1.0,0.7508602890571233,1.0,1.0,1.0,1.0,1.0,0.8333333333333334,0.9333333333333333,0.0,0.8854166666666666,1.0,1.0
fife_2012_ward2,ranked-pairs,5,1.0,1.0,1.0,1.0,1.0,1.0,1.0,1.0,1.0,1.0,1.0,1.0,1.0,1.0
falkirk_2012_ward9,borda,5,1.0,1.0,1.0,1.0,1.0,1.0,1.0,1.0,0.8333333333333334,0.9666666666666667,0.6666666666666667,0.984375,1.0,0.9
falkirk_2012_ward9,3-approval,5,1.0,1.0,1.0,1.0,1.0,1.0,1.0,1.0,0.8333333333333334,0.9666666666666667,0.8333333333333334,0.9947916666666666,1.0,0.9
falkirk_2012_ward9,2-approval,5,1.0,1.0,1.0,1.0,1.0,1.0,1.0,1.0,0.8333333333333334,0.9333333333333333,0.6666666666666667,0.9583333333333334,1.0,0.9333333333333332
falkirk_2012_ward9,plurality,5,0.6610755904198913,1.0,0.5902751601960046,1.0,1.0,1.0,1.0,1.0,0.5,0.8333333333333334,0.0,0.8697916666666667,1.0,0.9
falkirk_2012_ward9,stv,5,0.9305580465465546,1.0,0.9765753103771375,1.0,0.9305580465465546,1.0,0.9765753103771375,1.0,0.6666666666666667,0.8666666666666667,0.0,0.8854166666666666,1.0,0.9
falkirk_2012_ward9,ranked-pairs,5,1.0,1.0,1.0,1.0,1.0,1.0,1.0,1.0,1.0,1.0,1.0,1.0,1.0,1.0
sc_borders_2012_ward6,borda,5,1.0,1.0,1.0,1.0,1.0,1.0,1.0,1.0,0.6666666666666667,0.8666666666666667,0.0,0.875,1.0,0.9
sc_borders_2012_ward6,3-approval,5,0.8921236902417958,1.0,0.9446927374301676,1.0,0.8921236902417958,1.0,0.9446927374301676,1.0,0.16666666666666663,0.7333333333333334,0.0,0.8958333333333334,1.0,0.7
sc_borders_2012_ward6,2-approval,5,0.9258588679945856,1.0,0.973356009070295,1.0,0.9258588679945856,1.0,0.973356009070295,1.0,0.8333333333333334,0.9666666666666667,0.0,0.7447916666666667,1.0,0.9
sc_borders_2012_ward6,plurality,5,0.9094176603228512,1.0,0.9605744860602647,1.0,1.0,1.0,1.0,1.0,0.6666666666666667,0.9,0.0,0.890625,1.0,0.9
sc_borders_2012_ward6,stv,5,0.9094176603228512,1.0,0.9605744860602647,1.0,1.0,1.0,1.0,1.0,0.6666666666666667,0.8333333333333334,0.0,0.8802083333333334,1.0,0.9
sc_borders_2012_ward6,ranked-pairs,5,1.0,1.0,1.0,1.0,1.0,1.0,1.0,1.0,1.0,1.0,1.0,1.0,1.0,1.0
aberdeenshire_2017_ward9,borda,5,1.0,1.0,1.0,1.0,1.0,1.0,1.0,1.0,0.8333333333333334,0.9333333333333333,0.0,0.8854166666666666,1.0,0.8666666666666666
aberdeenshire_2017_ward9,3-approval,5,0.8139014056106084,1.0,0.8466432278586975,1.0,0.9464014721226525,1.0,0.9859560676989557,1.0,0.8333333333333334,0.9666666666666667,0.0,0.9322916666666666,1.0,1.0
aberdeenshire_2017_ward9,2-approval,5,1.0,1.0,1.0,1.0,1.0,1.0,1.0,1.0,0.8333333333333334,0.9,0.0,0.8489583333333333,1.0,0.9333333333333332
aberdeenshire_2017_ward9,plurality,5,1.0,1.0,1.0,1.0,1.0,1.0,1.0,1.0,0.8333333333333334,0.9333333333333333,0.33333333333333337,0.9479166666666666,1.0,1.0
aberdeenshire_2017_ward9,stv,5,1.0,1.0,1.0,1.0,1.0,1.0,1.0,1.0,0.8333333333333334,0.8666666666666667,0.33333333333333337,0.9375,1.0,0.8666666666666666
aberdeenshire_2017_ward9,ranked-pairs,5,1.0,1.0,1.0,1.0,1.0,1.0,1.0,1.0,1.0,1.0,1.0,1.0,1.0,1.0
aberdeenshire_2017_ward15,borda,5,1.0,1.0,1.0,1.0,1.0,1.0,1.0,1.0,1.0,1.0,1.0,1.0,1.0,1.0
aberdeenshire_2017_ward15,3-approval,5,1.0,1.0,1.0,1.0,1.0,1.0,1.0,1.0,0.8333333333333334,0.9666666666666667,0.8333333333333334,0.9947916666666666,1.0,1.0
aberdeenshire_2017_ward15,2-approval,5,1.0,1.0,1.0,1.0,1.0,1.0,1.0,1.0,1.0,1.0,0.6666666666666667,0.9895833333333334,1.0,1.0
aberdeenshire_2017_ward15,plurality,5,0.7754357870677916,1.0,0.7867467617796133,1.0,1.0,1.0,1.0,1.0,0.8333333333333334,0.9333333333333333,0.0,0.9375,1.0,1.0
aberdeenshire_2017_ward15,stv,5,0.7754357870677916,1.0,0.7867467617796133,1.0,1.0,1.0,1.0,1.0,0.8333333333333334,0.9666666666666667,0.0,0.9427083333333334,1.0,1.0
aberdeenshire_2017_ward15,ranked-pairs,5,1.0,1.0,1.0,1.0,1.0,1.0,1.0,1.0,1.0,1.0,1.0,1.0,1.0,1.0
east_ayrshire_2017_ward2,borda,5,1.0,1.0,1.0,1.0,1.0,1.0,1.0,1.0,0.8333333333333334,0.9666666666666667,0.6666666666666667,0.984375,1.0,1.0
east_ayrshire_2017_ward2,3-approval,5,1.0,1.0,1.0,1.0,1.0,1.0,1.0,1.0,0.8333333333333334,0.9666666666666667,0.8333333333333334,0.9947916666666666,1.0,1.0
east_ayrshire_2017_ward2,2-approval,5,1.0,1.0,1.0,1.0,1.0,1.0,1.0,1.0,1.0,1.0,0.6666666666666667,0.9895833333333334,1.0,1.0
east_ayrshire_2017_ward2,plurality,5,0.7362229273614895,1.0,0.7210586881472957,1.0,0.7362229273614895,1.0,0.7210586881472957,1.0,0.6666666666666667,0.9333333333333333,0.0,0.84375,1.0,0.9
east_ayrshire_2017_ward2,stv,5,0.7362229273614895,1.0,0.7210586881472957,1.0,0.7362229273614895,1.0,0.7210586881472957,1.0,0.6666666666666667,0.9333333333333333,0.0,0.84375,1.0,0.9
east_ayrshire_2017_ward2,ranked-pairs,5,1.0,1.0,1.0,1.0,1.0,1.0,1.0,1.0,1.0,1.0,1.0,1.0,1.0,1.0
east_dunbartonshire_2022_ward7,borda,5,1.0,1.0,1.0,1.0,1.0,1.0,1.0,1.0,1.0,1.0,0.0,0.96875,1.0,1.0
east_dunbartonshire_2022_ward7,3-approval,5,0.8108278466604407,1.0,0.8420782772175696,1.0,1.0,1.0,1.0,1.0,1.0,1.0,1.0,1.0,1.0,1.0
east_dunbartonshire_2022_ward7,2-approval,5,1.0,1.0,1.0,1.0,1.0,1.0,1.0,1.0,0.8333333333333334,0.9666666666666667,0.0,0.9427083333333334,1.0,1.0
east_dunbartonshire_2022_ward7,plurality,5,0.8681122419506362,1.0,0.91881787431013,1.0,1.0,1.0,1.0,1.0,1.0,1.0,0.0,0.9583333333333334,1.0,1.0
east_dunbartonshire_2022_ward7,stv,5,0.8681122419506362,1.0,0.91881787431013,1.0,1.0,1.0,1.0,1.0,1.0,1.0,0.0,0.9583333333333334,1.0,1.0
east_dunbartonshire_2022_ward7,ranked-pairs,5,1.0,1.0,1.0,1.0,1.0,1.0,1.0,1.0,1.0,1.0,1.0,1.0,1.0,1.0
east_dunbartonshire_2012_ward4,borda,5,1.0,1.0,1.0,1.0,1.0,1.0,1.0,1.0,1.0,1.0,1.0,1.0,1.0,1.0
east_dunbartonshire_2012_ward4,3-approval,5,1.0,1.0,1.0,1.0,1.0,1.0,1.0,1.0,1.0,1.0,1.0,1.0,1.0,1.0
east_dunbartonshire_2012_ward4,2-approval,5,1.0,1.0,1.0,1.0,1.0,1.0,1.0,1.0,1.0,1.0,1.0,1.0,1.0,1.0
east_dunbartonshire_2012_ward4,plurality,5,0.8020904158454613,1.0,0.8288721116449325,1.0,1.0,1.0,1.0,1.0,1.0,1.0,0.0,0.9375,1.0,1.0
east_dunbartonshire_2012_ward4,stv,5,0.8020904158454613,1.0,0.8288721116449325,1.0,1.0,1.0,1.0,1.0,0.8333333333333334,0.9,0.0,0.921875,1.0,1.0
east_dunbartonshire_2012_ward4,ranked-pairs,5,1.0,1.0,1.0,1.0,1.0,1.0,1.0,1.0,1.0,1.0,1.0,1.0,1.0,1.0
east_ayrshire_2012_ward6,borda,5,0.9206057698998283,1.0,0.9695261949488624,1.0,0.9206057698998283,1.0,0.9695261949488624,1.0,1.0,1.0,0.0,0.96875,1.0,1.0
east_ayrshire_2012_ward6,3-approval,5,1.0,1.0,1.0,1.0,1.0,1.0,1.0,1.0,1.0,1.0,1.0,1.0,1.0,1.0
east_ayrshire_2012_ward6,2-approval,5,0.9206057698998283,1.0,0.9695261949488624,1.0,0.9206057698998283,1.0,0.9695261949488624,1.0,0.8333333333333334,0.9333333333333333,0.0,0.9270833333333334,1.0,0.8666666666666666
east_ayrshire_2012_ward6,plurality,5,0.656246189971532,1.0,0.5818943839061191,1.0,0.9206057698998283,1.0,0.9695261949488624,1.0,0.6666666666666667,0.8666666666666667,0.0,0.7916666666666667,1.0,1.0
east_ayrshire_2012_ward6,stv,5,0.8066451562136777,1.0,0.8357976653696497,1.0,0.9206057698998283,1.0,0.9695261949488624,1.0,0.8333333333333334,0.9333333333333333,0.0,0.84375,1.0,1.0
east_ayrshire_2012_ward6,ranked-pairs,5,1.0,1.0,1.0,1.0,1.0,1.0,1.0,1.0,1.0,1.0,1.0,1.0,1.0,1.0
argyll_bute_2017_ward10,borda,5,1.0,1.0,1.0,1.0,1.0,1.0,1.0,1.0,1.0,1.0,1.0,1.0,1.0,1.0
argyll_bute_2017_ward10,3-approval,5,1.0,1.0,1.0,1.0,1.0,1.0,1.0,1.0,0.8333333333333334,0.9,0.8333333333333334,0.984375,1.0,1.0
argyll_bute_2017_ward10,2-approval,5,0.7282101852178551,1.0,0.707273933230157,1.0,0.7282101852178551,1.0,0.707273933230157,1.0,0.5,0.7,0.0,0.7447916666666667,1.0,0.7333333333333332
argyll_bute_2017_ward10,plurality,5,0.6535393344598365,1.0,0.5772058823529412,1.0,0.8355355407081193,1.0,0.8774617067833699,1.0,0.6666666666666667,0.9,0.0,0.8385416666666667,1.0,0.8666666666666666
argyll_bute_2017_ward10,stv,5,0.6535393344598365,1.0,0.5772058823529412,1.0,0.8355355407081193,1.0,0.8774617067833699,1.0,0.8333333333333334,0.9666666666666667,0.0,0.8489583333333334,1.0,0.9333333333333332
argyll_bute_2017_ward10,ranked-pairs,5,1.0,1.0,1.0,1.0,1.0,1.0,1.0,1.0,1.0,1.0,1.0,1.0,1.0,1.0
fife_2012_ward21,borda,5,1.0,1.0,1.0,1.0,1.0,1.0,1.0,1.0,0.8333333333333334,0.9666666666666667,0.0,0.953125,1.0,0.9
fife_2012_ward21,3-approval,5,1.0,1.0,1.0,1.0,1.0,1.0,1.0,1.0,1.0,1.0,0.0,0.9375,1.0,1.0
fife_2012_ward21,2-approval,5,1.0,1.0,1.0,1.0,1.0,1.0,1.0,1.0,0.8333333333333334,0.9666666666666667,0.0,0.9635416666666666,1.0,0.9
fife_2012_ward21,plurality,5,1.0,1.0,1.0,1.0,1.0,1.0,1.0,1.0,1.0,1.0,0.6666666666666667,0.9895833333333334,1.0,1.0
fife_2012_ward21,stv,5,1.0,1.0,1.0,1.0,1.0,1.0,1.0,1.0,1.0,1.0,0.6666666666666667,0.9895833333333334,1.0,1.0
fife_2012_ward21,ranked-pairs,5,1.0,1.0,1.0,1.0,1.0,1.0,1.0,1.0,1.0,1.0,1.0,1.0,1.0,1.0
south_lanarkshire_2022_ward19,borda,5,1.0,1.0,1.0,1.0,1.0,1.0,1.0,1.0,1.0,1.0,1.0,1.0,1.0,1.0
south_lanarkshire_2022_ward19,3-approval,5,0.9925518194323283,1.0,0.9997262898590391,1.0,1.0,1.0,1.0,1.0,0.8333333333333334,0.9333333333333333,0.0,0.9270833333333334,1.0,1.0
south_lanarkshire_2022_ward19,2-approval,5,1.0,1.0,1.0,1.0,1.0,1.0,1.0,1.0,0.8333333333333334,0.9333333333333333,0.6666666666666667,0.96875,1.0,1.0
south_lanarkshire_2022_ward19,plurality,5,0.8091760117471618,1.0,0.8396072013093289,1.0,1.0,1.0,1.0,1.0,0.6666666666666667,0.8333333333333334,0.0,0.828125,1.0,1.0
south_lanarkshire_2022_ward19,stv,5,0.8091760117471618,1.0,0.8396072013093289,1.0,1.0,1.0,1.0,1.0,0.6666666666666667,0.8333333333333334,0.0,0.828125,1.0,1.0
south_lanarkshire_2022_ward19,ranked-pairs,5,1.0,1.0,1.0,1.0,1.0,1.0,1.0,1.0,1.0,1.0,1.0,1.0,1.0,1.0
aberdeenshire_2017_ward4,borda,5,1.0,1.0,1.0,1.0,1.0,1.0,1.0,1.0,1.0,1.0,0.0,0.9583333333333334,1.0,1.0
aberdeenshire_2017_ward4,3-approval,5,0.8238347050721659,1.0,0.8610897927858789,1.0,1.0,1.0,1.0,1.0,0.8333333333333334,0.9333333333333333,0.0,0.8645833333333334,1.0,1.0
aberdeenshire_2017_ward4,2-approval,5,0.8793924519176654,1.0,0.9315013938669854,1.0,0.9087326307870208,1.0,0.9599919175591027,1.0,0.6666666666666667,0.8333333333333334,0.0,0.796875,1.0,0.8666666666666666
aberdeenshire_2017_ward4,plurality,5,0.8793924519176654,1.0,0.9315013938669854,1.0,1.0,1.0,1.0,1.0,0.6666666666666667,0.9,0.0,0.9010416666666666,1.0,0.9333333333333332
aberdeenshire_2017_ward4,stv,5,0.8793924519176654,1.0,0.9315013938669854,1.0,1.0,1.0,1.0,1.0,0.6666666666666667,0.9,0.0,0.9010416666666666,1.0,0.9333333333333332
aberdeenshire_2017_ward4,ranked-pairs,5,1.0,1.0,1.0,1.0,1.0,1.0,1.0,1.0,1.0,1.0,1.0,1.0,1.0,1.0
north_lanarkshire_2022_ward14,borda,5,1.0,1.0,1.0,1.0,1.0,1.0,1.0,1.0,1.0,1.0,1.0,1.0,1.0,1.0
north_lanarkshire_2022_ward14,3-approval,5,1.0,1.0,1.0,1.0,1.0,1.0,1.0,1.0,1.0,1.0,1.0,1.0,1.0,1.0
north_lanarkshire_2022_ward14,2-approval,5,0.9552913114929054,1.0,0.9902004454342983,1.0,1.0,1.0,1.0,1.0,0.8333333333333334,0.9,0.0,0.921875,1.0,1.0
north_lanarkshire_2022_ward14,plurality,5,0.834849714139915,1.0,0.8765224695506091,1.0,1.0,1.0,1.0,1.0,0.8333333333333334,0.9333333333333333,0.0,0.8854166666666666,1.0,0.9
north_lanarkshire_2022_ward14,stv,5,0.834849714139915,1.0,0.8765224695506091,1.0,1.0,1.0,1.0,1.0,0.8333333333333334,0.9333333333333333,0.0,0.8854166666666666,1.0,1.0
north_lanarkshire_2022_ward14,ranked-pairs,5,1.0,1.0,1.0,1.0,1.0,1.0,1.0,1.0,1.0,1.0,1.0,1.0,1.0,1.0
argyll_bute_2022_ward11,borda,5,0.8681218064712624,1.0,0.918829008649368,1.0,1.0,1.0,1.0,1.0,0.8333333333333334,0.9333333333333333,0.0,0.8854166666666666,1.0,1.0
argyll_bute_2022_ward11,3-approval,5,0.8214384068376183,1.0,0.8576489533011272,1.0,1.0,1.0,1.0,1.0,1.0,1.0,1.0,1.0,1.0,1.0
argyll_bute_2022_ward11,2-approval,5,0.7248536952244117,1.0,0.7014749262536872,1.0,0.7248536952244117,1.0,0.7014749262536872,1.0,0.6666666666666667,0.8,0.0,0.7395833333333334,1.0,0.7333333333333333
argyll_bute_2022_ward11,plurality,5,0.7336642888611047,1.0,0.7166666666666668,1.0,0.7336642888611047,1.0,0.7166666666666668,1.0,0.5,0.8333333333333334,0.0,0.8072916666666666,1.0,0.8333333333333333
argyll_bute_2022_ward11,stv,5,0.7336642888611047,1.0,0.7166666666666668,1.0,0.7470022022229879,1.0,0.7394451145958988,1.0,0.5,0.8333333333333334,0.0,0.765625,1.0,0.9
argyll_bute_2022_ward11,ranked-pairs,5,1.0,1.0,1.0,1.0,1.0,1.0,1.0,1.0,1.0,1.0,1.0,1.0,1.0,1.0
highland_2012_ward3,borda,5,1.0,1.0,1.0,1.0,1.0,1.0,1.0,1.0,1.0,1.0,1.0,1.0,1.0,1.0
highland_2012_ward3,3-approval,5,1.0,1.0,1.0,1.0,1.0,1.0,1.0,1.0,1.0,1.0,1.0,1.0,1.0,1.0
highland_2012_ward3,2-approval,5,1.0,1.0,1.0,1.0,1.0,1.0,1.0,1.0,1.0,1.0,1.0,1.0,1.0,1.0
highland_2012_ward3,plurality,5,1.0,1.0,1.0,1.0,1.0,1.0,1.0,1.0,1.0,1.0,1.0,1.0,1.0,1.0
highland_2012_ward3,stv,5,1.0,1.0,1.0,1.0,1.0,1.0,1.0,1.0,1.0,1.0,1.0,1.0,1.0,1.0
highland_2012_ward3,ranked-pairs,5,1.0,1.0,1.0,1.0,1.0,1.0,1.0,1.0,1.0,1.0,1.0,1.0,1.0,1.0
renfrewshire_2022_ward10,borda,5,1.0,1.0,1.0,1.0,1.0,1.0,1.0,1.0,1.0,1.0,1.0,1.0,1.0,1.0
renfrewshire_2022_ward10,3-approval,5,1.0,1.0,1.0,1.0,1.0,1.0,1.0,1.0,1.0,1.0,1.0,1.0,1.0,1.0
renfrewshire_2022_ward10,2-approval,5,0.8095869550600042,1.0,0.8402230971128609,1.0,1.0,1.0,1.0,1.0,0.8333333333333334,0.9,0.0,0.921875,1.0,1.0
renfrewshire_2022_ward10,plurality,5,0.6859196058432496,1.0,0.6336100189311199,1.0,0.6859196058432496,0.8984549480303096,0.6336100189311199,0.9507868880966874,0.5,0.7666666666666667,0.0,0.7135416666666667,1.0,0.9333333333333332
renfrewshire_2022_ward10,stv,5,0.6859196058432496,1.0,0.6336100189311199,1.0,0.6859196058432496,0.8984549480303096,0.6336100189311199,0.9507868880966874,0.5,0.7666666666666667,0.0,0.7135416666666667,1.0,0.8666666666666666
renfrewshire_2022_ward10,ranked-pairs,5,1.0,1.0,1.0,1.0,1.0,1.0,1.0,1.0,1.0,1.0,1.0,1.0,1.0,1.0
eilean_siar_2017_ward7,borda,5,0.9706453228057929,1.0,0.9957597173144879,1.0,1.0,1.0,1.0,1.0,0.8333333333333334,0.9,0.0,0.921875,1.0,1.0
eilean_siar_2017_ward7,3-approval,5,1.0,1.0,1.0,1.0,1.0,1.0,1.0,1.0,1.0,1.0,1.0,1.0,1.0,1.0
eilean_siar_2017_ward7,2-approval,5,0.9706453228057929,1.0,0.9957597173144879,1.0,1.0,1.0,1.0,1.0,0.8333333333333334,0.9333333333333333,0.0,0.9375,1.0,1.0
eilean_siar_2017_ward7,plurality,5,0.9706453228057929,1.0,0.9957597173144879,1.0,1.0,1.0,1.0,1.0,1.0,1.0,0.0,0.9583333333333334,1.0,1.0
eilean_siar_2017_ward7,stv,5,0.9706453228057929,1.0,0.9957597173144879,1.0,1.0,1.0,1.0,1.0,1.0,1.0,0.0,0.9583333333333334,1.0,1.0
eilean_siar_2017_ward7,ranked-pairs,5,1.0,1.0,1.0,1.0,1.0,1.0,1.0,1.0,1.0,1.0,1.0,1.0,1.0,1.0
shetland_2022_ward5,borda,5,1.0,1.0,1.0,1.0,1.0,1.0,1.0,1.0,1.0,1.0,1.0,1.0,1.0,1.0
shetland_2022_ward5,3-approval,5,1.0,1.0,1.0,1.0,1.0,1.0,1.0,1.0,1.0,1.0,1.0,1.0,1.0,1.0
shetland_2022_ward5,2-approval,5,1.0,1.0,1.0,1.0,1.0,1.0,1.0,1.0,1.0,1.0,1.0,1.0,1.0,1.0
shetland_2022_ward5,plurality,5,1.0,1.0,1.0,1.0,1.0,1.0,1.0,1.0,1.0,1.0,1.0,1.0,1.0,1.0
shetland_2022_ward5,stv,5,1.0,1.0,1.0,1.0,1.0,1.0,1.0,1.0,1.0,1.0,1.0,1.0,1.0,1.0
shetland_2022_ward5,ranked-pairs,5,1.0,1.0,1.0,1.0,1.0,1.0,1.0,1.0,1.0,1.0,1.0,1.0,1.0,1.0
eilean_siar_2022_ward8,borda,5,1.0,1.0,1.0,1.0,1.0,1.0,1.0,1.0,1.0,1.0,1.0,1.0,1.0,1.0
eilean_siar_2022_ward8,3-approval,5,1.0,1.0,1.0,1.0,1.0,1.0,1.0,1.0,1.0,1.0,1.0,1.0,1.0,1.0
eilean_siar_2022_ward8,2-approval,5,0.9125917681986087,1.0,0.9632224168126097,1.0,0.9125917681986087,1.0,0.9632224168126097,1.0,0.8333333333333334,0.9333333333333333,0.0,0.9270833333333334,1.0,0.8
eilean_siar_2022_ward8,plurality,5,0.9125917681986087,1.0,0.9632224168126097,1.0,0.9125917681986087,1.0,0.9632224168126097,1.0,0.8333333333333334,0.9666666666666667,0.0,0.953125,1.0,1.0
eilean_siar_2022_ward8,stv,5,0.9125917681986087,1.0,0.9632224168126097,1.0,0.9125917681986087,1.0,0.9632224168126097,1.0,1.0,1.0,0.0,0.9583333333333334,1.0,1.0
eilean_siar_2022_ward8,ranked-pairs,5,1.0,1.0,1.0,1.0,1.0,1.0,1.0,1.0,1.0,1.0,1.0,1.0,1.0,1.0
east_ayrshire_2017_ward5,borda,5,0.8761023418730359,1.0,0.9278959810874703,1.0,1.0,1.0,1.0,1.0,1.0,1.0,1.0,1.0,1.0,1.0
east_ayrshire_2017_ward5,3-approval,5,0.8761023418730359,1.0,0.9278959810874703,1.0,1.0,1.0,1.0,1.0,0.8333333333333334,0.8666666666666667,0.8333333333333334,0.9791666666666666,1.0,1.0
east_ayrshire_2017_ward5,2-approval,5,1.0,1.0,1.0,1.0,1.0,1.0,1.0,1.0,0.8333333333333334,0.9666666666666667,0.0,0.921875,1.0,1.0
east_ayrshire_2017_ward5,plurality,5,0.8761023418730359,1.0,0.9278959810874703,1.0,1.0,1.0,1.0,1.0,0.8333333333333334,0.9333333333333333,0.0,0.9270833333333334,1.0,1.0
east_ayrshire_2017_ward5,stv,5,0.8761023418730359,1.0,0.9278959810874703,1.0,1.0,1.0,1.0,1.0,0.8333333333333334,0.9333333333333333,0.0,0.9270833333333334,1.0,1.0
east_ayrshire_2017_ward5,ranked-pairs,5,1.0,1.0,1.0,1.0,1.0,1.0,1.0,1.0,1.0,1.0,1.0,1.0,1.0,1.0
falkirk_2012_ward4,borda,5,1.0,1.0,1.0,1.0,1.0,1.0,1.0,1.0,1.0,1.0,1.0,1.0,1.0,1.0
falkirk_2012_ward4,3-approval,5,1.0,1.0,1.0,1.0,1.0,1.0,1.0,1.0,1.0,1.0,1.0,1.0,1.0,1.0
falkirk_2012_ward4,2-approval,5,1.0,1.0,1.0,1.0,1.0,1.0,1.0,1.0,1.0,1.0,1.0,1.0,1.0,1.0
falkirk_2012_ward4,plurality,5,1.0,1.0,1.0,1.0,1.0,1.0,1.0,1.0,0.6666666666666667,0.8666666666666667,0.33333333333333337,0.9375,1.0,1.0
falkirk_2012_ward4,stv,5,1.0,1.0,1.0,1.0,1.0,1.0,1.0,1.0,0.6666666666666667,0.8666666666666667,0.33333333333333337,0.9375,1.0,1.0
falkirk_2012_ward4,ranked-pairs,5,1.0,1.0,1.0,1.0,1.0,1.0,1.0,1.0,1.0,1.0,1.0,1.0,1.0,1.0
north_lanarkshire_2022_ward12,borda,5,0.8838533048357208,1.0,0.9362626750362143,1.0,1.0,1.0,1.0,1.0,0.8333333333333334,0.9,0.0,0.9322916666666666,1.0,1.0
north_lanarkshire_2022_ward12,3-approval,5,0.8838533048357208,1.0,0.9362626750362143,1.0,1.0,1.0,1.0,1.0,0.8333333333333334,0.9,0.0,0.921875,1.0,1.0
north_lanarkshire_2022_ward12,2-approval,5,0.7411233927894306,1.0,0.7294422081656124,1.0,1.0,1.0,1.0,1.0,0.5,0.7666666666666667,0.0,0.703125,1.0,1.0
north_lanarkshire_2022_ward12,plurality,5,0.637777528511258,1.0,0.5500579822187862,1.0,0.637777528511258,0.9132501638778547,0.5500579822187862,0.9637610186092065,0.5,0.7666666666666667,0.0,0.8072916666666667,1.0,0.8666666666666666
north_lanarkshire_2022_ward12,stv,5,0.637777528511258,1.0,0.5500579822187862,1.0,0.637777528511258,0.9132501638778547,0.5500579822187862,0.9637610186092065,0.5,0.7333333333333333,0.0,0.84375,1.0,0.8
north_lanarkshire_2022_ward12,ranked-pairs,5,1.0,1.0,1.0,1.0,1.0,1.0,1.0,1.0,1.0,1.0,1.0,1.0,1.0,1.0
falkirk_2012_ward1,borda,5,0.918518812083429,1.0,0.9679378188000972,1.0,0.918518812083429,1.0,0.9679378188000972,1.0,0.8333333333333334,0.9666666666666667,0.6666666666666667,0.984375,1.0,0.9
falkirk_2012_ward1,3-approval,5,0.918518812083429,1.0,0.9679378188000972,1.0,0.918518812083429,1.0,0.9679378188000972,1.0,1.0,1.0,1.0,1.0,1.0,1.0
falkirk_2012_ward1,2-approval,5,1.0,1.0,1.0,1.0,1.0,1.0,1.0,1.0,0.8333333333333334,0.9666666666666667,0.0,0.9427083333333334,1.0,0.9
falkirk_2012_ward1,plurality,5,0.918518812083429,1.0,0.9679378188000972,1.0,0.918518812083429,1.0,0.9679378188000972,1.0,0.6666666666666667,0.9333333333333333,0.0,0.9166666666666666,1.0,0.9
falkirk_2012_ward1,stv,5,1.0,1.0,1.0,1.0,1.0,1.0,1.0,1.0,0.8333333333333334,0.9333333333333333,0.6666666666666667,0.96875,1.0,0.9
falkirk_2012_ward1,ranked-pairs,5,1.0,1.0,1.0,1.0,1.0,1.0,1.0,1.0,1.0,1.0,1.0,1.0,1.0,1.0
east_ayrshire_2022_ward6,borda,5,1.0,1.0,1.0,1.0,1.0,1.0,1.0,1.0,0.6666666666666667,0.8666666666666667,0.0,0.8541666666666667,1.0,1.0
east_ayrshire_2022_ward6,3-approval,5,0.8734396084149787,1.0,0.9249208502939846,1.0,1.0,1.0,1.0,1.0,1.0,1.0,1.0,1.0,1.0,1.0
east_ayrshire_2022_ward6,2-approval,5,0.9187198697910752,1.0,0.9680924855491331,1.0,0.9381852735920259,1.0,0.9813780260707635,1.0,0.6666666666666667,0.8,0.0,0.7604166666666666,1.0,0.7333333333333333
east_ayrshire_2022_ward6,plurality,5,0.7556082957745746,1.0,0.7539666185864413,1.0,1.0,1.0,1.0,1.0,0.5,0.9,0.0,0.8697916666666667,1.0,0.9
east_ayrshire_2022_ward6,stv,5,0.7556082957745746,1.0,0.7539666185864413,1.0,1.0,1.0,1.0,1.0,0.5,0.9,0.0,0.8697916666666667,1.0,0.9
east_ayrshire_2022_ward6,ranked-pairs,5,1.0,1.0,1.0,1.0,1.0,1.0,1.0,1.0,1.0,1.0,1.0,1.0,1.0,1.0
highland_2022_east_sutherland,borda,5,1.0,1.0,1.0,1.0,1.0,1.0,1.0,1.0,1.0,1.0,1.0,1.0,1.0,1.0
highland_2022_east_sutherland,3-approval,5,1.0,1.0,1.0,1.0,1.0,1.0,1.0,1.0,1.0,1.0,1.0,1.0,1.0,1.0
highland_2022_east_sutherland,2-approval,5,1.0,1.0,1.0,1.0,1.0,1.0,1.0,1.0,1.0,1.0,1.0,1.0,1.0,1.0
highland_2022_east_sutherland,plurality,5,0.724306959100535,1.0,0.7005291005291006,1.0,1.0,1.0,1.0,1.0,0.8333333333333334,0.9666666666666667,0.0,0.9427083333333334,1.0,1.0
highland_2022_east_sutherland,stv,5,0.724306959100535,1.0,0.7005291005291006,1.0,1.0,1.0,1.0,1.0,0.8333333333333334,0.9666666666666667,0.0,0.9427083333333334,1.0,1.0
highland_2022_east_sutherland,ranked-pairs,5,1.0,1.0,1.0,1.0,1.0,1.0,1.0,1.0,1.0,1.0,1.0,1.0,1.0,1.0
inverclyde_2012_ward1,borda,5,1.0,1.0,1.0,1.0,1.0,1.0,1.0,1.0,1.0,1.0,1.0,1.0,1.0,1.0
inverclyde_2012_ward1,3-approval,5,1.0,1.0,1.0,1.0,1.0,1.0,1.0,1.0,1.0,1.0,1.0,1.0,1.0,1.0
inverclyde_2012_ward1,2-approval,5,0.8585986434338986,1.0,0.9074357665475583,1.0,1.0,1.0,1.0,1.0,0.8333333333333334,0.9333333333333333,0.0,0.9270833333333334,1.0,1.0
inverclyde_2012_ward1,plurality,5,0.7722960531260741,1.0,0.7816274634456453,1.0,1.0,1.0,1.0,1.0,0.5,0.8333333333333334,0.0,0.8177083333333334,1.0,0.9333333333333333
inverclyde_2012_ward1,stv,5,0.7722960531260741,1.0,0.7816274634456453,1.0,1.0,1.0,1.0,1.0,0.5,0.8666666666666667,0.0,0.8229166666666667,1.0,1.0
inverclyde_2012_ward1,ranked-pairs,5,1.0,1.0,1.0,1.0,1.0,1.0,1.0,1.0,1.0,1.0,1.0,1.0,1.0,1.0
aberdeenshire_2012_ward16,borda,5,1.0,1.0,1.0,1.0,1.0,1.0,1.0,1.0,0.6666666666666667,0.9,0.0,0.8697916666666667,1.0,1.0
aberdeenshire_2012_ward16,3-approval,5,0.9137643661131086,1.0,0.9641791044776119,1.0,1.0,1.0,1.0,1.0,1.0,1.0,1.0,1.0,1.0,1.0
aberdeenshire_2012_ward16,2-approval,5,0.9137643661131086,1.0,0.9641791044776119,1.0,1.0,1.0,1.0,1.0,0.8333333333333334,0.9333333333333333,0.0,0.9270833333333334,1.0,1.0
aberdeenshire_2012_ward16,plurality,5,0.8030378285814248,1.0,0.8303198887343535,1.0,1.0,1.0,1.0,1.0,0.8333333333333334,0.9666666666666667,0.0,0.9427083333333334,1.0,1.0
aberdeenshire_2012_ward16,stv,5,0.8030378285814248,1.0,0.8303198887343535,1.0,1.0,1.0,1.0,1.0,0.8333333333333334,0.9666666666666667,0.0,0.9427083333333334,1.0,1.0
aberdeenshire_2012_ward16,ranked-pairs,5,1.0,1.0,1.0,1.0,1.0,1.0,1.0,1.0,1.0,1.0,1.0,1.0,1.0,1.0
south_lanarkshire_2022_ward2,borda,5,1.0,1.0,1.0,1.0,1.0,1.0,1.0,1.0,1.0,1.0,1.0,1.0,1.0,1.0
south_lanarkshire_2022_ward2,3-approval,5,1.0,1.0,1.0,1.0,1.0,1.0,1.0,1.0,1.0,1.0,1.0,1.0,1.0,1.0
south_lanarkshire_2022_ward2,2-approval,5,1.0,1.0,1.0,1.0,1.0,1.0,1.0,1.0,1.0,1.0,1.0,1.0,1.0,1.0
south_lanarkshire_2022_ward2,plurality,5,1.0,1.0,1.0,1.0,1.0,1.0,1.0,1.0,1.0,1.0,1.0,1.0,1.0,1.0
south_lanarkshire_2022_ward2,stv,5,1.0,1.0,1.0,1.0,1.0,1.0,1.0,1.0,1.0,1.0,1.0,1.0,1.0,1.0
south_lanarkshire_2022_ward2,ranked-pairs,5,1.0,1.0,1.0,1.0,1.0,1.0,1.0,1.0,1.0,1.0,1.0,1.0,1.0,1.0
angus_2017_ward4,borda,5,1.0,1.0,1.0,1.0,1.0,1.0,1.0,1.0,0.8333333333333334,0.9333333333333333,0.0,0.9479166666666666,1.0,0.8666666666666666
angus_2017_ward4,3-approval,5,0.8796698481166688,1.0,0.9318017627510478,1.0,0.8796698481166688,1.0,0.9318017627510478,1.0,0.8333333333333334,0.9333333333333333,0.8333333333333334,0.9895833333333334,1.0,0.9333333333333332
angus_2017_ward4,2-approval,5,0.9223350952167144,1.0,0.9708136792452832,1.0,1.0,1.0,1.0,1.0,0.8333333333333334,0.9,0.0,0.8697916666666667,1.0,1.0
angus_2017_ward4,plurality,5,0.8796698481166688,1.0,0.9318017627510478,1.0,0.8796698481166688,1.0,0.9318017627510478,1.0,0.6666666666666667,0.9,0.0,0.859375,1.0,0.9333333333333332
angus_2017_ward4,stv,5,0.9223350952167144,1.0,0.9708136792452832,1.0,1.0,1.0,1.0,1.0,0.6666666666666667,0.8666666666666667,0.0,0.8958333333333334,1.0,0.8666666666666666
angus_2017_ward4,ranked-pairs,5,1.0,1.0,1.0,1.0,1.0,1.0,1.0,1.0,1.0,1.0,1.0,1.0,1.0,1.0
west_dunbartonshire_2022_ward1,borda,5,1.0,1.0,1.0,1.0,1.0,1.0,1.0,1.0,1.0,1.0,1.0,1.0,1.0,1.0
west_dunbartonshire_2022_ward1,3-approval,5,0.8380402674765753,1.0,0.8808695652173912,1.0,1.0,1.0,1.0,1.0,1.0,1.0,1.0,1.0,1.0,1.0
west_dunbartonshire_2022_ward1,2-approval,5,1.0,1.0,1.0,1.0,1.0,1.0,1.0,1.0,0.8333333333333334,0.9666666666666667,0.0,0.9427083333333334,1.0,1.0
west_dunbartonshire_2022_ward1,plurality,5,0.8068870517594202,1.0,0.8361629881154499,1.0,1.0,1.0,1.0,1.0,0.8333333333333334,0.9666666666666667,0.0,0.859375,1.0,1.0
west_dunbartonshire_2022_ward1,stv,5,0.8068870517594202,1.0,0.8361629881154499,1.0,1.0,1.0,1.0,1.0,0.8333333333333334,0.9,0.0,0.8489583333333334,1.0,1.0
west_dunbartonshire_2022_ward1,ranked-pairs,5,1.0,1.0,1.0,1.0,1.0,1.0,1.0,1.0,1.0,1.0,1.0,1.0,1.0,1.0
edinburgh_2017_ward15,borda,5,0.9051090195947197,1.0,0.9568453625491345,1.0,0.9051090195947197,1.0,0.9568453625491345,1.0,1.0,1.0,0.0,0.9583333333333334,1.0,1.0
edinburgh_2017_ward15,3-approval,5,0.8310279285507175,1.0,0.8712412028150991,1.0,0.9051090195947197,1.0,0.9568453625491345,1.0,0.6666666666666667,0.8333333333333334,0.6666666666666667,0.9739583333333334,1.0,0.7999999999999999
edinburgh_2017_ward15,2-approval,5,0.9051090195947197,1.0,0.9568453625491345,1.0,0.9051090195947197,1.0,0.9568453625491345,1.0,0.8333333333333334,0.9666666666666667,0.0,0.8697916666666667,1.0,0.9333333333333332
edinburgh_2017_ward15,plurality,5,0.7083024701437999,0.8126585870930896,0.6727194738347154,0.8448025734830328,0.7528819451795973,0.8858295821277361,0.7493831775700937,0.9383245314279798,0.33333333333333337,0.6666666666666667,0.0,0.5833333333333334,1.0,0.9333333333333333
edinburgh_2017_ward15,stv,5,0.7083024701437999,0.8126585870930896,0.6727194738347154,0.8448025734830328,0.7528819451795973,0.8858295821277361,0.7493831775700937,0.9383245314279798,0.33333333333333337,0.6666666666666667,0.0,0.5833333333333334,1.0,0.9333333333333333
edinburgh_2017_ward15,ranked-pairs,5,1.0,1.0,1.0,1.0,1.0,1.0,1.0,1.0,1.0,1.0,1.0,1.0,1.0,1.0
moray_2012_ward2,borda,5,1.0,1.0,1.0,1.0,1.0,1.0,1.0,1.0,1.0,1.0,1.0,1.0,1.0,1.0
moray_2012_ward2,3-approval,5,1.0,1.0,1.0,1.0,1.0,1.0,1.0,1.0,1.0,1.0,1.0,1.0,1.0,1.0
moray_2012_ward2,2-approval,5,0.8974026687238358,1.0,0.9497960464386571,1.0,0.8974026687238358,1.0,0.9497960464386571,1.0,0.8333333333333334,0.9,0.0,0.9114583333333334,1.0,0.7333333333333333
moray_2012_ward2,plurality,5,0.7011096118408549,1.0,0.6601656425327277,1.0,1.0,1.0,1.0,1.0,0.5,0.9,0.0,0.9010416666666666,1.0,0.9
moray_2012_ward2,stv,5,1.0,1.0,1.0,1.0,1.0,1.0,1.0,1.0,0.6666666666666667,0.9333333333333333,0.33333333333333337,0.9583333333333334,1.0,0.9
moray_2012_ward2,ranked-pairs,5,1.0,1.0,1.0,1.0,1.0,1.0,1.0,1.0,1.0,1.0,1.0,1.0,1.0,1.0
moray_2017_ward2,borda,5,1.0,1.0,1.0,1.0,1.0,1.0,1.0,1.0,0.8333333333333334,0.9333333333333333,0.0,0.8854166666666666,1.0,1.0
moray_2017_ward2,3-approval,5,0.8875184371203603,1.0,0.94006309148265,1.0,0.8875184371203603,1.0,0.94006309148265,1.0,0.8333333333333334,0.9666666666666667,0.8333333333333334,0.9947916666666666,1.0,0.9
moray_2017_ward2,2-approval,5,0.8734056929335658,1.0,0.9248826291079811,1.0,1.0,1.0,1.0,1.0,0.5,0.6666666666666667,0.0,0.6458333333333334,1.0,1.0
moray_2017_ward2,plurality,5,0.8734056929335658,1.0,0.9248826291079811,1.0,1.0,1.0,1.0,1.0,0.8333333333333334,0.8666666666666667,0.0,0.84375,1.0,0.9
moray_2017_ward2,stv,5,0.8734056929335658,1.0,0.9248826291079811,1.0,1.0,1.0,1.0,1.0,0.8333333333333334,0.8666666666666667,0.0,0.84375,1.0,0.9
moray_2017_ward2,ranked-pairs,5,1.0,1.0,1.0,1.0,1.0,1.0,1.0,1.0,1.0,1.0,1.0,1.0,1.0,1.0
south_ayrshire_2012_ward7,borda,5,1.0,1.0,1.0,1.0,1.0,1.0,1.0,1.0,0.8333333333333334,0.9333333333333333,0.6666666666666667,0.9791666666666666,1.0,0.8666666666666666
south_ayrshire_2012_ward7,3-approval,5,1.0,1.0,1.0,1.0,1.0,1.0,1.0,1.0,1.0,1.0,1.0,1.0,1.0,1.0
south_ayrshire_2012_ward7,2-approval,5,1.0,1.0,1.0,1.0,1.0,1.0,1.0,1.0,1.0,1.0,0.6666666666666667,0.9791666666666666,1.0,1.0
south_ayrshire_2012_ward7,plurality,5,0.7880033866568656,1.0,0.806925498426023,1.0,0.8410004422399014,1.0,0.8848511383537653,1.0,0.5,0.8,0.0,0.78125,1.0,0.9333333333333332
south_ayrshire_2012_ward7,stv,5,0.7880033866568656,1.0,0.806925498426023,1.0,0.8410004422399014,1.0,0.8848511383537653,1.0,0.5,0.8,0.0,0.78125,1.0,0.9333333333333332
south_ayrshire_2012_ward7,ranked-pairs,5,1.0,1.0,1.0,1.0,1.0,1.0,1.0,1.0,1.0,1.0,1.0,1.0,1.0,1.0
moray_2012_ward4,borda,5,0.9158251828009234,1.0,0.9658321060382917,1.0,1.0,1.0,1.0,1.0,1.0,1.0,1.0,1.0,1.0,1.0
moray_2012_ward4,3-approval,5,0.9158251828009234,1.0,0.9658321060382917,1.0,1.0,1.0,1.0,1.0,0.8333333333333334,0.9666666666666667,0.8333333333333334,0.9947916666666666,1.0,1.0
moray_2012_ward4,2-approval,5,0.9158251828009234,1.0,0.9658321060382917,1.0,1.0,1.0,1.0,1.0,1.0,1.0,0.6666666666666667,0.9895833333333334,1.0,1.0
moray_2012_ward4,plurality,5,1.0,1.0,1.0,1.0,1.0,1.0,1.0,1.0,1.0,1.0,0.33333333333333337,0.9791666666666666,1.0,1.0
moray_2012_ward4,stv,5,0.7234716953628075,1.0,0.6990835030549898,1.0,0.7234716953628075,1.0,0.6990835030549898,1.0,0.8333333333333334,0.9,0.0,0.921875,1.0,0.8333333333333333
moray_2012_ward4,ranked-pairs,5,1.0,1.0,1.0,1.0,1.0,1.0,1.0,1.0,1.0,1.0,1.0,1.0,1.0,1.0
inverclyde_2022_ward7,borda,5,1.0,1.0,1.0,1.0,1.0,1.0,1.0,1.0,0.8333333333333334,0.9,0.0,0.828125,1.0,1.0
inverclyde_2022_ward7,3-approval,5,0.8582252306063511,1.0,0.9069767441860465,1.0,1.0,1.0,1.0,1.0,0.6666666666666667,0.8666666666666667,0.0,0.9166666666666666,1.0,1.0
inverclyde_2022_ward7,2-approval,5,0.9055368955046053,1.0,0.9572225666460011,1.0,0.9607256532244608,1.0,0.9924266330072579,1.0,0.6666666666666667,0.8666666666666667,0.0,0.71875,1.0,0.8
inverclyde_2022_ward7,plurality,5,1.0,1.0,1.0,1.0,1.0,1.0,1.0,1.0,0.6666666666666667,0.9,0.33333333333333337,0.921875,1.0,0.9
inverclyde_2022_ward7,stv,5,1.0,1.0,1.0,1.0,1.0,1.0,1.0,1.0,0.6666666666666667,0.9,0.33333333333333337,0.921875,1.0,0.9
inverclyde_2022_ward7,ranked-pairs,5,1.0,1.0,1.0,1.0,1.0,1.0,1.0,1.0,1.0,1.0,1.0,1.0,1.0,1.0
orkney_2022_ward1,borda,5,1.0,1.0,1.0,1.0,1.0,1.0,1.0,1.0,1.0,1.0,0.0,0.9583333333333334,1.0,1.0
orkney_2022_ward1,3-approval,5,0.8659542328734141,1.0,0.916289592760181,1.0,1.0,1.0,1.0,1.0,1.0,1.0,0.0,0.9375,1.0,1.0
orkney_2022_ward1,2-approval,5,1.0,1.0,1.0,1.0,1.0,1.0,1.0,1.0,0.8333333333333334,0.9666666666666667,0.0,0.9114583333333334,1.0,1.0
orkney_2022_ward1,plurality,5,0.7904533586419978,1.0,0.8107963655799036,1.0,1.0,1.0,1.0,1.0,0.6666666666666667,0.9333333333333333,0.0,0.8958333333333334,1.0,1.0
orkney_2022_ward1,stv,5,0.7904533586419978,1.0,0.8107963655799036,1.0,1.0,1.0,1.0,1.0,0.6666666666666667,0.9333333333333333,0.0,0.8958333333333334,1.0,1.0
orkney_2022_ward1,ranked-pairs,5,1.0,1.0,1.0,1.0,1.0,1.0,1.0,1.0,1.0,1.0,1.0,1.0,1.0,1.0
dumgal_2022_ward5,borda,5,0.9452759129720477,1.0,0.9853658536585366,1.0,1.0,1.0,1.0,1.0,0.8333333333333334,0.9,0.0,0.921875,1.0,1.0
dumgal_2022_ward5,3-approval,5,1.0,1.0,1.0,1.0,1.0,1.0,1.0,1.0,0.5,0.7666666666666667,0.5,0.9635416666666666,1.0,0.7333333333333333
dumgal_2022_ward5,2-approval,5,0.9452759129720477,1.0,0.9853658536585366,1.0,1.0,1.0,1.0,1.0,0.8333333333333334,0.9333333333333333,0.0,0.8854166666666666,1.0,1.0
dumgal_2022_ward5,plurality,5,0.8083066045676984,1.0,0.8383017163504968,1.0,1.0,1.0,1.0,1.0,0.6666666666666667,0.8666666666666667,0.0,0.8541666666666667,1.0,0.9
dumgal_2022_ward5,stv,5,0.8083066045676984,1.0,0.8383017163504968,1.0,1.0,1.0,1.0,1.0,0.6666666666666667,0.8333333333333334,0.0,0.8489583333333334,1.0,1.0
dumgal_2022_ward5,ranked-pairs,5,1.0,1.0,1.0,1.0,1.0,1.0,1.0,1.0,1.0,1.0,1.0,1.0,1.0,1.0
north_lanarkshire_2012_ward10,borda,5,1.0,1.0,1.0,1.0,1.0,1.0,1.0,1.0,1.0,1.0,1.0,1.0,1.0,1.0
north_lanarkshire_2012_ward10,3-approval,5,1.0,1.0,1.0,1.0,1.0,1.0,1.0,1.0,1.0,1.0,1.0,1.0,1.0,1.0
north_lanarkshire_2012_ward10,2-approval,5,1.0,1.0,1.0,1.0,1.0,1.0,1.0,1.0,1.0,1.0,1.0,1.0,1.0,1.0
north_lanarkshire_2012_ward10,plurality,5,0.6637119492985502,1.0,0.5948579722164629,1.0,1.0,1.0,1.0,1.0,0.8333333333333334,0.9333333333333333,0.0,0.9270833333333334,1.0,0.9
north_lanarkshire_2012_ward10,stv,5,1.0,1.0,1.0,1.0,1.0,1.0,1.0,1.0,0.8333333333333334,0.9333333333333333,0.6666666666666667,0.96875,1.0,1.0
north_lanarkshire_2012_ward10,ranked-pairs,5,1.0,1.0,1.0,1.0,1.0,1.0,1.0,1.0,1.0,1.0,1.0,1.0,1.0,1.0
midlothian_2012_ward6,borda,5,1.0,1.0,1.0,1.0,1.0,1.0,1.0,1.0,0.8333333333333334,0.9666666666666667,0.6666666666666667,0.984375,1.0,1.0
midlothian_2012_ward6,3-approval,5,1.0,1.0,1.0,1.0,1.0,1.0,1.0,1.0,0.8333333333333334,0.9666666666666667,0.8333333333333334,0.9947916666666666,1.0,1.0
midlothian_2012_ward6,2-approval,5,1.0,1.0,1.0,1.0,1.0,1.0,1.0,1.0,0.8333333333333334,0.9666666666666667,0.6666666666666667,0.984375,1.0,1.0
midlothian_2012_ward6,plurality,5,0.8343530502387577,1.0,0.8758406621831352,1.0,0.8343530502387577,1.0,0.8758406621831352,1.0,0.6666666666666667,0.8666666666666667,0.0,0.8645833333333334,1.0,0.9
midlothian_2012_ward6,stv,5,1.0,1.0,1.0,1.0,1.0,1.0,1.0,1.0,0.6666666666666667,0.8666666666666667,0.33333333333333337,0.9479166666666666,1.0,0.9
midlothian_2012_ward6,ranked-pairs,5,1.0,1.0,1.0,1.0,1.0,1.0,1.0,1.0,1.0,1.0,1.0,1.0,1.0,1.0
dumgal_2017_ward7,borda,5,1.0,1.0,1.0,1.0,1.0,1.0,1.0,1.0,1.0,1.0,1.0,1.0,1.0,1.0
dumgal_2017_ward7,3-approval,5,1.0,1.0,1.0,1.0,1.0,1.0,1.0,1.0,0.8333333333333334,0.9,0.8333333333333334,0.984375,1.0,1.0
dumgal_2017_ward7,2-approval,5,1.0,1.0,1.0,1.0,1.0,1.0,1.0,1.0,1.0,1.0,0.6666666666666667,0.96875,1.0,1.0
dumgal_2017_ward7,plurality,5,0.7153723965473875,1.0,0.6850301732528713,1.0,0.7153723965473875,1.0,0.6850301732528713,1.0,0.6666666666666667,0.9,0.0,0.8072916666666666,1.0,0.9
dumgal_2017_ward7,stv,5,0.7153723965473875,1.0,0.6850301732528713,1.0,0.7153723965473875,1.0,0.6850301732528713,1.0,0.6666666666666667,0.8666666666666667,0.0,0.8020833333333333,1.0,0.9
dumgal_2017_ward7,ranked-pairs,5,1.0,1.0,1.0,1.0,1.0,1.0,1.0,1.0,1.0,1.0,1.0,1.0,1.0,1.0
aberdeenshire_2012_ward1,borda,5,1.0,1.0,1.0,1.0,1.0,1.0,1.0,1.0,1.0,1.0,1.0,1.0,1.0,1.0
aberdeenshire_2012_ward1,3-approval,5,0.8491045215521165,1.0,0.8954882924043402,1.0,1.0,1.0,1.0,1.0,1.0,1.0,1.0,1.0,1.0,1.0
aberdeenshire_2012_ward1,2-approval,5,0.8491045215521165,1.0,0.8954882924043402,1.0,1.0,1.0,1.0,1.0,0.8333333333333334,0.9666666666666667,0.8333333333333334,0.9947916666666666,1.0,1.0
aberdeenshire_2012_ward1,plurality,5,1.0,1.0,1.0,1.0,1.0,1.0,1.0,1.0,0.8333333333333334,0.9666666666666667,0.6666666666666667,0.984375,1.0,1.0
aberdeenshire_2012_ward1,stv,5,1.0,1.0,1.0,1.0,1.0,1.0,1.0,1.0,0.8333333333333334,0.9666666666666667,0.6666666666666667,0.984375,1.0,1.0
aberdeenshire_2012_ward1,ranked-pairs,5,1.0,1.0,1.0,1.0,1.0,1.0,1.0,1.0,1.0,1.0,1.0,1.0,1.0,1.0
orkney_2022_ward6,borda,5,1.0,1.0,1.0,1.0,1.0,1.0,1.0,1.0,1.0,1.0,1.0,1.0,1.0,1.0
orkney_2022_ward6,3-approval,5,1.0,1.0,1.0,1.0,1.0,1.0,1.0,1.0,1.0,1.0,1.0,1.0,1.0,1.0
orkney_2022_ward6,2-approval,5,0.9204089234680938,1.0,0.9693779904306219,1.0,1.0,1.0,1.0,1.0,0.8333333333333334,0.9,0.0,0.921875,1.0,1.0
orkney_2022_ward6,plurality,5,0.9204089234680938,1.0,0.9693779904306219,1.0,1.0,1.0,1.0,1.0,1.0,1.0,0.0,0.9583333333333334,1.0,1.0
orkney_2022_ward6,stv,5,0.9204089234680938,1.0,0.9693779904306219,1.0,1.0,1.0,1.0,1.0,1.0,1.0,0.0,0.9583333333333334,1.0,1.0
orkney_2022_ward6,ranked-pairs,5,1.0,1.0,1.0,1.0,1.0,1.0,1.0,1.0,1.0,1.0,1.0,1.0,1.0,1.0
shetland_2017_ward4,borda,5,1.0,1.0,1.0,1.0,1.0,1.0,1.0,1.0,1.0,1.0,1.0,1.0,1.0,1.0
shetland_2017_ward4,3-approval,5,0.8802913591289582,1.0,0.932472691161867,1.0,0.8802913591289582,1.0,0.932472691161867,1.0,1.0,1.0,1.0,1.0,1.0,1.0
shetland_2017_ward4,2-approval,5,1.0,1.0,1.0,1.0,1.0,1.0,1.0,1.0,1.0,1.0,0.0,0.9583333333333334,1.0,1.0
shetland_2017_ward4,plurality,5,1.0,1.0,1.0,1.0,1.0,1.0,1.0,1.0,1.0,1.0,1.0,1.0,1.0,1.0
shetland_2017_ward4,stv,5,1.0,1.0,1.0,1.0,1.0,1.0,1.0,1.0,1.0,1.0,1.0,1.0,1.0,1.0
shetland_2017_ward4,ranked-pairs,5,1.0,1.0,1.0,1.0,1.0,1.0,1.0,1.0,1.0,1.0,1.0,1.0,1.0,1.0
moray_2012_ward3,borda,5,1.0,1.0,1.0,1.0,1.0,1.0,1.0,1.0,1.0,1.0,0.0,0.96875,1.0,1.0
moray_2012_ward3,3-approval,5,1.0,1.0,1.0,1.0,1.0,1.0,1.0,1.0,0.8333333333333334,0.9333333333333333,0.0,0.9270833333333334,1.0,1.0
moray_2012_ward3,2-approval,5,1.0,1.0,1.0,1.0,1.0,1.0,1.0,1.0,0.8333333333333334,0.9666666666666667,0.0,0.9427083333333334,1.0,1.0
moray_2012_ward3,plurality,5,0.6038962585078592,1.0,0.49289099526066343,1.0,1.0,1.0,1.0,1.0,0.5,0.9,0.0,0.9010416666666666,1.0,0.9
moray_2012_ward3,stv,5,1.0,1.0,1.0,1.0,1.0,1.0,1.0,1.0,0.6666666666666667,0.9333333333333333,0.33333333333333337,0.9583333333333334,1.0,0.9
moray_2012_ward3,ranked-pairs,5,1.0,1.0,1.0,1.0,1.0,1.0,1.0,1.0,1.0,1.0,1.0,1.0,1.0,1.0
dumgal_2022_ward6,borda,5,1.0,1.0,1.0,1.0,1.0,1.0,1.0,1.0,1.0,1.0,0.0,0.9583333333333334,1.0,1.0
dumgal_2022_ward6,3-approval,5,0.8147888808520407,1.0,0.847953216374269,1.0,1.0,1.0,1.0,1.0,0.6666666666666667,0.8333333333333334,0.6666666666666667,0.9739583333333334,1.0,0.7999999999999999
dumgal_2022_ward6,2-approval,5,0.7584236342592745,1.0,0.7586821015138023,1.0,1.0,1.0,1.0,1.0,0.6666666666666667,0.8333333333333334,0.0,0.8177083333333333,1.0,1.0
dumgal_2022_ward6,plurality,5,0.7212754753041125,1.0,0.6952789699570815,1.0,1.0,1.0,1.0,1.0,0.8333333333333334,0.9666666666666667,0.0,0.890625,1.0,0.9333333333333332
dumgal_2022_ward6,stv,5,0.7212754753041125,1.0,0.6952789699570815,1.0,1.0,1.0,1.0,1.0,0.8333333333333334,0.9666666666666667,0.0,0.890625,1.0,0.9333333333333332
dumgal_2022_ward6,ranked-pairs,5,1.0,1.0,1.0,1.0,1.0,1.0,1.0,1.0,1.0,1.0,1.0,1.0,1.0,1.0
edinburgh_2017_ward3,borda,5,0.9425289879561896,1.0,0.9838760339231495,1.0,1.0,1.0,1.0,1.0,0.8333333333333334,0.9666666666666667,0.0,0.9427083333333334,1.0,1.0
edinburgh_2017_ward3,3-approval,5,1.0,1.0,1.0,1.0,1.0,1.0,1.0,1.0,1.0,1.0,1.0,1.0,1.0,1.0
edinburgh_2017_ward3,2-approval,5,0.8751023497502955,1.0,0.926784624771202,1.0,0.8751023497502955,1.0,0.926784624771202,1.0,0.6666666666666667,0.9,0.0,0.859375,1.0,0.8
edinburgh_2017_ward3,plurality,5,0.8751023497502955,1.0,0.926784624771202,1.0,0.8751023497502955,1.0,0.926784624771202,1.0,0.8333333333333334,0.9666666666666667,0.0,0.8697916666666667,1.0,1.0
edinburgh_2017_ward3,stv,5,0.8751023497502955,1.0,0.926784624771202,1.0,0.8751023497502955,1.0,0.926784624771202,1.0,0.8333333333333334,0.9666666666666667,0.0,0.8697916666666667,1.0,0.9
edinburgh_2017_ward3,ranked-pairs,5,1.0,1.0,1.0,1.0,1.0,1.0,1.0,1.0,1.0,1.0,1.0,1.0,1.0,1.0
renfrewshire_2017_ward11,borda,5,0.9566384168964822,1.0,0.9907785068274518,1.0,1.0,1.0,1.0,1.0,1.0,1.0,1.0,1.0,1.0,1.0
renfrewshire_2017_ward11,3-approval,5,0.8114777384833428,1.0,0.8430471186997209,1.0,0.8114777384833428,1.0,0.8430471186997209,1.0,1.0,1.0,0.0,0.9375,1.0,1.0
renfrewshire_2017_ward11,2-approval,5,1.0,1.0,1.0,1.0,1.0,1.0,1.0,1.0,0.8333333333333334,0.9333333333333333,0.0,0.90625,1.0,1.0
renfrewshire_2017_ward11,plurality,5,1.0,1.0,1.0,1.0,1.0,1.0,1.0,1.0,0.8333333333333334,0.9666666666666667,0.6666666666666667,0.9739583333333334,1.0,1.0
renfrewshire_2017_ward11,stv,5,1.0,1.0,1.0,1.0,1.0,1.0,1.0,1.0,0.8333333333333334,0.9666666666666667,0.6666666666666667,0.9739583333333334,1.0,1.0
renfrewshire_2017_ward11,ranked-pairs,5,1.0,1.0,1.0,1.0,1.0,1.0,1.0,1.0,1.0,1.0,1.0,1.0,1.0,1.0
aberdeenshire_2012_ward13,borda,5,0.9427092867999386,1.0,0.9839759639459189,1.0,1.0,1.0,1.0,1.0,0.8333333333333334,0.9666666666666667,0.8333333333333334,0.9947916666666666,1.0,1.0
aberdeenshire_2012_ward13,3-approval,5,1.0,1.0,1.0,1.0,1.0,1.0,1.0,1.0,1.0,1.0,0.0,0.9375,1.0,1.0
aberdeenshire_2012_ward13,2-approval,5,1.0,1.0,1.0,1.0,1.0,1.0,1.0,1.0,0.8333333333333334,0.9666666666666667,0.0,0.9427083333333334,1.0,1.0
aberdeenshire_2012_ward13,plurality,5,0.8461232885629834,1.0,0.8916209119121509,1.0,1.0,1.0,1.0,1.0,0.6666666666666667,0.8666666666666667,0.0,0.8645833333333333,1.0,1.0
aberdeenshire_2012_ward13,stv,5,0.8461232885629834,1.0,0.8916209119121509,1.0,1.0,1.0,1.0,1.0,0.6666666666666667,0.8666666666666667,0.0,0.8645833333333333,1.0,1.0
aberdeenshire_2012_ward13,ranked-pairs,5,1.0,1.0,1.0,1.0,1.0,1.0,1.0,1.0,1.0,1.0,1.0,1.0,1.0,1.0
east_renfrewshire_2012_ward4,borda,5,1.0,1.0,1.0,1.0,1.0,1.0,1.0,1.0,1.0,1.0,1.0,1.0,1.0,1.0
east_renfrewshire_2012_ward4,3-approval,5,1.0,1.0,1.0,1.0,1.0,1.0,1.0,1.0,1.0,1.0,1.0,1.0,1.0,1.0
east_renfrewshire_2012_ward4,2-approval,5,1.0,1.0,1.0,1.0,1.0,1.0,1.0,1.0,1.0,1.0,1.0,1.0,1.0,1.0
east_renfrewshire_2012_ward4,plurality,5,0.8354916280119878,1.0,0.8774016468435497,1.0,0.9081706614167512,1.0,0.959511077158136,1.0,0.8333333333333334,0.9333333333333333,0.0,0.8854166666666666,1.0,0.9
east_renfrewshire_2012_ward4,stv,5,0.8354916280119878,1.0,0.8774016468435497,1.0,0.9081706614167512,1.0,0.959511077158136,1.0,0.8333333333333334,0.9333333333333333,0.0,0.8854166666666666,1.0,0.9
east_renfrewshire_2012_ward4,ranked-pairs,5,1.0,1.0,1.0,1.0,1.0,1.0,1.0,1.0,1.0,1.0,1.0,1.0,1.0,1.0
perth_kinross_2022_ward5,borda,5,0.8616021915235409,1.0,0.9110946471568808,1.0,1.0,1.0,1.0,1.0,0.8333333333333334,0.9666666666666667,0.0,0.953125,1.0,1.0
perth_kinross_2022_ward5,3-approval,5,0.8018212046476865,1.0,0.8284600389863547,1.0,1.0,1.0,1.0,1.0,1.0,1.0,1.0,1.0,1.0,1.0
perth_kinross_2022_ward5,2-approval,5,0.8187501477738097,1.0,0.8537549407114623,1.0,0.828362549234823,1.0,0.8675113122171944,1.0,0.6666666666666667,0.8666666666666667,0.0,0.7604166666666667,1.0,0.8
perth_kinross_2022_ward5,plurality,5,0.8187501477738097,1.0,0.8537549407114623,1.0,0.8187501477738097,1.0,0.8537549407114623,1.0,0.5,0.7666666666666667,0.0,0.8072916666666667,1.0,0.7
perth_kinross_2022_ward5,stv,5,0.8124387354024719,1.0,0.844476224526278,1.0,0.8124387354024719,1.0,0.844476224526278,1.0,0.5,0.7,0.0,0.6927083333333334,1.0,0.8
perth_kinross_2022_ward5,ranked-pairs,5,1.0,1.0,1.0,1.0,1.0,1.0,1.0,1.0,1.0,1.0,1.0,1.0,1.0,1.0
aberdeenshire_2022_ward2,borda,5,1.0,1.0,1.0,1.0,1.0,1.0,1.0,1.0,0.8333333333333334,0.9666666666666667,0.0,0.9427083333333334,1.0,1.0
aberdeenshire_2022_ward2,3-approval,5,1.0,1.0,1.0,1.0,1.0,1.0,1.0,1.0,0.8333333333333334,0.9333333333333333,0.0,0.9270833333333334,1.0,1.0
aberdeenshire_2022_ward2,2-approval,5,0.7742910722404313,1.0,0.7848837209302326,1.0,1.0,1.0,1.0,1.0,0.6666666666666667,0.8666666666666667,0.0,0.875,1.0,1.0
aberdeenshire_2022_ward2,plurality,5,0.7658226977631517,1.0,0.7709835592731468,1.0,0.7658226977631517,1.0,0.7709835592731468,1.0,0.6666666666666667,0.9,0.0,0.890625,1.0,0.8
aberdeenshire_2022_ward2,stv,5,1.0,1.0,1.0,1.0,1.0,1.0,1.0,1.0,0.8333333333333334,0.9666666666666667,0.6666666666666667,0.953125,1.0,0.9
aberdeenshire_2022_ward2,ranked-pairs,5,1.0,1.0,1.0,1.0,1.0,1.0,1.0,1.0,1.0,1.0,1.0,1.0,1.0,1.0
perth_kinross_2012_ward1,borda,5,1.0,1.0,1.0,1.0,1.0,1.0,1.0,1.0,1.0,1.0,1.0,1.0,1.0,1.0
perth_kinross_2012_ward1,3-approval,5,1.0,1.0,1.0,1.0,1.0,1.0,1.0,1.0,0.8333333333333334,0.9333333333333333,0.8333333333333334,0.9895833333333334,1.0,1.0
perth_kinross_2012_ward1,2-approval,5,1.0,1.0,1.0,1.0,1.0,1.0,1.0,1.0,1.0,1.0,0.6666666666666667,0.9895833333333334,1.0,1.0
perth_kinross_2012_ward1,plurality,5,0.8035533217266894,1.0,0.8311060562979813,1.0,1.0,1.0,1.0,1.0,0.8333333333333334,0.9333333333333333,0.0,0.8854166666666666,1.0,1.0
perth_kinross_2012_ward1,stv,5,0.8035533217266894,1.0,0.8311060562979813,1.0,1.0,1.0,1.0,1.0,0.8333333333333334,0.9333333333333333,0.0,0.8854166666666666,1.0,1.0
perth_kinross_2012_ward1,ranked-pairs,5,1.0,1.0,1.0,1.0,1.0,1.0,1.0,1.0,1.0,1.0,1.0,1.0,1.0,1.0
aberdeen_2022_ward11,borda,5,1.0,1.0,1.0,1.0,1.0,1.0,1.0,1.0,0.8333333333333334,0.9666666666666667,0.0,0.9322916666666666,1.0,1.0
aberdeen_2022_ward11,3-approval,5,0.9125924815274984,1.0,0.9632230023403545,1.0,1.0,1.0,1.0,1.0,1.0,1.0,0.0,0.9375,1.0,1.0
aberdeen_2022_ward11,2-approval,5,0.9250566398838777,1.0,0.9727868301696623,1.0,0.9250566398838777,1.0,0.9727868301696623,1.0,0.6666666666666667,0.9,0.0,0.828125,1.0,0.8
aberdeen_2022_ward11,plurality,5,0.9250566398838777,1.0,0.9727868301696623,1.0,0.9250566398838777,1.0,0.9727868301696623,1.0,1.0,1.0,0.0,0.9583333333333334,1.0,1.0
aberdeen_2022_ward11,stv,5,0.9250566398838777,1.0,0.9727868301696623,1.0,0.9250566398838777,1.0,0.9727868301696623,1.0,1.0,1.0,0.0,0.9583333333333334,1.0,1.0
aberdeen_2022_ward11,ranked-pairs,5,1.0,1.0,1.0,1.0,1.0,1.0,1.0,1.0,1.0,1.0,1.0,1.0,1.0,1.0
perth_kinross_2012_ward7,borda,5,1.0,1.0,1.0,1.0,1.0,1.0,1.0,1.0,1.0,1.0,1.0,1.0,1.0,1.0
perth_kinross_2012_ward7,3-approval,5,0.8718738965487635,1.0,0.9231478635106057,1.0,1.0,1.0,1.0,1.0,0.8333333333333334,0.9666666666666667,0.8333333333333334,0.9947916666666666,1.0,1.0
perth_kinross_2012_ward7,2-approval,5,1.0,1.0,1.0,1.0,1.0,1.0,1.0,1.0,0.8333333333333334,0.8666666666666667,0.0,0.8958333333333334,1.0,1.0
perth_kinross_2012_ward7,plurality,5,0.9217671216362429,1.0,0.970393700787402,1.0,1.0,1.0,1.0,1.0,0.8333333333333334,0.9,0.0,0.9114583333333334,1.0,0.9
perth_kinross_2012_ward7,stv,5,0.9217671216362429,1.0,0.970393700787402,1.0,1.0,1.0,1.0,1.0,0.8333333333333334,0.9,0.0,0.9114583333333334,1.0,0.9
perth_kinross_2012_ward7,ranked-pairs,5,1.0,1.0,1.0,1.0,1.0,1.0,1.0,1.0,1.0,1.0,1.0,1.0,1.0,1.0
west_dunbartonshire_2022_ward5,borda,5,0.8706829802750736,1.0,0.9217877094972067,1.0,1.0,1.0,1.0,1.0,0.8333333333333334,0.9666666666666667,0.6666666666666667,0.984375,1.0,1.0
west_dunbartonshire_2022_ward5,3-approval,5,0.8706829802750736,1.0,0.9217877094972067,1.0,1.0,1.0,1.0,1.0,0.6666666666666667,0.8666666666666667,0.0,0.8541666666666667,1.0,1.0
west_dunbartonshire_2022_ward5,2-approval,5,1.0,1.0,1.0,1.0,1.0,1.0,1.0,1.0,0.6666666666666667,0.9,0.0,0.7864583333333333,1.0,1.0
west_dunbartonshire_2022_ward5,plurality,5,0.8706829802750736,1.0,0.9217877094972067,1.0,1.0,1.0,1.0,1.0,0.6666666666666667,0.9333333333333333,0.0,0.875,1.0,1.0
west_dunbartonshire_2022_ward5,stv,5,0.913097383261115,1.0,0.9636363636363636,1.0,1.0,1.0,1.0,1.0,0.8333333333333334,0.9333333333333333,0.0,0.9270833333333334,1.0,1.0
west_dunbartonshire_2022_ward5,ranked-pairs,5,1.0,1.0,1.0,1.0,1.0,1.0,1.0,1.0,1.0,1.0,1.0,1.0,1.0,1.0
moray_2022_ward4,borda,5,1.0,1.0,1.0,1.0,1.0,1.0,1.0,1.0,1.0,1.0,0.6666666666666667,0.96875,1.0,1.0
moray_2022_ward4,3-approval,5,0.9308214663189103,1.0,0.9767499381647291,1.0,1.0,1.0,1.0,1.0,0.16666666666666663,0.43333333333333335,0.0,0.7239583333333334,1.0,0.4666666666666666
moray_2022_ward4,2-approval,5,1.0,1.0,1.0,1.0,1.0,1.0,1.0,1.0,1.0,1.0,0.0,0.8229166666666667,1.0,1.0
moray_2022_ward4,plurality,5,0.9308214663189103,1.0,0.9767499381647291,1.0,1.0,1.0,1.0,1.0,0.6666666666666667,0.9,0.0,0.8802083333333334,1.0,0.9
moray_2022_ward4,stv,5,0.808726307077323,1.0,0.8389323515876669,1.0,0.808726307077323,1.0,0.8389323515876669,1.0,0.5,0.8333333333333334,0.0,0.828125,1.0,0.8
moray_2022_ward4,ranked-pairs,5,1.0,1.0,1.0,1.0,1.0,1.0,1.0,1.0,1.0,1.0,1.0,1.0,1.0,1.0
moray_2012_ward6,borda,5,0.8974576368667428,1.0,0.9498480243161094,1.0,1.0,1.0,1.0,1.0,0.8333333333333334,0.9666666666666667,0.0,0.9427083333333334,1.0,1.0
moray_2012_ward6,3-approval,5,0.8974576368667428,1.0,0.9498480243161094,1.0,1.0,1.0,1.0,1.0,0.8333333333333334,0.9666666666666667,0.8333333333333334,0.9947916666666666,1.0,1.0
moray_2012_ward6,2-approval,5,1.0,1.0,1.0,1.0,1.0,1.0,1.0,1.0,0.8333333333333334,0.9666666666666667,0.0,0.890625,1.0,1.0
moray_2012_ward6,plurality,5,0.864800940435018,1.0,0.9149253731343282,1.0,1.0,1.0,1.0,1.0,0.8333333333333334,0.9333333333333333,0.0,0.8229166666666667,1.0,1.0
moray_2012_ward6,stv,5,0.864800940435018,1.0,0.9149253731343282,1.0,1.0,1.0,1.0,1.0,0.8333333333333334,0.9333333333333333,0.0,0.8229166666666667,1.0,0.9
moray_2012_ward6,ranked-pairs,5,1.0,1.0,1.0,1.0,1.0,1.0,1.0,1.0,1.0,1.0,1.0,1.0,1.0,1.0
dumgal_2012_ward7,borda,5,0.9623527340839337,1.0,0.9930382894082546,1.0,1.0,1.0,1.0,1.0,0.8333333333333334,0.9666666666666667,0.0,0.9427083333333334,1.0,1.0
dumgal_2012_ward7,3-approval,5,1.0,1.0,1.0,1.0,1.0,1.0,1.0,1.0,1.0,1.0,1.0,1.0,1.0,1.0
dumgal_2012_ward7,2-approval,5,0.8587837855865934,1.0,0.9076630176106613,1.0,0.8587837855865934,1.0,0.9076630176106613,1.0,0.6666666666666667,0.8666666666666667,0.0,0.8645833333333334,1.0,0.7999999999999999
dumgal_2012_ward7,plurality,5,0.609690983944524,1.0,0.5025304592314901,1.0,0.6183409256692819,0.8058102785708069,0.5170325510976532,0.8345348438036387,0.5,0.8333333333333334,0.0,0.7239583333333334,1.0,0.8666666666666666
dumgal_2012_ward7,stv,5,0.609690983944524,1.0,0.5025304592314901,1.0,0.6183409256692819,0.8058102785708069,0.5170325510976532,0.8345348438036387,0.5,0.8333333333333334,0.0,0.6927083333333334,1.0,0.8666666666666666
dumgal_2012_ward7,ranked-pairs,5,1.0,1.0,1.0,1.0,1.0,1.0,1.0,1.0,1.0,1.0,1.0,1.0,1.0,1.0
angus_2017_ward6,borda,5,0.9035950934167349,1.0,0.9554986393468866,1.0,1.0,1.0,1.0,1.0,0.8333333333333334,0.9333333333333333,0.0,0.9270833333333334,1.0,1.0
angus_2017_ward6,3-approval,5,0.8154645488026206,1.0,0.8489480853640079,1.0,1.0,1.0,1.0,1.0,1.0,1.0,0.0,0.9375,1.0,1.0
angus_2017_ward6,2-approval,5,0.8553376781949859,1.0,0.9033966967902775,1.0,0.8553376781949859,1.0,0.9033966967902775,1.0,0.6666666666666667,0.8666666666666667,0.0,0.84375,1.0,0.8666666666666666
angus_2017_ward6,plurality,5,0.8553376781949859,1.0,0.9033966967902775,1.0,0.8553376781949859,1.0,0.9033966967902775,1.0,0.8333333333333334,0.9333333333333333,0.0,0.8958333333333334,1.0,0.9333333333333332
angus_2017_ward6,stv,5,0.9035950934167349,1.0,0.9554986393468866,1.0,1.0,1.0,1.0,1.0,0.8333333333333334,0.9333333333333333,0.0,0.9166666666666666,1.0,0.9333333333333332
angus_2017_ward6,ranked-pairs,5,1.0,1.0,1.0,1.0,1.0,1.0,1.0,1.0,1.0,1.0,1.0,1.0,1.0,1.0
south_ayrshire_2017_ward7,borda,5,1.0,1.0,1.0,1.0,1.0,1.0,1.0,1.0,1.0,1.0,0.0,0.96875,1.0,1.0
south_ayrshire_2017_ward7,3-approval,5,0.829332916984088,1.0,0.8688736027515047,1.0,0.829332916984088,1.0,0.8688736027515047,1.0,1.0,1.0,1.0,1.0,1.0,1.0
south_ayrshire_2017_ward7,2-approval,5,0.8242409419623605,1.0,0.8616702355460385,1.0,1.0,1.0,1.0,1.0,0.8333333333333334,0.9,0.0,0.8697916666666667,1.0,1.0
south_ayrshire_2017_ward7,plurality,5,0.7651984828400731,1.0,0.7699511400651466,1.0,1.0,1.0,1.0,1.0,0.8333333333333334,0.9666666666666667,0.0,0.859375,1.0,1.0
south_ayrshire_2017_ward7,stv,5,0.7651984828400731,1.0,0.7699511400651466,1.0,1.0,1.0,1.0,1.0,0.8333333333333334,0.9333333333333333,0.0,0.84375,1.0,1.0
south_ayrshire_2017_ward7,ranked-pairs,5,1.0,1.0,1.0,1.0,1.0,1.0,1.0,1.0,1.0,1.0,1.0,1.0,1.0,1.0
north_lanarkshire_2012_ward16,borda,5,1.0,1.0,1.0,1.0,1.0,1.0,1.0,1.0,1.0,1.0,1.0,1.0,1.0,1.0
north_lanarkshire_2012_ward16,3-approval,5,0.878462680022019,1.0,0.9304905102292336,1.0,1.0,1.0,1.0,1.0,1.0,1.0,1.0,1.0,1.0,1.0
north_lanarkshire_2012_ward16,2-approval,5,0.878462680022019,1.0,0.9304905102292336,1.0,1.0,1.0,1.0,1.0,1.0,1.0,1.0,1.0,1.0,1.0
north_lanarkshire_2012_ward16,plurality,5,0.7747810892700114,1.0,0.7856817145462835,1.0,1.0,1.0,1.0,1.0,0.8333333333333334,0.9333333333333333,0.0,0.8854166666666666,1.0,1.0
north_lanarkshire_2012_ward16,stv,5,0.7747810892700114,1.0,0.7856817145462835,1.0,1.0,1.0,1.0,1.0,0.8333333333333334,0.9333333333333333,0.0,0.8854166666666666,1.0,1.0
north_lanarkshire_2012_ward16,ranked-pairs,5,1.0,1.0,1.0,1.0,1.0,1.0,1.0,1.0,1.0,1.0,1.0,1.0,1.0,1.0
orkney_2022_ward5,borda,5,1.0,1.0,1.0,1.0,1.0,1.0,1.0,1.0,1.0,1.0,1.0,1.0,1.0,1.0
orkney_2022_ward5,3-approval,5,1.0,1.0,1.0,1.0,1.0,1.0,1.0,1.0,1.0,1.0,1.0,1.0,1.0,1.0
orkney_2022_ward5,2-approval,5,0.8523580620267399,1.0,0.8996466431095406,1.0,0.8523580620267399,1.0,0.8996466431095406,1.0,0.8333333333333334,0.9,0.0,0.921875,1.0,0.7333333333333333
orkney_2022_ward5,plurality,5,0.7335528129386361,1.0,0.7164750957854404,1.0,0.7335528129386361,1.0,0.7164750957854404,1.0,0.6666666666666667,0.9333333333333333,0.0,0.875,1.0,0.9
orkney_2022_ward5,stv,5,0.7335528129386361,1.0,0.7164750957854404,1.0,0.8523580620267399,1.0,0.8996466431095406,1.0,0.6666666666666667,0.8666666666666667,0.0,0.8645833333333334,1.0,0.9
orkney_2022_ward5,ranked-pairs,5,1.0,1.0,1.0,1.0,1.0,1.0,1.0,1.0,1.0,1.0,1.0,1.0,1.0,1.0
north_lanarkshire_2017_ward10,borda,5,1.0,1.0,1.0,1.0,1.0,1.0,1.0,1.0,1.0,1.0,0.0,0.9583333333333334,1.0,1.0
north_lanarkshire_2017_ward10,3-approval,5,1.0,1.0,1.0,1.0,1.0,1.0,1.0,1.0,0.8333333333333334,0.9333333333333333,0.0,0.9270833333333334,1.0,1.0
north_lanarkshire_2017_ward10,2-approval,5,1.0,1.0,1.0,1.0,1.0,1.0,1.0,1.0,0.8333333333333334,0.9666666666666667,0.0,0.9322916666666666,1.0,1.0
north_lanarkshire_2017_ward10,plurality,5,0.9123932684414209,1.0,0.9630593132154005,1.0,0.9123932684414209,1.0,0.9630593132154005,1.0,0.6666666666666667,0.8333333333333334,0.0,0.9010416666666666,1.0,0.8333333333333333
north_lanarkshire_2017_ward10,stv,5,1.0,1.0,1.0,1.0,1.0,1.0,1.0,1.0,0.6666666666666667,0.8666666666666667,0.6666666666666667,0.9375,1.0,0.9
north_lanarkshire_2017_ward10,ranked-pairs,5,1.0,1.0,1.0,1.0,1.0,1.0,1.0,1.0,1.0,1.0,1.0,1.0,1.0,1.0
renfrewshire_2022_ward2,borda,5,1.0,1.0,1.0,1.0,1.0,1.0,1.0,1.0,0.8333333333333334,0.9333333333333333,0.6666666666666667,0.96875,1.0,0.9
renfrewshire_2022_ward2,3-approval,5,0.7545293380560526,1.0,0.7521546703936642,1.0,0.7545293380560526,1.0,0.7521546703936642,1.0,0.8333333333333334,0.9,0.8333333333333334,0.984375,1.0,0.8
renfrewshire_2022_ward2,2-approval,5,1.0,1.0,1.0,1.0,1.0,1.0,1.0,1.0,0.8333333333333334,0.9333333333333333,0.0,0.84375,1.0,0.8
renfrewshire_2022_ward2,plurality,5,0.5742179196759095,1.0,0.44459381601690035,1.0,1.0,1.0,1.0,1.0,0.5,0.8,0.0,0.8229166666666666,1.0,0.9
renfrewshire_2022_ward2,stv,5,0.5742179196759095,1.0,0.44459381601690035,1.0,1.0,1.0,1.0,1.0,0.5,0.7333333333333333,0.0,0.8125,1.0,0.9
renfrewshire_2022_ward2,ranked-pairs,5,1.0,1.0,1.0,1.0,1.0,1.0,1.0,1.0,1.0,1.0,1.0,1.0,1.0,1.0
orkney_2012_ward6,borda,4,0.8768316934033968,1.0,0.9287020109689216,1.0,0.8768316934033968,1.0,0.9287020109689216,1.0,0.0,0.6666666666666667,0.0,0.7916666666666667,1.0,0.875
orkney_2012_ward6,3-approval,4,0.8768316934033968,1.0,0.9287020109689216,1.0,0.956138595158671,1.0,0.9905660377358492,1.0,1.0,1.0,1.0,1.0,1.0,1.0
orkney_2012_ward6,2-approval,4,0.9411163708604036,1.0,0.9830827067669173,1.0,0.9411163708604036,1.0,0.9830827067669173,1.0,0.0,0.5833333333333334,0.0,0.7083333333333334,1.0,0.75
orkney_2012_ward6,plurality,4,0.8768316934033968,1.0,0.9287020109689216,1.0,0.8768316934033968,1.0,0.9287020109689216,1.0,0.6666666666666667,0.9166666666666666,0.0,0.8541666666666667,1.0,0.875
orkney_2012_ward6,stv,4,0.9411163708604036,1.0,0.9830827067669173,1.0,0.9411163708604036,1.0,0.9830827067669173,1.0,0.6666666666666667,0.9166666666666666,0.0,0.9166666666666666,1.0,0.875
orkney_2012_ward6,ranked-pairs,4,0.956138595158671,1.0,0.9905660377358492,1.0,0.956138595158671,1.0,0.9905660377358492,1.0,0.6666666666666667,0.9166666666666666,0.0,0.9166666666666666,1.0,0.875
moray_2017_ward3,borda,4,0.9219175099190682,0.959009133070001,0.970505177282711,0.9917538851887088,0.9219175099190682,0.9803190931555483,0.970505177282711,0.9980909958638241,1.0,1.0,0.0,0.9375,1.0,1.0
moray_2017_ward3,3-approval,4,0.9219175099190682,0.9853317568407117,0.970505177282711,0.9989389920424403,1.0,1.0,1.0,1.0,0.33333333333333337,0.6666666666666667,0.0,0.7916666666666667,1.0,0.625
moray_2017_ward3,2-approval,4,0.9366402652717012,1.0,0.9804478082623778,1.0,0.9803190931555483,1.0,0.9980909958638241,1.0,0.33333333333333337,0.5,0.0,0.6875,1.0,0.75
moray_2017_ward3,plurality,4,0.9298242640512439,1.0,0.9760855884203903,1.0,0.9803190931555483,1.0,0.9980909958638241,1.0,0.33333333333333337,0.5833333333333334,0.0,0.6458333333333334,1.0,0.875
moray_2017_ward3,stv,4,0.9219175099190682,0.942364047280898,0.970505177282711,0.9837843529535643,0.9298242640512439,0.93298473759527,0.9760855884203903,0.9781604367912642,0.33333333333333337,0.5833333333333334,0.0,0.5208333333333334,1.0,0.75
moray_2017_ward3,ranked-pairs,4,1.0,1.0,1.0,1.0,1.0,1.0,1.0,1.0,1.0,1.0,1.0,1.0,1.0,1.0
moray_2017_ward7,borda,4,1.0,1.0,1.0,1.0,1.0,1.0,1.0,1.0,0.6666666666666667,0.9166666666666666,0.0,0.9166666666666666,1.0,0.875
moray_2017_ward7,3-approval,4,0.7566589336432418,1.0,0.7557284911370515,1.0,0.8900192530224039,1.0,0.9425974647213587,1.0,0.6666666666666667,0.8333333333333334,0.0,0.8958333333333334,1.0,1.0
moray_2017_ward7,2-approval,4,1.0,1.0,1.0,1.0,1.0,1.0,1.0,1.0,0.33333333333333337,0.75,0.0,0.875,1.0,0.75
moray_2017_ward7,plurality,4,0.7708070079249194,1.0,0.7791894852135817,1.0,1.0,1.0,1.0,1.0,0.6666666666666667,0.8333333333333334,0.0,0.8333333333333334,1.0,1.0
moray_2017_ward7,stv,4,0.7708070079249194,1.0,0.7791894852135817,1.0,1.0,1.0,1.0,1.0,0.6666666666666667,0.8333333333333334,0.0,0.8333333333333334,1.0,1.0
moray_2017_ward7,ranked-pairs,4,1.0,1.0,1.0,1.0,1.0,1.0,1.0,1.0,1.0,1.0,1.0,1.0,1.0,1.0
falkirk_2012_ward8,borda,4,0.9497439593748629,1.0,0.987639060568603,1.0,1.0,1.0,1.0,1.0,1.0,1.0,1.0,1.0,1.0,1.0
falkirk_2012_ward8,3-approval,4,0.9497439593748629,1.0,0.987639060568603,1.0,1.0,1.0,1.0,1.0,1.0,1.0,1.0,1.0,1.0,1.0
falkirk_2012_ward8,2-approval,4,0.9497439593748629,1.0,0.987639060568603,1.0,1.0,1.0,1.0,1.0,1.0,1.0,1.0,1.0,1.0,1.0
falkirk_2012_ward8,plurality,4,1.0,1.0,1.0,1.0,1.0,1.0,1.0,1.0,1.0,1.0,1.0,1.0,1.0,1.0
falkirk_2012_ward8,stv,4,1.0,1.0,1.0,1.0,1.0,1.0,1.0,1.0,1.0,1.0,1.0,1.0,1.0,1.0
falkirk_2012_ward8,ranked-pairs,4,1.0,1.0,1.0,1.0,1.0,1.0,1.0,1.0,1.0,1.0,1.0,1.0,1.0,1.0
clackmannanshire_2012_ward5,borda,4,0.9005361983314496,1.0,0.9527204502814258,1.0,0.9005361983314496,1.0,0.9527204502814258,1.0,1.0,1.0,1.0,1.0,1.0,1.0
clackmannanshire_2012_ward5,3-approval,4,0.9455330270022478,1.0,0.9855017169019459,1.0,1.0,1.0,1.0,1.0,0.6666666666666667,0.6666666666666667,0.0,0.7916666666666667,1.0,0.75
clackmannanshire_2012_ward5,2-approval,4,0.9005361983314496,1.0,0.9527204502814258,1.0,0.9005361983314496,1.0,0.9527204502814258,1.0,0.6666666666666667,0.75,0.0,0.875,1.0,0.625
clackmannanshire_2012_ward5,plurality,4,0.8148283316787365,1.0,0.8480113636363635,1.0,0.9005361983314496,1.0,0.9527204502814258,1.0,0.33333333333333337,0.6666666666666667,0.0,0.6666666666666667,1.0,0.875
clackmannanshire_2012_ward5,stv,4,0.8148283316787365,1.0,0.8480113636363635,1.0,0.9005361983314496,1.0,0.9527204502814258,1.0,0.33333333333333337,0.6666666666666667,0.0,0.6666666666666667,1.0,0.875
clackmannanshire_2012_ward5,ranked-pairs,4,1.0,1.0,1.0,1.0,1.0,1.0,1.0,1.0,1.0,1.0,1.0,1.0,1.0,1.0
dumgal_2012_ward1,borda,4,1.0,1.0,1.0,1.0,1.0,1.0,1.0,1.0,0.6666666666666667,0.9166666666666666,0.6666666666666667,0.9791666666666666,1.0,1.0
dumgal_2012_ward1,3-approval,4,1.0,1.0,1.0,1.0,1.0,1.0,1.0,1.0,1.0,1.0,1.0,1.0,1.0,1.0
dumgal_2012_ward1,2-approval,4,1.0,1.0,1.0,1.0,1.0,1.0,1.0,1.0,1.0,1.0,1.0,1.0,1.0,1.0
dumgal_2012_ward1,plurality,4,0.8053220820036326,1.0,0.8337950138504155,1.0,0.8053220820036326,1.0,0.8337950138504155,1.0,0.0,0.75,0.0,0.75,1.0,0.875
dumgal_2012_ward1,stv,4,0.909117625139922,1.0,0.960319810482677,1.0,1.0,1.0,1.0,1.0,0.6666666666666667,0.9166666666666666,0.0,0.9166666666666666,1.0,1.0
dumgal_2012_ward1,ranked-pairs,4,1.0,1.0,1.0,1.0,1.0,1.0,1.0,1.0,1.0,1.0,1.0,1.0,1.0,1.0
east_ayrshire_2012_ward2,borda,4,0.8830602845360783,1.0,0.9354270619313182,1.0,1.0,1.0,1.0,1.0,0.6666666666666667,0.9166666666666666,0.6666666666666667,0.9791666666666666,1.0,1.0
east_ayrshire_2012_ward2,3-approval,4,1.0,1.0,1.0,1.0,1.0,1.0,1.0,1.0,0.6666666666666667,0.8333333333333334,0.0,0.8958333333333334,1.0,1.0
east_ayrshire_2012_ward2,2-approval,4,1.0,1.0,1.0,1.0,1.0,1.0,1.0,1.0,0.6666666666666667,0.9166666666666666,0.0,0.9166666666666666,1.0,1.0
east_ayrshire_2012_ward2,plurality,4,0.586102602486461,1.0,0.46370699223085465,1.0,0.586102602486461,1.0,0.46370699223085465,1.0,0.33333333333333337,0.8333333333333334,0.0,0.8333333333333334,1.0,0.875
east_ayrshire_2012_ward2,stv,4,0.8830602845360783,1.0,0.9354270619313182,1.0,1.0,1.0,1.0,1.0,0.6666666666666667,0.9166666666666666,0.0,0.9166666666666666,1.0,1.0
east_ayrshire_2012_ward2,ranked-pairs,4,1.0,1.0,1.0,1.0,1.0,1.0,1.0,1.0,1.0,1.0,1.0,1.0,1.0,1.0
south_lanarkshire_2012_ward16,borda,4,0.9793688397643552,1.0,0.9979024646040902,1.0,1.0,1.0,1.0,1.0,0.6666666666666667,0.9166666666666666,0.0,0.9166666666666666,1.0,1.0
south_lanarkshire_2012_ward16,3-approval,4,0.9793688397643552,1.0,0.9979024646040902,1.0,1.0,1.0,1.0,1.0,0.6666666666666667,0.8333333333333334,0.0,0.8958333333333334,1.0,1.0
south_lanarkshire_2012_ward16,2-approval,4,0.9793688397643552,1.0,0.9979024646040902,1.0,1.0,1.0,1.0,1.0,1.0,1.0,0.0,0.9375,1.0,1.0
south_lanarkshire_2012_ward16,plurality,4,0.7880325996717433,1.0,0.8069717808868864,1.0,0.7880325996717433,1.0,0.8069717808868864,1.0,0.6666666666666667,0.8333333333333334,0.0,0.8958333333333334,1.0,0.875
south_lanarkshire_2012_ward16,stv,4,0.7880325996717433,1.0,0.8069717808868864,1.0,0.7880325996717433,1.0,0.8069717808868864,1.0,0.6666666666666667,0.8333333333333334,0.0,0.8958333333333334,1.0,0.875
south_lanarkshire_2012_ward16,ranked-pairs,4,1.0,1.0,1.0,1.0,1.0,1.0,1.0,1.0,1.0,1.0,1.0,1.0,1.0,1.0
shetland_2017_ward2,borda,4,1.0,1.0,1.0,1.0,1.0,1.0,1.0,1.0,1.0,1.0,1.0,1.0,1.0,1.0
shetland_2017_ward2,3-approval,4,1.0,1.0,1.0,1.0,1.0,1.0,1.0,1.0,1.0,1.0,1.0,1.0,1.0,1.0
shetland_2017_ward2,2-approval,4,1.0,1.0,1.0,1.0,1.0,1.0,1.0,1.0,1.0,1.0,1.0,1.0,1.0,1.0
shetland_2017_ward2,plurality,4,1.0,1.0,1.0,1.0,1.0,1.0,1.0,1.0,1.0,1.0,1.0,1.0,1.0,1.0
shetland_2017_ward2,stv,4,1.0,1.0,1.0,1.0,1.0,1.0,1.0,1.0,1.0,1.0,1.0,1.0,1.0,1.0
shetland_2017_ward2,ranked-pairs,4,1.0,1.0,1.0,1.0,1.0,1.0,1.0,1.0,1.0,1.0,1.0,1.0,1.0,1.0
east_dunbartonshire_2012_ward7,borda,4,1.0,1.0,1.0,1.0,1.0,1.0,1.0,1.0,1.0,1.0,1.0,1.0,1.0,1.0
east_dunbartonshire_2012_ward7,3-approval,4,1.0,1.0,1.0,1.0,1.0,1.0,1.0,1.0,1.0,1.0,1.0,1.0,1.0,1.0
east_dunbartonshire_2012_ward7,2-approval,4,1.0,1.0,1.0,1.0,1.0,1.0,1.0,1.0,1.0,1.0,1.0,1.0,1.0,1.0
east_dunbartonshire_2012_ward7,plurality,4,1.0,1.0,1.0,1.0,1.0,1.0,1.0,1.0,1.0,1.0,1.0,1.0,1.0,1.0
east_dunbartonshire_2012_ward7,stv,4,1.0,1.0,1.0,1.0,1.0,1.0,1.0,1.0,1.0,1.0,1.0,1.0,1.0,1.0
east_dunbartonshire_2012_ward7,ranked-pairs,4,1.0,1.0,1.0,1.0,1.0,1.0,1.0,1.0,1.0,1.0,1.0,1.0,1.0,1.0
stirling_2012_ward5,borda,4,1.0,1.0,1.0,1.0,1.0,1.0,1.0,1.0,1.0,1.0,1.0,1.0,1.0,1.0
stirling_2012_ward5,3-approval,4,0.8718756907230191,1.0,0.9231499051233398,1.0,0.8718756907230191,1.0,0.9231499051233398,1.0,0.6666666666666667,0.8333333333333334,0.0,0.8958333333333334,1.0,0.75
stirling_2012_ward5,2-approval,4,1.0,1.0,1.0,1.0,1.0,1.0,1.0,1.0,0.6666666666666667,0.8333333333333334,0.6666666666666667,0.9583333333333334,1.0,0.75
stirling_2012_ward5,plurality,4,1.0,1.0,1.0,1.0,1.0,1.0,1.0,1.0,1.0,1.0,1.0,1.0,1.0,1.0
stirling_2012_ward5,stv,4,1.0,1.0,1.0,1.0,1.0,1.0,1.0,1.0,1.0,1.0,1.0,1.0,1.0,1.0
stirling_2012_ward5,ranked-pairs,4,1.0,1.0,1.0,1.0,1.0,1.0,1.0,1.0,1.0,1.0,1.0,1.0,1.0,1.0
midlothian_2022_ward2,borda,4,1.0,1.0,1.0,1.0,1.0,1.0,1.0,1.0,1.0,1.0,1.0,1.0,1.0,1.0
midlothian_2022_ward2,3-approval,4,1.0,1.0,1.0,1.0,1.0,1.0,1.0,1.0,1.0,1.0,1.0,1.0,1.0,1.0
midlothian_2022_ward2,2-approval,4,1.0,1.0,1.0,1.0,1.0,1.0,1.0,1.0,1.0,1.0,1.0,1.0,1.0,1.0
midlothian_2022_ward2,plurality,4,0.7645584536713003,1.0,0.7688915024992647,1.0,0.7645584536713003,1.0,0.7688915024992647,1.0,0.6666666666666667,0.9166666666666666,0.0,0.9166666666666666,1.0,0.875
midlothian_2022_ward2,stv,4,0.7645584536713003,1.0,0.7688915024992647,1.0,0.7645584536713003,1.0,0.7688915024992647,1.0,0.6666666666666667,0.9166666666666666,0.0,0.9166666666666666,1.0,0.875
midlothian_2022_ward2,ranked-pairs,4,1.0,1.0,1.0,1.0,1.0,1.0,1.0,1.0,1.0,1.0,1.0,1.0,1.0,1.0
highland_2022_inverness_millburn,borda,4,1.0,1.0,1.0,1.0,1.0,1.0,1.0,1.0,1.0,1.0,1.0,1.0,1.0,1.0
highland_2022_inverness_millburn,3-approval,4,0.7903164606274303,1.0,0.8105806451612904,1.0,1.0,1.0,1.0,1.0,1.0,1.0,1.0,1.0,1.0,1.0
highland_2022_inverness_millburn,2-approval,4,1.0,1.0,1.0,1.0,1.0,1.0,1.0,1.0,0.6666666666666667,0.9166666666666666,0.0,0.9166666666666666,1.0,1.0
highland_2022_inverness_millburn,plurality,4,0.7579890474742182,1.0,0.7579553996492108,1.0,0.7579890474742182,1.0,0.7579553996492108,1.0,0.6666666666666667,0.9166666666666666,0.0,0.8541666666666667,1.0,0.875
highland_2022_inverness_millburn,stv,4,0.7579890474742182,1.0,0.7579553996492108,1.0,0.7579890474742182,1.0,0.7579553996492108,1.0,0.6666666666666667,0.9166666666666666,0.0,0.8541666666666667,1.0,0.875
highland_2022_inverness_millburn,ranked-pairs,4,1.0,1.0,1.0,1.0,1.0,1.0,1.0,1.0,1.0,1.0,1.0,1.0,1.0,1.0
dumgal_2012_ward2,borda,4,1.0,1.0,1.0,1.0,1.0,1.0,1.0,1.0,1.0,1.0,1.0,1.0,1.0,1.0
dumgal_2012_ward2,3-approval,4,1.0,1.0,1.0,1.0,1.0,1.0,1.0,1.0,1.0,1.0,1.0,1.0,1.0,1.0
dumgal_2012_ward2,2-approval,4,0.8546854568143276,1.0,0.9025806451612904,1.0,0.8546854568143276,1.0,0.9025806451612904,1.0,0.6666666666666667,0.8333333333333334,0.0,0.8958333333333334,1.0,0.75
dumgal_2012_ward2,plurality,4,0.8546854568143276,1.0,0.9025806451612904,1.0,0.8546854568143276,1.0,0.9025806451612904,1.0,0.6666666666666667,0.9166666666666666,0.0,0.9166666666666666,1.0,0.875
dumgal_2012_ward2,stv,4,0.8546854568143276,1.0,0.9025806451612904,1.0,0.8546854568143276,1.0,0.9025806451612904,1.0,0.6666666666666667,0.9166666666666666,0.0,0.9166666666666666,1.0,0.875
dumgal_2012_ward2,ranked-pairs,4,1.0,1.0,1.0,1.0,1.0,1.0,1.0,1.0,1.0,1.0,1.0,1.0,1.0,1.0
north_lanarkshire_2012_ward9,borda,4,1.0,1.0,1.0,1.0,1.0,1.0,1.0,1.0,1.0,1.0,1.0,1.0,1.0,1.0
north_lanarkshire_2012_ward9,3-approval,4,1.0,1.0,1.0,1.0,1.0,1.0,1.0,1.0,1.0,1.0,1.0,1.0,1.0,1.0
north_lanarkshire_2012_ward9,2-approval,4,0.8358644751733203,1.0,0.877911252758029,1.0,1.0,1.0,1.0,1.0,0.6666666666666667,0.9166666666666666,0.0,0.9166666666666666,1.0,1.0
north_lanarkshire_2012_ward9,plurality,4,1.0,1.0,1.0,1.0,1.0,1.0,1.0,1.0,1.0,1.0,1.0,1.0,1.0,1.0
north_lanarkshire_2012_ward9,stv,4,1.0,1.0,1.0,1.0,1.0,1.0,1.0,1.0,1.0,1.0,1.0,1.0,1.0,1.0
north_lanarkshire_2012_ward9,ranked-pairs,4,1.0,1.0,1.0,1.0,1.0,1.0,1.0,1.0,1.0,1.0,1.0,1.0,1.0,1.0
eilean_siar_2017_ward4,borda,4,1.0,1.0,1.0,1.0,1.0,1.0,1.0,1.0,0.6666666666666667,0.9166666666666666,0.0,0.9166666666666666,1.0,1.0
eilean_siar_2017_ward4,3-approval,4,0.8961937148813404,1.0,0.948646773074254,1.0,1.0,1.0,1.0,1.0,1.0,1.0,1.0,1.0,1.0,1.0
eilean_siar_2017_ward4,2-approval,4,1.0,1.0,1.0,1.0,1.0,1.0,1.0,1.0,0.6666666666666667,0.8333333333333334,0.0,0.8958333333333334,1.0,1.0
eilean_siar_2017_ward4,plurality,4,0.8039449311860344,1.0,0.831702544031311,1.0,0.8039449311860344,1.0,0.831702544031311,1.0,1.0,1.0,0.0,0.9375,1.0,1.0
eilean_siar_2017_ward4,stv,4,0.8039449311860344,1.0,0.831702544031311,1.0,0.8039449311860344,1.0,0.831702544031311,1.0,0.6666666666666667,0.9166666666666666,0.0,0.9166666666666666,1.0,0.875
eilean_siar_2017_ward4,ranked-pairs,4,1.0,1.0,1.0,1.0,1.0,1.0,1.0,1.0,1.0,1.0,1.0,1.0,1.0,1.0
east_dunbartonshire_2012_ward1,borda,4,1.0,1.0,1.0,1.0,1.0,1.0,1.0,1.0,1.0,1.0,1.0,1.0,1.0,1.0
east_dunbartonshire_2012_ward1,3-approval,4,1.0,1.0,1.0,1.0,1.0,1.0,1.0,1.0,1.0,1.0,1.0,1.0,1.0,1.0
east_dunbartonshire_2012_ward1,2-approval,4,1.0,1.0,1.0,1.0,1.0,1.0,1.0,1.0,1.0,1.0,1.0,1.0,1.0,1.0
east_dunbartonshire_2012_ward1,plurality,4,1.0,1.0,1.0,1.0,1.0,1.0,1.0,1.0,1.0,1.0,1.0,1.0,1.0,1.0
east_dunbartonshire_2012_ward1,stv,4,1.0,1.0,1.0,1.0,1.0,1.0,1.0,1.0,1.0,1.0,1.0,1.0,1.0,1.0
east_dunbartonshire_2012_ward1,ranked-pairs,4,1.0,1.0,1.0,1.0,1.0,1.0,1.0,1.0,1.0,1.0,1.0,1.0,1.0,1.0
south_ayrshire_2012_ward8,borda,4,1.0,1.0,1.0,1.0,1.0,1.0,1.0,1.0,1.0,1.0,1.0,1.0,1.0,1.0
south_ayrshire_2012_ward8,3-approval,4,1.0,1.0,1.0,1.0,1.0,1.0,1.0,1.0,1.0,1.0,1.0,1.0,1.0,1.0
south_ayrshire_2012_ward8,2-approval,4,1.0,1.0,1.0,1.0,1.0,1.0,1.0,1.0,1.0,1.0,1.0,1.0,1.0,1.0
south_ayrshire_2012_ward8,plurality,4,0.9523372734706276,1.0,0.9888726207906295,1.0,1.0,1.0,1.0,1.0,1.0,1.0,0.0,0.9375,1.0,1.0
south_ayrshire_2012_ward8,stv,4,0.9523372734706276,1.0,0.9888726207906295,1.0,1.0,1.0,1.0,1.0,1.0,1.0,0.0,0.9375,1.0,1.0
south_ayrshire_2012_ward8,ranked-pairs,4,1.0,1.0,1.0,1.0,1.0,1.0,1.0,1.0,1.0,1.0,1.0,1.0,1.0,1.0
aberdeenshire_2017_ward1,borda,4,1.0,1.0,1.0,1.0,1.0,1.0,1.0,1.0,1.0,1.0,1.0,1.0,1.0,1.0
aberdeenshire_2017_ward1,3-approval,4,0.9399510971447045,1.0,0.9824144486692015,1.0,1.0,1.0,1.0,1.0,0.6666666666666667,0.8333333333333334,0.0,0.8958333333333334,1.0,1.0
aberdeenshire_2017_ward1,2-approval,4,0.9399510971447045,1.0,0.9824144486692015,1.0,1.0,1.0,1.0,1.0,1.0,1.0,0.0,0.9375,1.0,1.0
aberdeenshire_2017_ward1,plurality,4,0.8387254449092181,1.0,0.8817956237311076,1.0,0.8387254449092181,1.0,0.8817956237311076,1.0,1.0,1.0,0.0,0.9375,1.0,1.0
aberdeenshire_2017_ward1,stv,4,0.8387254449092181,1.0,0.8817956237311076,1.0,0.8387254449092181,1.0,0.8817956237311076,1.0,1.0,1.0,0.0,0.9375,1.0,1.0
aberdeenshire_2017_ward1,ranked-pairs,4,1.0,1.0,1.0,1.0,1.0,1.0,1.0,1.0,1.0,1.0,1.0,1.0,1.0,1.0
north_lanarkshire_2012_ward13,borda,4,1.0,1.0,1.0,1.0,1.0,1.0,1.0,1.0,1.0,1.0,1.0,1.0,1.0,1.0
north_lanarkshire_2012_ward13,3-approval,4,1.0,1.0,1.0,1.0,1.0,1.0,1.0,1.0,1.0,1.0,1.0,1.0,1.0,1.0
north_lanarkshire_2012_ward13,2-approval,4,1.0,1.0,1.0,1.0,1.0,1.0,1.0,1.0,1.0,1.0,1.0,1.0,1.0,1.0
north_lanarkshire_2012_ward13,plurality,4,1.0,1.0,1.0,1.0,1.0,1.0,1.0,1.0,1.0,1.0,1.0,1.0,1.0,1.0
north_lanarkshire_2012_ward13,stv,4,1.0,1.0,1.0,1.0,1.0,1.0,1.0,1.0,1.0,1.0,1.0,1.0,1.0,1.0
north_lanarkshire_2012_ward13,ranked-pairs,4,1.0,1.0,1.0,1.0,1.0,1.0,1.0,1.0,1.0,1.0,1.0,1.0,1.0,1.0
aberdeen_2017_ward11,borda,4,1.0,1.0,1.0,1.0,1.0,1.0,1.0,1.0,1.0,1.0,1.0,1.0,1.0,1.0
aberdeen_2017_ward11,3-approval,4,1.0,1.0,1.0,1.0,1.0,1.0,1.0,1.0,1.0,1.0,1.0,1.0,1.0,1.0
aberdeen_2017_ward11,2-approval,4,0.8496111600845342,1.0,0.8961401333126648,1.0,0.8496111600845342,1.0,0.8961401333126648,1.0,0.6666666666666667,0.8333333333333334,0.0,0.8958333333333334,1.0,0.75
aberdeen_2017_ward11,plurality,4,0.8496111600845342,1.0,0.8961401333126648,1.0,0.8496111600845342,1.0,0.8961401333126648,1.0,1.0,1.0,0.0,0.9375,1.0,1.0
aberdeen_2017_ward11,stv,4,0.8496111600845342,1.0,0.8961401333126648,1.0,0.8496111600845342,1.0,0.8961401333126648,1.0,1.0,1.0,0.0,0.9375,1.0,1.0
aberdeen_2017_ward11,ranked-pairs,4,1.0,1.0,1.0,1.0,1.0,1.0,1.0,1.0,1.0,1.0,1.0,1.0,1.0,1.0
eilean_siar_2012_ward3,borda,4,1.0,1.0,1.0,1.0,1.0,1.0,1.0,1.0,1.0,1.0,1.0,1.0,1.0,1.0
eilean_siar_2012_ward3,3-approval,4,1.0,1.0,1.0,1.0,1.0,1.0,1.0,1.0,1.0,1.0,1.0,1.0,1.0,1.0
eilean_siar_2012_ward3,2-approval,4,0.8719736949873724,1.0,0.92326139088729,1.0,0.8719736949873724,1.0,0.92326139088729,1.0,0.6666666666666667,0.8333333333333334,0.0,0.8958333333333334,1.0,0.75
eilean_siar_2012_ward3,plurality,4,0.8719736949873724,1.0,0.92326139088729,1.0,0.8719736949873724,1.0,0.92326139088729,1.0,0.6666666666666667,0.9166666666666666,0.0,0.9166666666666666,1.0,0.875
eilean_siar_2012_ward3,stv,4,0.8719736949873724,1.0,0.92326139088729,1.0,0.8719736949873724,1.0,0.92326139088729,1.0,0.6666666666666667,0.9166666666666666,0.0,0.9166666666666666,1.0,0.875
eilean_siar_2012_ward3,ranked-pairs,4,1.0,1.0,1.0,1.0,1.0,1.0,1.0,1.0,1.0,1.0,1.0,1.0,1.0,1.0
aberdeenshire_2022_ward6,borda,4,0.8638168934448242,1.0,0.9137542277339344,1.0,0.8638168934448242,1.0,0.9137542277339344,1.0,0.6666666666666667,0.9166666666666666,0.6666666666666667,0.9791666666666666,1.0,0.875
aberdeenshire_2022_ward6,3-approval,4,0.7186572000274853,1.0,0.6907370517928286,1.0,0.8638168934448242,1.0,0.9137542277339344,1.0,0.6666666666666667,0.8333333333333334,0.0,0.8958333333333334,1.0,1.0
aberdeenshire_2022_ward6,2-approval,4,1.0,1.0,1.0,1.0,1.0,1.0,1.0,1.0,0.33333333333333337,0.6666666666666667,0.0,0.7916666666666667,1.0,0.75
aberdeenshire_2022_ward6,plurality,4,0.8638168934448242,1.0,0.9137542277339344,1.0,0.8638168934448242,1.0,0.9137542277339344,1.0,0.6666666666666667,0.9166666666666666,0.0,0.9166666666666666,1.0,0.875
aberdeenshire_2022_ward6,stv,4,0.8638168934448242,1.0,0.9137542277339344,1.0,0.8638168934448242,1.0,0.9137542277339344,1.0,0.6666666666666667,0.9166666666666666,0.0,0.9166666666666666,1.0,0.875
aberdeenshire_2022_ward6,ranked-pairs,4,1.0,1.0,1.0,1.0,1.0,1.0,1.0,1.0,1.0,1.0,1.0,1.0,1.0,1.0
aberdeenshire_2017_ward16,borda,4,0.864917872594473,1.0,0.9150641025641024,1.0,0.864917872594473,1.0,0.9150641025641024,1.0,0.6666666666666667,0.8333333333333334,0.0,0.8958333333333334,1.0,0.75
aberdeenshire_2017_ward16,3-approval,4,0.6997026649694715,1.0,0.6577076469568232,1.0,1.0,1.0,1.0,1.0,0.6666666666666667,0.8333333333333334,0.0,0.8958333333333334,1.0,1.0
aberdeenshire_2017_ward16,2-approval,4,0.864917872594473,1.0,0.9150641025641024,1.0,0.864917872594473,1.0,0.9150641025641024,1.0,0.6666666666666667,0.75,0.0,0.875,1.0,0.75
aberdeenshire_2017_ward16,plurality,4,0.6301185055907517,1.0,0.5369774919614149,1.0,0.864917872594473,1.0,0.9150641025641024,1.0,0.6666666666666667,0.9166666666666666,0.0,0.8541666666666667,1.0,1.0
aberdeenshire_2017_ward16,stv,4,0.864917872594473,1.0,0.9150641025641024,1.0,0.864917872594473,1.0,0.9150641025641024,1.0,1.0,1.0,0.0,0.9375,1.0,1.0
aberdeenshire_2017_ward16,ranked-pairs,4,1.0,1.0,1.0,1.0,1.0,1.0,1.0,1.0,1.0,1.0,1.0,1.0,1.0,1.0
sc_borders_2017_ward11,borda,4,1.0,1.0,1.0,1.0,1.0,1.0,1.0,1.0,1.0,1.0,1.0,1.0,1.0,1.0
sc_borders_2017_ward11,3-approval,4,1.0,1.0,1.0,1.0,1.0,1.0,1.0,1.0,1.0,1.0,1.0,1.0,1.0,1.0
sc_borders_2017_ward11,2-approval,4,1.0,1.0,1.0,1.0,1.0,1.0,1.0,1.0,1.0,1.0,1.0,1.0,1.0,1.0
sc_borders_2017_ward11,plurality,4,1.0,1.0,1.0,1.0,1.0,1.0,1.0,1.0,1.0,1.0,1.0,1.0,1.0,1.0
sc_borders_2017_ward11,stv,4,1.0,1.0,1.0,1.0,1.0,1.0,1.0,1.0,1.0,1.0,1.0,1.0,1.0,1.0
sc_borders_2017_ward11,ranked-pairs,4,1.0,1.0,1.0,1.0,1.0,1.0,1.0,1.0,1.0,1.0,1.0,1.0,1.0,1.0
argyll_bute_2012_ward11,borda,4,1.0,1.0,1.0,1.0,1.0,1.0,1.0,1.0,1.0,1.0,1.0,1.0,1.0,1.0
argyll_bute_2012_ward11,3-approval,4,1.0,1.0,1.0,1.0,1.0,1.0,1.0,1.0,1.0,1.0,1.0,1.0,1.0,1.0
argyll_bute_2012_ward11,2-approval,4,1.0,1.0,1.0,1.0,1.0,1.0,1.0,1.0,1.0,1.0,1.0,1.0,1.0,1.0
argyll_bute_2012_ward11,plurality,4,0.6354919863510696,1.0,0.546146212371816,1.0,0.6354919863510696,0.8376794671886333,0.546146212371816,0.8803808502078587,0.33333333333333337,0.8333333333333334,0.0,0.7708333333333334,1.0,0.875
argyll_bute_2012_ward11,stv,4,0.6354919863510696,1.0,0.546146212371816,1.0,0.6354919863510696,0.8376794671886333,0.546146212371816,0.8803808502078587,0.33333333333333337,0.8333333333333334,0.0,0.7708333333333334,1.0,0.625
argyll_bute_2012_ward11,ranked-pairs,4,1.0,1.0,1.0,1.0,1.0,1.0,1.0,1.0,1.0,1.0,1.0,1.0,1.0,1.0
south_ayrshire_2012_ward6,borda,4,1.0,1.0,1.0,1.0,1.0,1.0,1.0,1.0,1.0,1.0,1.0,1.0,1.0,1.0
south_ayrshire_2012_ward6,3-approval,4,1.0,1.0,1.0,1.0,1.0,1.0,1.0,1.0,1.0,1.0,1.0,1.0,1.0,1.0
south_ayrshire_2012_ward6,2-approval,4,1.0,1.0,1.0,1.0,1.0,1.0,1.0,1.0,1.0,1.0,1.0,1.0,1.0,1.0
south_ayrshire_2012_ward6,plurality,4,0.9415273163446883,1.0,0.9833153928955869,1.0,0.9415273163446883,1.0,0.9833153928955869,1.0,1.0,1.0,0.0,0.9375,1.0,1.0
south_ayrshire_2012_ward6,stv,4,0.9415273163446883,1.0,0.9833153928955869,1.0,0.9415273163446883,1.0,0.9833153928955869,1.0,1.0,1.0,0.0,0.9375,1.0,1.0
south_ayrshire_2012_ward6,ranked-pairs,4,1.0,1.0,1.0,1.0,1.0,1.0,1.0,1.0,1.0,1.0,1.0,1.0,1.0,1.0
moray_2012_ward7,borda,4,1.0,1.0,1.0,1.0,1.0,1.0,1.0,1.0,1.0,1.0,1.0,1.0,1.0,1.0
moray_2012_ward7,3-approval,4,1.0,1.0,1.0,1.0,1.0,1.0,1.0,1.0,1.0,1.0,1.0,1.0,1.0,1.0
moray_2012_ward7,2-approval,4,1.0,1.0,1.0,1.0,1.0,1.0,1.0,1.0,0.6666666666666667,0.9166666666666666,0.6666666666666667,0.9791666666666666,1.0,1.0
moray_2012_ward7,plurality,4,0.7696097434940229,1.0,0.777224642190417,1.0,0.7946476862196241,1.0,0.8173719376391981,1.0,0.6666666666666667,0.8333333333333334,0.0,0.8333333333333334,1.0,0.875
moray_2012_ward7,stv,4,0.7696097434940229,1.0,0.777224642190417,1.0,0.7946476862196241,1.0,0.8173719376391981,1.0,0.6666666666666667,0.8333333333333334,0.0,0.8333333333333334,1.0,0.875
moray_2012_ward7,ranked-pairs,4,1.0,1.0,1.0,1.0,1.0,1.0,1.0,1.0,1.0,1.0,1.0,1.0,1.0,1.0
moray_2017_ward1,borda,4,1.0,1.0,1.0,1.0,1.0,1.0,1.0,1.0,1.0,1.0,1.0,1.0,1.0,1.0
moray_2017_ward1,3-approval,4,1.0,1.0,1.0,1.0,1.0,1.0,1.0,1.0,1.0,1.0,1.0,1.0,1.0,1.0
moray_2017_ward1,2-approval,4,1.0,1.0,1.0,1.0,1.0,1.0,1.0,1.0,1.0,1.0,1.0,1.0,1.0,1.0
moray_2017_ward1,plurality,4,0.8887504962237213,1.0,0.941317684715924,1.0,1.0,1.0,1.0,1.0,0.33333333333333337,0.75,0.0,0.875,1.0,0.875
moray_2017_ward1,stv,4,0.8887504962237213,1.0,0.941317684715924,1.0,1.0,1.0,1.0,1.0,0.33333333333333337,0.75,0.0,0.875,1.0,0.875
moray_2017_ward1,ranked-pairs,4,1.0,1.0,1.0,1.0,1.0,1.0,1.0,1.0,1.0,1.0,1.0,1.0,1.0,1.0
shetland_2017_ward6,borda,4,1.0,1.0,1.0,1.0,1.0,1.0,1.0,1.0,1.0,1.0,1.0,1.0,1.0,1.0
shetland_2017_ward6,3-approval,4,1.0,1.0,1.0,1.0,1.0,1.0,1.0,1.0,1.0,1.0,1.0,1.0,1.0,1.0
shetland_2017_ward6,2-approval,4,1.0,1.0,1.0,1.0,1.0,1.0,1.0,1.0,1.0,1.0,1.0,1.0,1.0,1.0
shetland_2017_ward6,plurality,4,1.0,1.0,1.0,1.0,1.0,1.0,1.0,1.0,1.0,1.0,1.0,1.0,1.0,1.0
shetland_2017_ward6,stv,4,1.0,1.0,1.0,1.0,1.0,1.0,1.0,1.0,1.0,1.0,1.0,1.0,1.0,1.0
shetland_2017_ward6,ranked-pairs,4,1.0,1.0,1.0,1.0,1.0,1.0,1.0,1.0,1.0,1.0,1.0,1.0,1.0,1.0
falkirk_2017_ward7,borda,4,0.9037055624586254,1.0,0.9555975436939065,1.0,1.0,1.0,1.0,1.0,1.0,1.0,1.0,1.0,1.0,1.0
falkirk_2017_ward7,3-approval,4,1.0,1.0,1.0,1.0,1.0,1.0,1.0,1.0,0.6666666666666667,0.8333333333333334,0.0,0.8958333333333334,1.0,1.0
falkirk_2017_ward7,2-approval,4,1.0,1.0,1.0,1.0,1.0,1.0,1.0,1.0,1.0,1.0,0.0,0.9375,1.0,1.0
falkirk_2017_ward7,plurality,4,0.782676352269344,1.0,0.798436142484796,1.0,1.0,1.0,1.0,1.0,0.6666666666666667,0.75,0.0,0.8125,1.0,1.0
falkirk_2017_ward7,stv,4,0.782676352269344,1.0,0.798436142484796,1.0,1.0,1.0,1.0,1.0,0.6666666666666667,0.75,0.0,0.8125,1.0,1.0
falkirk_2017_ward7,ranked-pairs,4,1.0,1.0,1.0,1.0,1.0,1.0,1.0,1.0,1.0,1.0,1.0,1.0,1.0,1.0
argyll_bute_2022_ward1,borda,4,0.8946383322072923,1.0,0.9471511147811725,1.0,0.8946383322072923,1.0,0.9471511147811725,1.0,0.6666666666666667,0.8333333333333334,0.0,0.8958333333333334,1.0,0.75
argyll_bute_2022_ward1,3-approval,4,1.0,1.0,1.0,1.0,1.0,1.0,1.0,1.0,1.0,1.0,1.0,1.0,1.0,1.0
argyll_bute_2022_ward1,2-approval,4,0.8946383322072923,1.0,0.9471511147811725,1.0,0.8946383322072923,1.0,0.9471511147811725,1.0,0.6666666666666667,0.8333333333333334,0.0,0.8958333333333334,1.0,0.75
argyll_bute_2022_ward1,plurality,4,0.8946383322072923,1.0,0.9471511147811725,1.0,0.8946383322072923,1.0,0.9471511147811725,1.0,1.0,1.0,0.0,0.9375,1.0,1.0
argyll_bute_2022_ward1,stv,4,0.8946383322072923,1.0,0.9471511147811725,1.0,0.8946383322072923,1.0,0.9471511147811725,1.0,1.0,1.0,0.0,0.9375,1.0,1.0
argyll_bute_2022_ward1,ranked-pairs,4,1.0,1.0,1.0,1.0,1.0,1.0,1.0,1.0,1.0,1.0,1.0,1.0,1.0,1.0
south_ayrshire_2017_ward6,borda,4,1.0,1.0,1.0,1.0,1.0,1.0,1.0,1.0,1.0,1.0,1.0,1.0,1.0,1.0
south_ayrshire_2017_ward6,3-approval,4,0.8293975842216024,1.0,0.8689642113236128,1.0,1.0,1.0,1.0,1.0,0.6666666666666667,0.6666666666666667,0.0,0.7916666666666667,1.0,0.75
south_ayrshire_2017_ward6,2-approval,4,0.9152225122457475,1.0,0.9653524492234169,1.0,0.9152225122457475,1.0,0.9653524492234169,1.0,0.6666666666666667,0.75,0.6666666666666667,0.9375,1.0,0.875
south_ayrshire_2017_ward6,plurality,4,1.0,1.0,1.0,1.0,1.0,1.0,1.0,1.0,0.6666666666666667,0.8333333333333334,0.6666666666666667,0.9583333333333334,1.0,0.875
south_ayrshire_2017_ward6,stv,4,1.0,1.0,1.0,1.0,1.0,1.0,1.0,1.0,0.6666666666666667,0.8333333333333334,0.6666666666666667,0.9583333333333334,1.0,1.0
south_ayrshire_2017_ward6,ranked-pairs,4,1.0,1.0,1.0,1.0,1.0,1.0,1.0,1.0,1.0,1.0,1.0,1.0,1.0,1.0
eilean_siar_2022_ward5,borda,4,1.0,1.0,1.0,1.0,1.0,1.0,1.0,1.0,1.0,1.0,1.0,1.0,1.0,1.0
eilean_siar_2022_ward5,3-approval,4,1.0,1.0,1.0,1.0,1.0,1.0,1.0,1.0,1.0,1.0,1.0,1.0,1.0,1.0
eilean_siar_2022_ward5,2-approval,4,1.0,1.0,1.0,1.0,1.0,1.0,1.0,1.0,1.0,1.0,1.0,1.0,1.0,1.0
eilean_siar_2022_ward5,plurality,4,1.0,1.0,1.0,1.0,1.0,1.0,1.0,1.0,1.0,1.0,1.0,1.0,1.0,1.0
eilean_siar_2022_ward5,stv,4,1.0,1.0,1.0,1.0,1.0,1.0,1.0,1.0,1.0,1.0,1.0,1.0,1.0,1.0
eilean_siar_2022_ward5,ranked-pairs,4,1.0,1.0,1.0,1.0,1.0,1.0,1.0,1.0,1.0,1.0,1.0,1.0,1.0,1.0
angus_2012_ward1,borda,4,1.0,1.0,1.0,1.0,1.0,1.0,1.0,1.0,1.0,1.0,1.0,1.0,1.0,1.0
angus_2012_ward1,3-approval,4,1.0,1.0,1.0,1.0,1.0,1.0,1.0,1.0,0.6666666666666667,0.8333333333333334,0.0,0.8958333333333334,1.0,1.0
angus_2012_ward1,2-approval,4,1.0,1.0,1.0,1.0,1.0,1.0,1.0,1.0,0.6666666666666667,0.9166666666666666,0.0,0.9166666666666666,1.0,1.0
angus_2012_ward1,plurality,4,0.7673687850031392,1.0,0.7735362393603301,1.0,0.7673687850031392,1.0,0.7735362393603301,1.0,0.33333333333333337,0.75,0.0,0.8125,1.0,0.875
angus_2012_ward1,stv,4,0.8788554177119294,1.0,0.9309182813816343,1.0,1.0,1.0,1.0,1.0,0.6666666666666667,0.75,0.0,0.875,1.0,0.875
angus_2012_ward1,ranked-pairs,4,1.0,1.0,1.0,1.0,1.0,1.0,1.0,1.0,1.0,1.0,1.0,1.0,1.0,1.0
shetland_2012_ward5,borda,4,1.0,1.0,1.0,1.0,1.0,1.0,1.0,1.0,1.0,1.0,1.0,1.0,1.0,1.0
shetland_2012_ward5,3-approval,4,1.0,1.0,1.0,1.0,1.0,1.0,1.0,1.0,1.0,1.0,1.0,1.0,1.0,1.0
shetland_2012_ward5,2-approval,4,1.0,1.0,1.0,1.0,1.0,1.0,1.0,1.0,1.0,1.0,1.0,1.0,1.0,1.0
shetland_2012_ward5,plurality,4,1.0,1.0,1.0,1.0,1.0,1.0,1.0,1.0,1.0,1.0,1.0,1.0,1.0,1.0
shetland_2012_ward5,stv,4,1.0,1.0,1.0,1.0,1.0,1.0,1.0,1.0,1.0,1.0,1.0,1.0,1.0,1.0
shetland_2012_ward5,ranked-pairs,4,1.0,1.0,1.0,1.0,1.0,1.0,1.0,1.0,1.0,1.0,1.0,1.0,1.0,1.0
east_lothian_2012_ward7,borda,6,1.0,1.0,1.0,1.0,1.0,1.0,1.0,1.0,1.0,1.0,1.0,1.0,1.0,1.0
east_lothian_2012_ward7,3-approval,6,1.0,1.0,1.0,1.0,1.0,1.0,1.0,1.0,1.0,1.0,1.0,1.0,1.0,1.0
east_lothian_2012_ward7,2-approval,6,1.0,1.0,1.0,1.0,1.0,1.0,1.0,1.0,1.0,1.0,0.6666666666666667,0.9895833333333334,1.0,1.0
east_lothian_2012_ward7,plurality,6,0.77580070387952,1.0,0.7873398355326067,1.0,0.77580070387952,1.0,0.7873398355326067,1.0,0.7,0.8833333333333333,0.0,0.8302083333333333,1.0,0.8333333333333334
east_lothian_2012_ward7,stv,6,0.77580070387952,1.0,0.7873398355326067,1.0,0.77580070387952,1.0,0.7873398355326067,1.0,0.7,0.9,0.0,0.8369791666666667,1.0,0.8333333333333334
east_lothian_2012_ward7,ranked-pairs,6,1.0,1.0,1.0,1.0,1.0,1.0,1.0,1.0,1.0,1.0,1.0,1.0,1.0,1.0
east_dunbartonshire_2017_ward1,borda,6,1.0,1.0,1.0,1.0,1.0,1.0,1.0,1.0,0.8,0.9333333333333333,0.0,0.9078125,1.0,0.9166666666666666
east_dunbartonshire_2017_ward1,3-approval,6,0.8588777724705314,1.0,0.9077782952957615,1.0,1.0,1.0,1.0,1.0,0.9,0.95,0.0,0.9354166666666667,1.0,0.8888888888888888
east_dunbartonshire_2017_ward1,2-approval,6,0.8675837715326615,1.0,0.9182016859194504,1.0,1.0,1.0,1.0,1.0,0.9,0.9333333333333333,0.0,0.8609375,1.0,1.0
east_dunbartonshire_2017_ward1,plurality,6,0.7336724186915591,1.0,0.7166806370494552,1.0,1.0,1.0,1.0,1.0,0.7,0.8666666666666667,0.0,0.8729166666666667,1.0,1.0
east_dunbartonshire_2017_ward1,stv,6,0.7336724186915591,1.0,0.7166806370494552,1.0,1.0,1.0,1.0,1.0,0.7,0.8333333333333334,0.0,0.8671875,1.0,1.0
east_dunbartonshire_2017_ward1,ranked-pairs,6,1.0,1.0,1.0,1.0,1.0,1.0,1.0,1.0,1.0,1.0,1.0,1.0,1.0,1.0
renfrewshire_2022_ward12,borda,6,0.9317834003615619,1.0,0.9773823382670879,1.0,0.9317834003615619,1.0,0.9773823382670879,1.0,0.9,0.95,0.0,0.9484375,1.0,0.8333333333333334
renfrewshire_2022_ward12,3-approval,6,1.0,1.0,1.0,1.0,1.0,1.0,1.0,1.0,1.0,1.0,1.0,1.0,1.0,1.0
renfrewshire_2022_ward12,2-approval,6,0.9317834003615619,1.0,0.9773823382670879,1.0,0.9317834003615619,1.0,0.9773823382670879,1.0,1.0,1.0,0.0,0.9557291666666666,1.0,1.0
renfrewshire_2022_ward12,plurality,6,0.9317834003615619,1.0,0.9773823382670879,1.0,0.9317834003615619,1.0,0.9773823382670879,1.0,0.9,0.95,0.0,0.940625,1.0,1.0
renfrewshire_2022_ward12,stv,6,0.9317834003615619,1.0,0.9773823382670879,1.0,0.9317834003615619,1.0,0.9773823382670879,1.0,0.9,0.95,0.0,0.940625,1.0,1.0
renfrewshire_2022_ward12,ranked-pairs,6,1.0,1.0,1.0,1.0,1.0,1.0,1.0,1.0,1.0,1.0,1.0,1.0,1.0,1.0
north_lanarkshire_2012_ward4,borda,6,1.0,1.0,1.0,1.0,1.0,1.0,1.0,1.0,1.0,1.0,1.0,1.0,1.0,1.0
north_lanarkshire_2012_ward4,3-approval,6,1.0,1.0,1.0,1.0,1.0,1.0,1.0,1.0,1.0,1.0,1.0,1.0,1.0,1.0
north_lanarkshire_2012_ward4,2-approval,6,0.8544655800261333,1.0,0.9023049270458873,1.0,1.0,1.0,1.0,1.0,0.9,0.9333333333333333,0.0,0.9416666666666667,1.0,1.0
north_lanarkshire_2012_ward4,plurality,6,0.7176985390776058,1.0,0.6890724746526473,1.0,1.0,1.0,1.0,1.0,0.9,0.9666666666666667,0.0,0.8822916666666667,1.0,1.0
north_lanarkshire_2012_ward4,stv,6,0.7176985390776058,1.0,0.6890724746526473,1.0,1.0,1.0,1.0,1.0,0.8,0.9166666666666666,0.0,0.8619791666666667,1.0,1.0
north_lanarkshire_2012_ward4,ranked-pairs,6,1.0,1.0,1.0,1.0,1.0,1.0,1.0,1.0,1.0,1.0,1.0,1.0,1.0,1.0
west_lothian_2017_ward9,borda,6,0.928702153689123,1.0,0.9753273866008731,1.0,1.0,1.0,1.0,1.0,1.0,1.0,0.0,0.9713541666666666,1.0,1.0
west_lothian_2017_ward9,3-approval,6,0.928702153689123,1.0,0.9753273866008731,1.0,1.0,1.0,1.0,1.0,0.9,0.95,0.0,0.9458333333333333,1.0,1.0
west_lothian_2017_ward9,2-approval,6,0.928702153689123,1.0,0.9753273866008731,1.0,1.0,1.0,1.0,1.0,0.9,0.9833333333333333,0.0,0.9177083333333333,1.0,1.0
west_lothian_2017_ward9,plurality,6,0.787422028571959,1.0,0.8060038174561859,1.0,0.787422028571959,1.0,0.8060038174561859,1.0,0.9,0.9333333333333333,0.0,0.9234375,1.0,0.9166666666666666
west_lothian_2017_ward9,stv,6,0.928702153689123,1.0,0.9753273866008731,1.0,1.0,1.0,1.0,1.0,0.9,0.9666666666666667,0.0,0.9578125,1.0,1.0
west_lothian_2017_ward9,ranked-pairs,6,1.0,1.0,1.0,1.0,1.0,1.0,1.0,1.0,1.0,1.0,1.0,1.0,1.0,1.0
argyll_bute_2012_ward7,borda,6,1.0,1.0,1.0,1.0,1.0,1.0,1.0,1.0,1.0,1.0,1.0,1.0,1.0,1.0
argyll_bute_2012_ward7,3-approval,6,1.0,1.0,1.0,1.0,1.0,1.0,1.0,1.0,1.0,1.0,1.0,1.0,1.0,1.0
argyll_bute_2012_ward7,2-approval,6,1.0,1.0,1.0,1.0,1.0,1.0,1.0,1.0,1.0,1.0,1.0,1.0,1.0,1.0
argyll_bute_2012_ward7,plurality,6,0.9052921925803475,1.0,0.9570070276973955,1.0,1.0,1.0,1.0,1.0,0.9,0.9833333333333333,0.0,0.9645833333333333,1.0,1.0
argyll_bute_2012_ward7,stv,6,0.9052921925803475,1.0,0.9570070276973955,1.0,1.0,1.0,1.0,1.0,1.0,1.0,0.0,0.9661458333333334,1.0,1.0
argyll_bute_2012_ward7,ranked-pairs,6,1.0,1.0,1.0,1.0,1.0,1.0,1.0,1.0,1.0,1.0,1.0,1.0,1.0,1.0
east_dunbartonshire_2022_ward6,borda,6,1.0,1.0,1.0,1.0,1.0,1.0,1.0,1.0,1.0,1.0,1.0,1.0,1.0,1.0
east_dunbartonshire_2022_ward6,3-approval,6,1.0,1.0,1.0,1.0,1.0,1.0,1.0,1.0,1.0,1.0,1.0,1.0,1.0,1.0
east_dunbartonshire_2022_ward6,2-approval,6,0.8644321389216357,1.0,0.9144872171613283,1.0,1.0,1.0,1.0,1.0,0.7,0.85,0.0,0.8401041666666667,1.0,1.0
east_dunbartonshire_2022_ward6,plurality,6,0.6809318424025305,1.0,0.6248908841501434,1.0,0.6809318424025305,1.0,0.6248908841501434,1.0,0.7,0.9166666666666666,0.0,0.8333333333333334,1.0,0.75
east_dunbartonshire_2022_ward6,stv,6,0.8278304373417756,1.0,0.8667621776504296,1.0,1.0,1.0,1.0,1.0,0.8,0.95,0.0,0.8859375,1.0,1.0
east_dunbartonshire_2022_ward6,ranked-pairs,6,1.0,1.0,1.0,1.0,1.0,1.0,1.0,1.0,1.0,1.0,1.0,1.0,1.0,1.0
north_lanarkshire_2012_ward6,borda,6,1.0,1.0,1.0,1.0,1.0,1.0,1.0,1.0,1.0,1.0,1.0,1.0,1.0,1.0
north_lanarkshire_2012_ward6,3-approval,6,1.0,1.0,1.0,1.0,1.0,1.0,1.0,1.0,1.0,1.0,1.0,1.0,1.0,1.0
north_lanarkshire_2012_ward6,2-approval,6,1.0,1.0,1.0,1.0,1.0,1.0,1.0,1.0,1.0,1.0,1.0,1.0,1.0,1.0
north_lanarkshire_2012_ward6,plurality,6,0.8534604684451446,1.0,0.9010406440212055,1.0,1.0,1.0,1.0,1.0,0.9,0.95,0.0,0.9145833333333333,1.0,1.0
north_lanarkshire_2012_ward6,stv,6,1.0,1.0,1.0,1.0,1.0,1.0,1.0,1.0,0.8,0.9,0.33333333333333337,0.94375,1.0,0.8888888888888888
north_lanarkshire_2012_ward6,ranked-pairs,6,1.0,1.0,1.0,1.0,1.0,1.0,1.0,1.0,1.0,1.0,1.0,1.0,1.0,1.0
clackmannanshire_2017_ward5,borda,6,1.0,1.0,1.0,1.0,1.0,1.0,1.0,1.0,0.9,0.9666666666666667,0.0,0.95,1.0,0.8333333333333334
clackmannanshire_2017_ward5,3-approval,6,0.9659355271963801,1.0,0.9942954934398175,1.0,0.9659355271963801,1.0,0.9942954934398175,1.0,1.0,1.0,0.8333333333333334,0.9973958333333334,1.0,1.0
clackmannanshire_2017_ward5,2-approval,6,0.9003265142432247,1.0,0.9525272270315556,1.0,1.0,1.0,1.0,1.0,0.9,0.9666666666666667,0.0,0.9057291666666667,1.0,1.0
clackmannanshire_2017_ward5,plurality,6,0.9003265142432247,1.0,0.9525272270315556,1.0,1.0,1.0,1.0,1.0,0.8,0.9333333333333333,0.0,0.915625,1.0,0.9166666666666666
clackmannanshire_2017_ward5,stv,6,0.8220889112521181,1.0,0.8585858585858585,1.0,1.0,1.0,1.0,1.0,0.8,0.9166666666666666,0.0,0.90625,1.0,0.9166666666666666
clackmannanshire_2017_ward5,ranked-pairs,6,1.0,1.0,1.0,1.0,1.0,1.0,1.0,1.0,1.0,1.0,1.0,1.0,1.0,1.0
south_lanarkshire_2022_ward17,borda,6,1.0,1.0,1.0,1.0,1.0,1.0,1.0,1.0,1.0,1.0,1.0,1.0,1.0,1.0
south_lanarkshire_2022_ward17,3-approval,6,1.0,1.0,1.0,1.0,1.0,1.0,1.0,1.0,1.0,1.0,1.0,1.0,1.0,1.0
south_lanarkshire_2022_ward17,2-approval,6,0.8946847948775194,1.0,0.9471960704052396,1.0,1.0,1.0,1.0,1.0,0.9,0.9833333333333333,0.0,0.94375,1.0,1.0
south_lanarkshire_2022_ward17,plurality,6,0.7467323713344597,1.0,0.7389873880460612,1.0,0.7467323713344597,1.0,0.7389873880460612,1.0,0.8,0.9333333333333333,0.0,0.915625,1.0,0.9166666666666666
south_lanarkshire_2022_ward17,stv,6,0.7467323713344597,1.0,0.7389873880460612,1.0,0.7467323713344597,1.0,0.7389873880460612,1.0,0.8,0.95,0.0,0.9197916666666667,1.0,0.9166666666666666
south_lanarkshire_2022_ward17,ranked-pairs,6,1.0,1.0,1.0,1.0,1.0,1.0,1.0,1.0,1.0,1.0,1.0,1.0,1.0,1.0
north_ayrshire_2012_ward8,borda,6,1.0,1.0,1.0,1.0,1.0,1.0,1.0,1.0,1.0,1.0,1.0,1.0,1.0,1.0
north_ayrshire_2012_ward8,3-approval,6,1.0,1.0,1.0,1.0,1.0,1.0,1.0,1.0,1.0,1.0,1.0,1.0,1.0,1.0
north_ayrshire_2012_ward8,2-approval,6,1.0,1.0,1.0,1.0,1.0,1.0,1.0,1.0,1.0,1.0,1.0,1.0,1.0,1.0
north_ayrshire_2012_ward8,plurality,6,0.6981836415971385,1.0,0.6550531914893616,1.0,0.7874977476724788,1.0,0.8061239297634596,1.0,0.8,0.9,0.0,0.8005208333333333,1.0,0.8888888888888888
north_ayrshire_2012_ward8,stv,6,0.7874977476724788,1.0,0.8061239297634596,1.0,0.7874977476724788,1.0,0.8061239297634596,1.0,0.7,0.8166666666666667,0.0,0.8395833333333333,1.0,0.7777777777777777
north_ayrshire_2012_ward8,ranked-pairs,6,1.0,1.0,1.0,1.0,1.0,1.0,1.0,1.0,1.0,1.0,1.0,1.0,1.0,1.0
south_lanarkshire_2012_ward3,borda,6,1.0,1.0,1.0,1.0,1.0,1.0,1.0,1.0,0.9,0.9833333333333333,0.8333333333333334,0.9958333333333333,1.0,1.0
south_lanarkshire_2012_ward3,3-approval,6,1.0,1.0,1.0,1.0,1.0,1.0,1.0,1.0,1.0,1.0,0.8333333333333334,0.984375,1.0,1.0
south_lanarkshire_2012_ward3,2-approval,6,1.0,1.0,1.0,1.0,1.0,1.0,1.0,1.0,1.0,1.0,0.6666666666666667,0.984375,1.0,1.0
south_lanarkshire_2012_ward3,plurality,6,0.8138448911956774,1.0,0.8465596834469113,1.0,1.0,1.0,1.0,1.0,0.7,0.9,0.0,0.8552083333333333,1.0,0.8611111111111112
south_lanarkshire_2012_ward3,stv,6,0.7367820958496525,1.0,0.7220172201722016,1.0,0.7367820958496525,1.0,0.7220172201722016,1.0,0.6,0.85,0.0,0.7854166666666667,1.0,0.8333333333333334
south_lanarkshire_2012_ward3,ranked-pairs,6,1.0,1.0,1.0,1.0,1.0,1.0,1.0,1.0,1.0,1.0,1.0,1.0,1.0,1.0
south_lanarkshire_2017_ward11,borda,6,0.9170561811663979,1.0,0.9668021680216804,1.0,1.0,1.0,1.0,1.0,1.0,1.0,1.0,1.0,1.0,1.0
south_lanarkshire_2017_ward11,3-approval,6,1.0,1.0,1.0,1.0,1.0,1.0,1.0,1.0,1.0,1.0,0.0,0.9635416666666666,1.0,1.0
south_lanarkshire_2017_ward11,2-approval,6,0.9170561811663979,1.0,0.9668021680216804,1.0,1.0,1.0,1.0,1.0,0.9,0.9333333333333333,0.0,0.915625,1.0,1.0
south_lanarkshire_2017_ward11,plurality,6,0.7553593468698663,1.0,0.7535487768045909,1.0,1.0,1.0,1.0,1.0,0.8,0.9333333333333333,0.0,0.8921875,1.0,1.0
south_lanarkshire_2017_ward11,stv,6,0.7553593468698663,1.0,0.7535487768045909,1.0,1.0,1.0,1.0,1.0,0.9,0.95,0.0,0.89375,1.0,1.0
south_lanarkshire_2017_ward11,ranked-pairs,6,1.0,1.0,1.0,1.0,1.0,1.0,1.0,1.0,1.0,1.0,1.0,1.0,1.0,1.0
north_lanarkshire_2022_ward6,borda,6,0.8871731337105146,1.0,0.939709390587725,1.0,1.0,1.0,1.0,1.0,0.9,0.9333333333333333,0.0,0.946875,1.0,0.8055555555555555
north_lanarkshire_2022_ward6,3-approval,6,1.0,1.0,1.0,1.0,1.0,1.0,1.0,1.0,0.8,0.95,0.0,0.8494791666666667,1.0,0.9166666666666666
north_lanarkshire_2022_ward6,2-approval,6,0.7292997544227873,1.0,0.7091534492642843,1.0,1.0,1.0,1.0,1.0,0.9,0.9666666666666667,0.0,0.8588541666666667,1.0,1.0
north_lanarkshire_2022_ward6,plurality,6,0.7292997544227873,1.0,0.7091534492642843,1.0,0.8800076483772017,1.0,0.9321667746813567,1.0,0.8,0.9333333333333333,0.0,0.8635416666666667,1.0,0.9166666666666666
north_lanarkshire_2022_ward6,stv,6,0.7292997544227873,1.0,0.7091534492642843,1.0,1.0,1.0,1.0,1.0,0.8,0.9,0.0,0.8682291666666666,1.0,0.9166666666666666
north_lanarkshire_2022_ward6,ranked-pairs,6,1.0,1.0,1.0,1.0,1.0,1.0,1.0,1.0,1.0,1.0,1.0,1.0,1.0,1.0
argyll_bute_2022_ward2,borda,6,0.9126896873293868,1.0,0.9633027522935783,1.0,1.0,1.0,1.0,1.0,0.9,0.9833333333333333,0.0,0.959375,1.0,1.0
argyll_bute_2022_ward2,3-approval,6,0.9308007538854951,1.0,0.9767362299007871,1.0,1.0,1.0,1.0,1.0,1.0,1.0,1.0,1.0,1.0,1.0
argyll_bute_2022_ward2,2-approval,6,0.8511892228239583,1.0,0.8981603153745072,1.0,1.0,1.0,1.0,1.0,0.9,0.9166666666666666,0.0,0.8385416666666667,1.0,1.0
argyll_bute_2022_ward2,plurality,6,0.8511892228239583,1.0,0.8342857142857144,1.0,0.8056458083205754,1.0,1.0,1.0,0.9,0.9833333333333333,0.0,0.8807291666666667,1.0,0.7777777777777777
argyll_bute_2022_ward2,stv,6,0.8511892228239583,1.0,0.8981603153745072,1.0,1.0,1.0,1.0,1.0,1.0,1.0,0.0,0.9192708333333334,1.0,1.0
argyll_bute_2022_ward2,ranked-pairs,6,0.9644488744416593,1.0,0.9937888198757766,1.0,1.0,1.0,1.0,1.0,0.9,0.9833333333333333,0.0,0.959375,1.0,1.0
moray_2022_ward6,borda,6,1.0,1.0,1.0,1.0,1.0,1.0,1.0,1.0,0.9,0.9333333333333333,0.0,0.9520833333333334,1.0,1.0
moray_2022_ward6,3-approval,6,1.0,1.0,1.0,1.0,1.0,1.0,1.0,1.0,0.9,0.95,0.0,0.9302083333333333,1.0,1.0
moray_2022_ward6,2-approval,6,0.8934870486522474,1.0,0.946031746031746,1.0,1.0,1.0,1.0,1.0,0.8,0.95,0.0,0.8598958333333333,1.0,1.0
moray_2022_ward6,plurality,6,0.8009494995174703,1.0,0.8271236959761548,1.0,1.0,1.0,1.0,1.0,0.8,0.9166666666666666,0.0,0.8463541666666667,1.0,1.0
moray_2022_ward6,stv,6,0.8009494995174703,1.0,0.8271236959761548,1.0,1.0,1.0,1.0,1.0,0.6,0.9,0.0,0.8630208333333333,1.0,1.0
moray_2022_ward6,ranked-pairs,6,1.0,1.0,1.0,1.0,1.0,1.0,1.0,1.0,1.0,1.0,1.0,1.0,1.0,1.0
north_lanarkshire_2012_ward1,borda,6,1.0,1.0,1.0,1.0,1.0,1.0,1.0,1.0,1.0,1.0,1.0,1.0,1.0,1.0
north_lanarkshire_2012_ward1,3-approval,6,1.0,1.0,1.0,1.0,1.0,1.0,1.0,1.0,1.0,1.0,1.0,1.0,1.0,1.0
north_lanarkshire_2012_ward1,2-approval,6,1.0,1.0,1.0,1.0,1.0,1.0,1.0,1.0,1.0,1.0,1.0,1.0,1.0,1.0
north_lanarkshire_2012_ward1,plurality,6,0.6290399138344106,1.0,0.5351420636616107,1.0,1.0,1.0,1.0,1.0,0.9,0.9666666666666667,0.0,0.9057291666666667,1.0,0.9166666666666666
north_lanarkshire_2012_ward1,stv,6,1.0,1.0,1.0,1.0,1.0,1.0,1.0,1.0,0.9,0.9666666666666667,0.6666666666666667,0.9760416666666667,1.0,1.0
north_lanarkshire_2012_ward1,ranked-pairs,6,1.0,1.0,1.0,1.0,1.0,1.0,1.0,1.0,1.0,1.0,1.0,1.0,1.0,1.0
falkirk_2017_ward6,borda,6,0.9429475863404249,1.0,0.9841075794621027,1.0,1.0,1.0,1.0,1.0,1.0,1.0,0.8333333333333334,0.9973958333333334,1.0,1.0
falkirk_2017_ward6,3-approval,6,1.0,1.0,1.0,1.0,1.0,1.0,1.0,1.0,1.0,1.0,0.0,0.9635416666666666,1.0,1.0
falkirk_2017_ward6,2-approval,6,0.8157101730926383,1.0,0.8493092152115085,1.0,1.0,1.0,1.0,1.0,0.8,0.9166666666666666,0.0,0.9088541666666666,1.0,1.0
falkirk_2017_ward6,plurality,6,0.658795772181432,1.0,0.5863164324984729,1.0,0.658795772181432,1.0,0.5863164324984729,1.0,0.8,0.9333333333333333,0.0,0.8270833333333334,1.0,0.8888888888888888
falkirk_2017_ward6,stv,6,0.8157101730926383,1.0,0.8493092152115085,1.0,1.0,1.0,1.0,1.0,0.9,0.9166666666666666,0.0,0.8854166666666667,1.0,1.0
falkirk_2017_ward6,ranked-pairs,6,1.0,1.0,1.0,1.0,1.0,1.0,1.0,1.0,1.0,1.0,1.0,1.0,1.0,1.0
inverclyde_2012_ward2,borda,6,1.0,1.0,1.0,1.0,1.0,1.0,1.0,1.0,1.0,1.0,1.0,1.0,1.0,1.0
inverclyde_2012_ward2,3-approval,6,1.0,1.0,1.0,1.0,1.0,1.0,1.0,1.0,1.0,1.0,0.8333333333333334,0.9921875,1.0,1.0
inverclyde_2012_ward2,2-approval,6,1.0,1.0,1.0,1.0,1.0,1.0,1.0,1.0,1.0,1.0,0.6666666666666667,0.9947916666666666,1.0,1.0
inverclyde_2012_ward2,plurality,6,0.6784631583368846,1.0,0.6205774705164699,1.0,1.0,1.0,1.0,1.0,0.9,0.95,0.0,0.9432291666666667,1.0,0.8611111111111112
inverclyde_2012_ward2,stv,6,1.0,1.0,1.0,1.0,1.0,1.0,1.0,1.0,0.9,0.9833333333333333,0.6666666666666667,0.9828125,1.0,1.0
inverclyde_2012_ward2,ranked-pairs,6,1.0,1.0,1.0,1.0,1.0,1.0,1.0,1.0,1.0,1.0,1.0,1.0,1.0,1.0
glasgow_2022_ward12,borda,6,0.9818527879613339,1.0,0.9983766233766233,1.0,1.0,1.0,1.0,1.0,1.0,1.0,1.0,1.0,1.0,1.0
glasgow_2022_ward12,3-approval,6,0.9818527879613339,1.0,0.9983766233766233,1.0,1.0,1.0,1.0,1.0,1.0,1.0,1.0,1.0,1.0,1.0
glasgow_2022_ward12,2-approval,6,0.7710797486330495,1.0,0.7796365138372574,1.0,1.0,1.0,1.0,1.0,0.8,0.9333333333333333,0.0,0.9026041666666667,1.0,1.0
glasgow_2022_ward12,plurality,6,0.7710797486330495,1.0,0.7796365138372574,1.0,1.0,1.0,1.0,1.0,0.9,0.95,0.0,0.8911458333333333,1.0,1.0
glasgow_2022_ward12,stv,6,0.7710797486330495,1.0,0.7796365138372574,1.0,1.0,1.0,1.0,1.0,0.9,0.95,0.0,0.8729166666666667,1.0,1.0
glasgow_2022_ward12,ranked-pairs,6,1.0,1.0,1.0,1.0,1.0,1.0,1.0,1.0,1.0,1.0,1.0,1.0,1.0,1.0
angus_2012_ward2,borda,6,0.8685988276129003,1.0,0.9193835210432721,1.0,0.8685988276129003,1.0,0.9193835210432721,1.0,1.0,1.0,1.0,1.0,1.0,1.0
angus_2012_ward2,3-approval,6,0.8685988276129003,1.0,0.9193835210432721,1.0,0.8685988276129003,1.0,0.9193835210432721,1.0,1.0,1.0,1.0,1.0,1.0,1.0
angus_2012_ward2,2-approval,6,1.0,1.0,1.0,1.0,1.0,1.0,1.0,1.0,0.9,0.9833333333333333,0.0,0.9463541666666667,1.0,0.9444444444444443
angus_2012_ward2,plurality,6,0.7000913071886992,1.0,0.6583866837387965,1.0,0.7000913071886992,1.0,0.6583866837387965,1.0,0.8,0.9166666666666666,0.0,0.859375,1.0,0.8333333333333334
angus_2012_ward2,stv,6,0.7774030591281137,1.0,0.7899391929242676,1.0,1.0,1.0,1.0,1.0,0.9,0.95,0.0,0.8963541666666667,1.0,0.9166666666666666
angus_2012_ward2,ranked-pairs,6,1.0,1.0,1.0,1.0,1.0,1.0,1.0,1.0,1.0,1.0,1.0,1.0,1.0,1.0
south_ayrshire_2017_ward2,borda,6,0.9108364579651086,1.0,0.9617685685101415,1.0,1.0,1.0,1.0,1.0,0.8,0.9666666666666667,0.8,0.9942708333333333,1.0,0.9444444444444443
south_ayrshire_2017_ward2,3-approval,6,0.9108364579651086,1.0,0.9617685685101415,1.0,0.9108364579651086,1.0,0.9617685685101415,1.0,0.8,0.8333333333333333,0.0,0.7838541666666666,1.0,0.8472222222222222
south_ayrshire_2017_ward2,2-approval,6,0.9689284228070633,1.0,0.9952508162659544,1.0,0.9689284228070633,1.0,0.9952508162659544,1.0,1.0,1.0,0.0,0.8515625,1.0,1.0
south_ayrshire_2017_ward2,plurality,6,0.774021155877893,1.0,0.7844438545261482,1.0,1.0,1.0,1.0,1.0,0.8,0.8833333333333333,0.0,0.8666666666666667,1.0,0.9444444444444443
south_ayrshire_2017_ward2,stv,6,0.774021155877893,1.0,0.7844438545261482,1.0,1.0,1.0,1.0,1.0,0.8,0.8833333333333333,0.0,0.8666666666666667,1.0,0.9444444444444443
south_ayrshire_2017_ward2,ranked-pairs,6,1.0,1.0,1.0,1.0,1.0,1.0,1.0,1.0,1.0,1.0,1.0,1.0,1.0,1.0
aberdeenshire_2022_ward16,borda,6,1.0,1.0,1.0,1.0,1.0,1.0,1.0,1.0,1.0,1.0,1.0,1.0,1.0,1.0
aberdeenshire_2022_ward16,3-approval,6,1.0,1.0,1.0,1.0,1.0,1.0,1.0,1.0,0.9,0.9833333333333333,0.8333333333333334,0.9958333333333333,1.0,0.9166666666666666
aberdeenshire_2022_ward16,2-approval,6,0.8646960672435896,1.0,0.9148008718050327,1.0,1.0,1.0,1.0,1.0,0.8,0.8833333333333333,0.0,0.8432291666666667,1.0,1.0
aberdeenshire_2022_ward16,plurality,6,0.7087042278548329,1.0,0.6734199134199134,1.0,0.7673688998271712,1.0,0.7735364287025143,1.0,0.7,0.8666666666666667,0.0,0.7973958333333333,1.0,0.9166666666666666
aberdeenshire_2022_ward16,stv,6,0.7673688998271712,1.0,0.7735364287025143,1.0,0.7673688998271712,1.0,0.7735364287025143,1.0,0.8,0.8833333333333333,0.0,0.8458333333333333,1.0,0.9166666666666666
aberdeenshire_2022_ward16,ranked-pairs,6,1.0,1.0,1.0,1.0,1.0,1.0,1.0,1.0,1.0,1.0,1.0,1.0,1.0,1.0
north_lanarkshire_2017_ward18,borda,6,0.9853460123267672,1.0,0.9989410518884576,1.0,1.0,1.0,1.0,1.0,0.9,0.9833333333333333,0.0,0.9541666666666667,1.0,1.0
north_lanarkshire_2017_ward18,3-approval,6,1.0,1.0,1.0,1.0,1.0,1.0,1.0,1.0,0.8,0.9,0.0,0.9098958333333333,1.0,1.0
north_lanarkshire_2017_ward18,2-approval,6,0.7683999210664767,1.0,0.7752351097178685,1.0,1.0,1.0,1.0,1.0,0.6,0.6833333333333333,0.0,0.6552083333333333,1.0,1.0
north_lanarkshire_2017_ward18,plurality,6,0.7683999210664767,1.0,0.7752351097178685,1.0,1.0,1.0,1.0,1.0,0.7,0.85,0.0,0.775,1.0,1.0
north_lanarkshire_2017_ward18,stv,6,0.7683999210664767,1.0,0.7752351097178685,1.0,1.0,1.0,1.0,1.0,0.5,0.85,0.0,0.7749999999999999,1.0,1.0
north_lanarkshire_2017_ward18,ranked-pairs,6,1.0,1.0,1.0,1.0,1.0,1.0,1.0,1.0,1.0,1.0,1.0,1.0,1.0,1.0
fife_2017_ward20,borda,6,1.0,1.0,1.0,1.0,1.0,1.0,1.0,1.0,0.9,0.9833333333333333,0.8333333333333334,0.9958333333333333,1.0,1.0
fife_2017_ward20,3-approval,6,1.0,1.0,1.0,1.0,1.0,1.0,1.0,1.0,0.9,0.9333333333333333,0.0,0.9,1.0,0.7222222222222222
fife_2017_ward20,2-approval,6,0.9011375011006572,1.0,0.9532725766362884,1.0,1.0,1.0,1.0,1.0,0.8,0.9333333333333333,0.0,0.8296875,1.0,1.0
fife_2017_ward20,plurality,6,0.9011375011006572,1.0,0.9532725766362884,1.0,1.0,1.0,1.0,1.0,0.7,0.95,0.0,0.9145833333333333,1.0,1.0
fife_2017_ward20,stv,6,0.8558648268201776,1.0,0.904054272330803,1.0,1.0,1.0,1.0,1.0,0.8,0.9666666666666667,0.0,0.9213541666666667,1.0,1.0
fife_2017_ward20,ranked-pairs,6,1.0,1.0,1.0,1.0,1.0,1.0,1.0,1.0,1.0,1.0,1.0,1.0,1.0,1.0
dumgal_2017_ward4,borda,6,1.0,1.0,1.0,1.0,1.0,1.0,1.0,1.0,1.0,1.0,1.0,1.0,1.0,1.0
dumgal_2017_ward4,3-approval,6,1.0,1.0,1.0,1.0,1.0,1.0,1.0,1.0,1.0,1.0,0.5,0.9609375,1.0,1.0
dumgal_2017_ward4,2-approval,6,0.8994745057634782,1.0,0.9517384535547484,1.0,1.0,1.0,1.0,1.0,0.9,0.9666666666666667,0.0,0.9213541666666667,1.0,1.0
dumgal_2017_ward4,plurality,6,0.7594255217124581,1.0,0.7603557219751932,1.0,0.7594255217124581,1.0,0.7603557219751932,1.0,0.8,0.9666666666666667,0.0,0.9369791666666667,1.0,1.0
dumgal_2017_ward4,stv,6,0.7594255217124581,1.0,0.7603557219751932,1.0,0.7594255217124581,1.0,0.7603557219751932,1.0,0.9,0.95,0.0,0.9458333333333333,1.0,1.0
dumgal_2017_ward4,ranked-pairs,6,1.0,1.0,1.0,1.0,1.0,1.0,1.0,1.0,1.0,1.0,1.0,1.0,1.0,1.0
north_lanarkshire_2022_ward17,borda,6,0.8971141201742696,1.0,0.9495227995758216,1.0,1.0,1.0,1.0,1.0,0.8,0.95,0.0,0.9145833333333333,1.0,0.8611111111111112
north_lanarkshire_2022_ward17,3-approval,6,0.8971141201742696,1.0,0.9495227995758216,1.0,1.0,1.0,1.0,1.0,0.9,0.95,0.0,0.8442708333333333,1.0,0.8333333333333334
north_lanarkshire_2022_ward17,2-approval,6,0.764245177535198,1.0,0.7683724509426703,1.0,1.0,1.0,1.0,1.0,0.9,0.95,0.0,0.7895833333333333,1.0,1.0
north_lanarkshire_2022_ward17,plurality,6,0.6766757255279171,1.0,0.6174555692415976,1.0,0.6766757255279171,1.0,0.6174555692415976,1.0,0.7,0.8666666666666667,0.0,0.76875,1.0,0.8333333333333334
north_lanarkshire_2022_ward17,stv,6,0.6766757255279171,1.0,0.6174555692415976,1.0,0.6766757255279171,1.0,0.6174555692415976,1.0,0.6,0.8333333333333334,0.0,0.7578125,1.0,0.7777777777777777
north_lanarkshire_2022_ward17,ranked-pairs,6,1.0,1.0,1.0,1.0,1.0,1.0,1.0,1.0,1.0,1.0,1.0,1.0,1.0,1.0
dumgal_2012_ward8,borda,6,1.0,1.0,1.0,1.0,1.0,1.0,1.0,1.0,1.0,1.0,1.0,1.0,1.0,1.0
dumgal_2012_ward8,3-approval,6,1.0,1.0,1.0,1.0,1.0,1.0,1.0,1.0,0.9,0.9833333333333333,0.8333333333333334,0.990625,1.0,1.0
dumgal_2012_ward8,2-approval,6,1.0,1.0,1.0,1.0,1.0,1.0,1.0,1.0,1.0,1.0,0.6666666666666667,0.9895833333333334,1.0,1.0
dumgal_2012_ward8,plurality,6,0.7468884388520886,1.0,0.739252149570086,1.0,1.0,1.0,1.0,1.0,0.8,0.9333333333333333,0.0,0.8713541666666667,1.0,1.0
dumgal_2012_ward8,stv,6,0.7468884388520886,1.0,0.739252149570086,1.0,1.0,1.0,1.0,1.0,0.7,0.9,0.0,0.8942708333333333,1.0,1.0
dumgal_2012_ward8,ranked-pairs,6,1.0,1.0,1.0,1.0,1.0,1.0,1.0,1.0,1.0,1.0,1.0,1.0,1.0,1.0
falkirk_2017_ward5,borda,6,1.0,1.0,1.0,1.0,1.0,1.0,1.0,1.0,1.0,1.0,1.0,1.0,1.0,1.0
falkirk_2017_ward5,3-approval,6,1.0,1.0,1.0,1.0,1.0,1.0,1.0,1.0,0.9,0.9666666666666667,0.6666666666666667,0.965625,1.0,1.0
falkirk_2017_ward5,2-approval,6,1.0,1.0,1.0,1.0,1.0,1.0,1.0,1.0,1.0,1.0,0.6666666666666667,0.9635416666666666,1.0,1.0
falkirk_2017_ward5,plurality,6,0.7960738903241804,1.0,0.8195926285160038,1.0,0.8133659648933921,1.0,0.845851098720892,1.0,0.9,0.9666666666666667,0.0,0.91875,1.0,1.0
falkirk_2017_ward5,stv,6,0.7960738903241804,1.0,0.8195926285160038,1.0,0.8133659648933921,1.0,0.845851098720892,1.0,0.9,0.9833333333333333,0.0,0.928125,1.0,1.0
falkirk_2017_ward5,ranked-pairs,6,1.0,1.0,1.0,1.0,1.0,1.0,1.0,1.0,1.0,1.0,1.0,1.0,1.0,1.0
highland_2017_ward7,borda,6,0.9351749181136128,1.0,0.9795454545454546,1.0,1.0,1.0,1.0,1.0,0.9,0.9666666666666667,0.0,0.95,1.0,1.0
highland_2017_ward7,3-approval,6,1.0,1.0,1.0,1.0,1.0,1.0,1.0,1.0,1.0,1.0,0.6666666666666667,0.9791666666666666,1.0,1.0
highland_2017_ward7,2-approval,6,1.0,1.0,1.0,1.0,1.0,1.0,1.0,1.0,1.0,1.0,0.6666666666666667,0.9739583333333334,1.0,1.0
highland_2017_ward7,plurality,6,0.6831675139307659,1.0,0.6287985039738196,1.0,0.720144073808442,1.0,0.6933171324422843,1.0,0.9,0.9666666666666667,0.0,0.8197916666666667,1.0,1.0
highland_2017_ward7,stv,6,0.718959704727237,1.0,0.6912621359223301,1.0,0.720144073808442,1.0,0.6933171324422843,1.0,1.0,1.0,0.0,0.875,1.0,0.8333333333333334
highland_2017_ward7,ranked-pairs,6,1.0,1.0,1.0,1.0,1.0,1.0,1.0,1.0,1.0,1.0,1.0,1.0,1.0,1.0
west_lothian_2012_ward1,borda,6,1.0,1.0,1.0,1.0,1.0,1.0,1.0,1.0,1.0,1.0,1.0,1.0,1.0,1.0
west_lothian_2012_ward1,3-approval,6,1.0,1.0,1.0,1.0,1.0,1.0,1.0,1.0,1.0,1.0,1.0,1.0,1.0,1.0
west_lothian_2012_ward1,2-approval,6,1.0,1.0,1.0,1.0,1.0,1.0,1.0,1.0,1.0,1.0,1.0,1.0,1.0,1.0
west_lothian_2012_ward1,plurality,6,0.8407602719753536,1.0,0.8845299777942265,1.0,0.8407602719753536,1.0,0.8845299777942265,1.0,0.9,0.9666666666666667,0.0,0.9109375,1.0,0.9166666666666666
west_lothian_2012_ward1,stv,6,0.8407602719753536,1.0,0.8845299777942265,1.0,0.8407602719753536,1.0,0.8845299777942265,1.0,0.9,0.9666666666666667,0.0,0.9135416666666667,1.0,0.9166666666666666
west_lothian_2012_ward1,ranked-pairs,6,1.0,1.0,1.0,1.0,1.0,1.0,1.0,1.0,1.0,1.0,1.0,1.0,1.0,1.0
west_lothian_2012_ward2,borda,6,1.0,1.0,1.0,1.0,1.0,1.0,1.0,1.0,0.8,0.9333333333333333,0.0,0.9026041666666667,1.0,0.8888888888888888
west_lothian_2012_ward2,3-approval,6,0.8393032347148468,1.0,0.8825744608010956,1.0,0.8393032347148468,1.0,0.8825744608010956,1.0,0.9,0.9,0.0,0.9359375,1.0,0.8333333333333334
west_lothian_2012_ward2,2-approval,6,1.0,1.0,1.0,1.0,1.0,1.0,1.0,1.0,0.9,0.9833333333333333,0.0,0.8916666666666666,1.0,1.0
west_lothian_2012_ward2,plurality,6,0.8393032347148468,1.0,0.8825744608010956,1.0,0.8393032347148468,1.0,0.8825744608010956,1.0,0.7,0.9166666666666666,0.0,0.875,1.0,0.9444444444444443
west_lothian_2012_ward2,stv,6,0.9423315029761927,1.0,0.9837662337662337,1.0,1.0,1.0,1.0,1.0,0.8,0.9,0.0,0.8994791666666666,1.0,0.8888888888888888
west_lothian_2012_ward2,ranked-pairs,6,1.0,1.0,1.0,1.0,1.0,1.0,1.0,1.0,1.0,1.0,1.0,1.0,1.0,1.0
east_dunbartonshire_2017_ward5,borda,6,0.9755387340132297,1.0,0.9970530451866406,1.0,1.0,1.0,1.0,1.0,1.0,1.0,0.6666666666666667,0.9869791666666666,1.0,1.0
east_dunbartonshire_2017_ward5,3-approval,6,1.0,1.0,1.0,1.0,1.0,1.0,1.0,1.0,0.9,0.95,0.0,0.909375,1.0,1.0
east_dunbartonshire_2017_ward5,2-approval,6,0.8791935053530274,1.0,0.9312856238125398,1.0,0.8791935053530274,1.0,0.9312856238125398,1.0,0.6,0.85,0.0,0.7411458333333333,1.0,0.6944444444444443
east_dunbartonshire_2017_ward5,plurality,6,0.7576473194418729,1.0,0.757383662296499,1.0,0.7802981800293449,1.0,0.7946152714432839,1.0,0.7,0.8833333333333333,0.0,0.7494791666666667,1.0,0.75
east_dunbartonshire_2017_ward5,stv,6,0.7576473194418729,1.0,0.757383662296499,1.0,0.7802981800293449,1.0,0.7946152714432839,1.0,0.7,0.8833333333333333,0.0,0.7494791666666667,1.0,0.75
east_dunbartonshire_2017_ward5,ranked-pairs,6,1.0,1.0,1.0,1.0,1.0,1.0,1.0,1.0,1.0,1.0,1.0,1.0,1.0,1.0
clackmannanshire_2012_ward3,borda,6,1.0,1.0,1.0,1.0,1.0,1.0,1.0,1.0,0.9,0.9666666666666667,0.0,0.9473958333333333,1.0,0.9166666666666666
clackmannanshire_2012_ward3,3-approval,6,1.0,1.0,1.0,1.0,1.0,1.0,1.0,1.0,0.9,0.9666666666666667,0.0,0.9473958333333333,1.0,1.0
clackmannanshire_2012_ward3,2-approval,6,0.9369005738433566,1.0,0.9806060606060605,1.0,1.0,1.0,1.0,1.0,0.9,0.95,0.33333333333333337,0.9770833333333333,1.0,1.0
clackmannanshire_2012_ward3,plurality,6,0.918449455050187,1.0,0.9678843837816138,1.0,0.918449455050187,1.0,0.9678843837816138,1.0,0.8,0.9333333333333333,0.0,0.9260416666666667,1.0,0.9166666666666666
clackmannanshire_2012_ward3,stv,6,1.0,1.0,1.0,1.0,1.0,1.0,1.0,1.0,0.8,0.9333333333333333,0.33333333333333337,0.9546875,1.0,0.9166666666666666
clackmannanshire_2012_ward3,ranked-pairs,6,1.0,1.0,1.0,1.0,1.0,1.0,1.0,1.0,1.0,1.0,1.0,1.0,1.0,1.0
south_lanarkshire_2012_ward13,borda,6,1.0,1.0,1.0,1.0,1.0,1.0,1.0,1.0,1.0,1.0,1.0,1.0,1.0,1.0
south_lanarkshire_2012_ward13,3-approval,6,1.0,1.0,1.0,1.0,1.0,1.0,1.0,1.0,1.0,1.0,1.0,1.0,1.0,1.0
south_lanarkshire_2012_ward13,2-approval,6,1.0,1.0,1.0,1.0,1.0,1.0,1.0,1.0,1.0,1.0,1.0,1.0,1.0,1.0
south_lanarkshire_2012_ward13,plurality,6,0.7386051098171006,1.0,0.7251388640028669,1.0,0.7386051098171006,1.0,0.7251388640028669,1.0,0.8,0.95,0.0,0.8651041666666667,1.0,0.9166666666666666
south_lanarkshire_2012_ward13,stv,6,0.7653357987481206,1.0,0.770178341606913,1.0,1.0,1.0,1.0,1.0,0.8,0.9333333333333333,0.0,0.8973958333333333,1.0,0.9166666666666666
south_lanarkshire_2012_ward13,ranked-pairs,6,1.0,1.0,1.0,1.0,1.0,1.0,1.0,1.0,1.0,1.0,1.0,1.0,1.0,1.0
aberdeenshire_2022_ward11,borda,6,1.0,1.0,1.0,1.0,1.0,1.0,1.0,1.0,1.0,1.0,1.0,1.0,1.0,1.0
aberdeenshire_2022_ward11,3-approval,6,1.0,1.0,1.0,1.0,1.0,1.0,1.0,1.0,0.9,0.9833333333333333,0.8333333333333334,0.990625,1.0,1.0
aberdeenshire_2022_ward11,2-approval,6,1.0,1.0,1.0,1.0,1.0,1.0,1.0,1.0,0.9,0.9666666666666667,0.6666666666666667,0.9838541666666667,1.0,1.0
aberdeenshire_2022_ward11,plurality,6,0.7942933586417265,1.0,0.8168190127970749,1.0,1.0,1.0,1.0,1.0,0.8,0.9,0.0,0.8109375000000001,1.0,0.9444444444444443
aberdeenshire_2022_ward11,stv,6,0.7942933586417265,1.0,0.8168190127970749,1.0,1.0,1.0,1.0,1.0,0.8,0.9,0.0,0.8161458333333333,1.0,0.9444444444444443
aberdeenshire_2022_ward11,ranked-pairs,6,1.0,1.0,1.0,1.0,1.0,1.0,1.0,1.0,1.0,1.0,1.0,1.0,1.0,1.0
perth_kinross_2022_ward7,borda,6,0.9643374866844806,1.0,0.99375,1.0,1.0,1.0,1.0,1.0,0.9,0.95,0.0,0.9458333333333333,1.0,0.8333333333333334
perth_kinross_2022_ward7,3-approval,6,0.8996120703467331,1.0,0.9518662043646745,1.0,0.8996120703467331,1.0,0.9518662043646745,1.0,0.9,0.95,0.8333333333333334,0.9848958333333333,1.0,1.0
perth_kinross_2022_ward7,2-approval,6,1.0,1.0,1.0,1.0,1.0,1.0,1.0,1.0,0.9,0.9333333333333333,0.0,0.9,1.0,1.0
perth_kinross_2022_ward7,plurality,6,0.8284835808272533,1.0,0.8676814988290398,1.0,1.0,1.0,1.0,1.0,0.8,0.9166666666666666,0.0,0.8619791666666667,1.0,0.9166666666666666
perth_kinross_2022_ward7,stv,6,1.0,1.0,1.0,1.0,1.0,1.0,1.0,1.0,0.8,0.9,0.33333333333333337,0.8786458333333333,1.0,0.9166666666666666
perth_kinross_2022_ward7,ranked-pairs,6,1.0,1.0,1.0,1.0,1.0,1.0,1.0,1.0,1.0,1.0,1.0,1.0,1.0,1.0
edinburgh_2012_ward9,borda,6,1.0,1.0,1.0,1.0,1.0,1.0,1.0,1.0,1.0,1.0,0.6666666666666667,0.9947916666666666,1.0,1.0
edinburgh_2012_ward9,3-approval,6,0.935520981598463,1.0,0.9797603195739014,1.0,1.0,1.0,1.0,1.0,1.0,1.0,1.0,1.0,1.0,1.0
edinburgh_2012_ward9,2-approval,6,1.0,1.0,1.0,1.0,1.0,1.0,1.0,1.0,1.0,1.0,0.0,0.953125,1.0,1.0
edinburgh_2012_ward9,plurality,6,0.8433686875819879,1.0,0.8879999999999999,1.0,1.0,1.0,1.0,1.0,0.9,0.95,0.0,0.9432291666666667,1.0,1.0
edinburgh_2012_ward9,stv,6,1.0,1.0,1.0,1.0,1.0,1.0,1.0,1.0,1.0,1.0,1.0,1.0,1.0,1.0
edinburgh_2012_ward9,ranked-pairs,6,1.0,1.0,1.0,1.0,1.0,1.0,1.0,1.0,1.0,1.0,1.0,1.0,1.0,1.0
east_ayrshire_2012_ward7,borda,6,0.8841352704441223,1.0,0.936558649018713,1.0,1.0,1.0,1.0,1.0,0.9,0.9833333333333333,0.9,0.9984375,1.0,1.0
east_ayrshire_2012_ward7,3-approval,6,0.8841352704441223,1.0,0.936558649018713,1.0,1.0,1.0,1.0,1.0,1.0,1.0,0.8333333333333334,0.9947916666666666,1.0,1.0
east_ayrshire_2012_ward7,2-approval,6,0.7496549483673456,1.0,0.7439375256884505,1.0,0.7496549483673456,1.0,0.7439375256884505,1.0,0.6,0.8333333333333334,0.0,0.7369791666666666,1.0,0.8333333333333334
east_ayrshire_2012_ward7,plurality,6,0.84106695889959,1.0,0.8849400266548201,1.0,1.0,1.0,1.0,1.0,0.7,0.8833333333333333,0.0,0.809375,1.0,0.9444444444444445
east_ayrshire_2012_ward7,stv,6,0.7541377319218246,1.0,0.7514963880288957,1.0,0.7541377319218246,1.0,0.7514963880288957,1.0,0.7,0.8666666666666667,0.0,0.7921875,1.0,0.8888888888888888
east_ayrshire_2012_ward7,ranked-pairs,6,1.0,1.0,1.0,1.0,1.0,1.0,1.0,1.0,1.0,1.0,1.0,1.0,1.0,1.0
north_lanarkshire_2012_ward15,borda,6,1.0,1.0,1.0,1.0,1.0,1.0,1.0,1.0,1.0,1.0,1.0,1.0,1.0,1.0
north_lanarkshire_2012_ward15,3-approval,6,1.0,1.0,1.0,1.0,1.0,1.0,1.0,1.0,1.0,1.0,1.0,1.0,1.0,1.0
north_lanarkshire_2012_ward15,2-approval,6,1.0,1.0,1.0,1.0,1.0,1.0,1.0,1.0,1.0,1.0,0.6666666666666667,0.9947916666666666,1.0,1.0
north_lanarkshire_2012_ward15,plurality,6,1.0,1.0,1.0,1.0,1.0,1.0,1.0,1.0,0.9,0.9666666666666667,0.6666666666666667,0.9682291666666667,1.0,0.9166666666666666
north_lanarkshire_2012_ward15,stv,6,0.8041859529953114,1.0,0.8320693391115929,1.0,1.0,1.0,1.0,1.0,0.9,0.9666666666666667,0.0,0.9395833333333333,1.0,1.0
north_lanarkshire_2012_ward15,ranked-pairs,6,1.0,1.0,1.0,1.0,1.0,1.0,1.0,1.0,1.0,1.0,1.0,1.0,1.0,1.0
angus_2017_ward1,borda,6,1.0,1.0,1.0,1.0,1.0,1.0,1.0,1.0,1.0,1.0,1.0,1.0,1.0,1.0
angus_2017_ward1,3-approval,6,1.0,1.0,1.0,1.0,1.0,1.0,1.0,1.0,1.0,1.0,1.0,1.0,1.0,1.0
angus_2017_ward1,2-approval,6,1.0,1.0,1.0,1.0,1.0,1.0,1.0,1.0,1.0,1.0,1.0,1.0,1.0,1.0
angus_2017_ward1,plurality,6,0.7566167767218528,1.0,0.7556578442654391,1.0,1.0,1.0,1.0,1.0,0.8,0.9333333333333333,0.0,0.9104166666666667,1.0,0.9166666666666666
angus_2017_ward1,stv,6,0.7566167767218528,1.0,0.7556578442654391,1.0,1.0,1.0,1.0,1.0,0.8,0.9,0.0,0.9020833333333333,1.0,0.9166666666666666
angus_2017_ward1,ranked-pairs,6,1.0,1.0,1.0,1.0,1.0,1.0,1.0,1.0,1.0,1.0,1.0,1.0,1.0,1.0
argyll_bute_2017_ward6,borda,6,0.9155146323730654,1.0,0.9655853314527503,1.0,0.9155146323730654,1.0,0.9655853314527503,1.0,1.0,1.0,1.0,1.0,1.0,1.0
argyll_bute_2017_ward6,3-approval,6,0.9148208162505189,1.0,0.9650310208685844,1.0,0.9155146323730654,1.0,0.9655853314527503,1.0,1.0,1.0,0.0,0.9583333333333334,1.0,1.0
argyll_bute_2017_ward6,2-approval,6,0.8467587326584151,1.0,0.8924497555676264,1.0,1.0,1.0,1.0,1.0,0.8,0.9,0.0,0.8213541666666667,1.0,1.0
argyll_bute_2017_ward6,plurality,6,0.7563219917413913,1.0,0.7551637279596977,1.0,1.0,1.0,1.0,1.0,0.7,0.8833333333333333,0.0,0.8197916666666667,1.0,0.9166666666666666
argyll_bute_2017_ward6,stv,6,0.7563219917413913,1.0,0.7551637279596977,1.0,1.0,1.0,1.0,1.0,0.7,0.9,0.0,0.81875,1.0,0.9166666666666666
argyll_bute_2017_ward6,ranked-pairs,6,1.0,1.0,1.0,1.0,1.0,1.0,1.0,1.0,1.0,1.0,1.0,1.0,1.0,1.0
south_ayrshire_2012_ward1,borda,6,1.0,1.0,1.0,1.0,1.0,1.0,1.0,1.0,1.0,1.0,0.6666666666666667,0.9947916666666666,1.0,1.0
south_ayrshire_2012_ward1,3-approval,6,1.0,1.0,1.0,1.0,1.0,1.0,1.0,1.0,0.9,0.9333333333333333,0.0,0.8973958333333334,1.0,0.7916666666666666
south_ayrshire_2012_ward1,2-approval,6,0.8761927066079528,1.0,0.9279960545783329,1.0,1.0,1.0,1.0,1.0,0.9,0.9666666666666667,0.0,0.8901041666666667,1.0,1.0
south_ayrshire_2012_ward1,plurality,6,0.8042808681121931,1.0,0.8322137166067801,1.0,1.0,1.0,1.0,1.0,0.7,0.85,0.0,0.8192708333333334,1.0,0.9444444444444443
south_ayrshire_2012_ward1,stv,6,0.8042808681121931,1.0,0.8322137166067801,1.0,1.0,1.0,1.0,1.0,0.7,0.8666666666666667,0.0,0.7947916666666667,1.0,0.9444444444444443
south_ayrshire_2012_ward1,ranked-pairs,6,1.0,1.0,1.0,1.0,1.0,1.0,1.0,1.0,1.0,1.0,1.0,1.0,1.0,1.0
edinburgh_2012_ward6,borda,6,0.9842896906867273,1.0,0.9987830108312038,1.0,1.0,1.0,1.0,1.0,0.9,0.9666666666666667,0.0,0.9473958333333333,1.0,1.0
edinburgh_2012_ward6,3-approval,6,1.0,1.0,1.0,1.0,1.0,1.0,1.0,1.0,1.0,1.0,1.0,1.0,1.0,1.0
edinburgh_2012_ward6,2-approval,6,0.9145683881575566,1.0,0.9648283287474578,1.0,0.9145683881575566,1.0,0.9648283287474578,1.0,0.9,0.95,0.0,0.8963541666666667,1.0,0.7777777777777777
edinburgh_2012_ward6,plurality,6,0.7904587445509843,1.0,0.8108048511576627,1.0,0.9145683881575566,1.0,0.9648283287474578,1.0,0.9,0.95,0.0,0.8494791666666667,1.0,1.0
edinburgh_2012_ward6,stv,6,0.7904587445509843,1.0,0.8108048511576627,1.0,0.9145683881575566,1.0,0.9648283287474578,1.0,0.9,0.95,0.0,0.8494791666666667,1.0,0.9166666666666666
edinburgh_2012_ward6,ranked-pairs,6,1.0,1.0,1.0,1.0,1.0,1.0,1.0,1.0,1.0,1.0,1.0,1.0,1.0,1.0
edinburgh_2012_ward11,borda,6,1.0,1.0,1.0,1.0,1.0,1.0,1.0,1.0,1.0,1.0,1.0,1.0,1.0,1.0
edinburgh_2012_ward11,3-approval,6,1.0,1.0,1.0,1.0,1.0,1.0,1.0,1.0,1.0,1.0,1.0,1.0,1.0,1.0
edinburgh_2012_ward11,2-approval,6,0.8795808501536718,1.0,0.9317054559328503,1.0,0.8795808501536718,1.0,0.9317054559328503,1.0,0.7,0.85,0.0,0.8296875000000001,1.0,0.6944444444444443
edinburgh_2012_ward11,plurality,6,0.7937672431573257,1.0,0.8159971305595409,1.0,0.7937672431573257,1.0,0.8159971305595409,1.0,0.9,0.9833333333333333,0.0,0.8135416666666666,1.0,0.9166666666666666
edinburgh_2012_ward11,stv,6,0.7937672431573257,1.0,0.8159971305595409,1.0,0.7937672431573257,1.0,0.8159971305595409,1.0,0.9,0.9833333333333333,0.0,0.8135416666666666,1.0,0.75
edinburgh_2012_ward11,ranked-pairs,6,1.0,1.0,1.0,1.0,1.0,1.0,1.0,1.0,1.0,1.0,1.0,1.0,1.0,1.0
aberdeenshire_2022_ward8,borda,6,0.8783567191958436,1.0,0.9303749043611325,1.0,0.8783567191958436,1.0,0.9303749043611325,1.0,0.8,0.9,0.0,0.9020833333333333,1.0,0.8888888888888888
aberdeenshire_2022_ward8,3-approval,6,0.8783567191958436,1.0,0.9303749043611325,1.0,0.8783567191958436,1.0,0.9303749043611325,1.0,0.8,0.9333333333333333,0.0,0.8296875,1.0,1.0
aberdeenshire_2022_ward8,2-approval,6,0.8358787717490168,0.9117864849128715,0.8779307778191293,0.9625586641429202,0.8358787717490168,0.8598508360378723,0.8779307778191293,0.9089683872035562,0.6,0.7833333333333333,0.0,0.45885416666666656,1.0,0.7777777777777777
aberdeenshire_2022_ward8,plurality,6,0.8466961801368585,1.0,0.8923682730170638,1.0,0.8466961801368585,1.0,0.8923682730170638,1.0,0.6,0.8,0.0,0.6817708333333333,1.0,0.8888888888888888
aberdeenshire_2022_ward8,stv,6,0.8565205628451248,1.0,0.9048697621744055,1.0,0.8783567191958436,1.0,0.9303749043611325,1.0,0.6,0.7166666666666666,0.0,0.66875,1.0,0.8333333333333334
aberdeenshire_2022_ward8,ranked-pairs,6,0.9619546755549916,1.0,0.9928909952606637,1.0,0.9619546755549916,1.0,0.9928909952606637,1.0,0.9,0.9833333333333333,0.0,0.959375,1.0,0.9583333333333334
fife_2022_ward18,borda,6,0.9191404539251381,1.0,0.9684148956911679,1.0,1.0,1.0,1.0,1.0,0.9,0.9666666666666667,0.0,0.9473958333333333,1.0,1.0
fife_2022_ward18,3-approval,6,0.9191404539251381,1.0,0.9684148956911679,1.0,1.0,1.0,1.0,1.0,0.9,0.9333333333333333,0.0,0.9260416666666667,1.0,1.0
fife_2022_ward18,2-approval,6,0.790545616199761,1.0,0.8109417040358746,1.0,0.8591778054888364,1.0,0.9081459081459082,1.0,0.8,0.9,0.0,0.8213541666666667,1.0,0.8888888888888888
fife_2022_ward18,plurality,6,0.790545616199761,1.0,0.8109417040358746,1.0,0.790545616199761,1.0,0.8109417040358746,1.0,0.8,0.95,0.0,0.8807291666666667,1.0,0.9444444444444445
fife_2022_ward18,stv,6,0.790545616199761,1.0,0.8109417040358746,1.0,0.790545616199761,1.0,0.8109417040358746,1.0,0.8,0.95,0.0,0.8859375,1.0,0.9444444444444445
fife_2022_ward18,ranked-pairs,6,1.0,1.0,1.0,1.0,1.0,1.0,1.0,1.0,1.0,1.0,1.0,1.0,1.0,1.0
south_lanarkshire_2012_ward2,borda,6,0.926195385343764,1.0,0.9735930735930739,1.0,1.0,1.0,1.0,1.0,0.9,0.95,0.0,0.9223958333333333,1.0,0.7777777777777777
south_lanarkshire_2012_ward2,3-approval,6,0.9148896611665686,1.0,0.9650862068965518,1.0,0.9148896611665686,1.0,0.9650862068965518,1.0,0.9,0.9833333333333333,0.8333333333333334,0.9932291666666667,1.0,1.0
south_lanarkshire_2012_ward2,2-approval,6,1.0,1.0,1.0,1.0,1.0,1.0,1.0,1.0,1.0,1.0,0.0,0.921875,1.0,1.0
south_lanarkshire_2012_ward2,plurality,6,0.7603706771347266,1.0,0.7619323671497585,1.0,0.7603706771347266,1.0,0.7619323671497585,1.0,0.6,0.8666666666666667,0.0,0.6880208333333333,1.0,0.75
south_lanarkshire_2012_ward2,stv,6,0.7603706771347266,1.0,0.7619323671497585,1.0,0.8694660043267267,1.0,0.9203875315922496,1.0,0.6,0.85,0.0,0.7255208333333334,1.0,0.7777777777777778
south_lanarkshire_2012_ward2,ranked-pairs,6,1.0,1.0,1.0,1.0,1.0,1.0,1.0,1.0,1.0,1.0,1.0,1.0,1.0,1.0
moray_2022_ward7,borda,6,0.9668561683488968,1.0,0.9945985759882152,1.0,1.0,1.0,1.0,1.0,1.0,1.0,1.0,1.0,1.0,1.0
moray_2022_ward7,3-approval,6,0.9668561683488968,1.0,0.9945985759882152,1.0,1.0,1.0,1.0,1.0,1.0,1.0,0.8333333333333334,0.9973958333333334,1.0,1.0
moray_2022_ward7,2-approval,6,1.0,1.0,1.0,1.0,1.0,1.0,1.0,1.0,0.9,0.9666666666666667,0.0,0.9552083333333333,1.0,1.0
moray_2022_ward7,plurality,6,0.8281107313127454,1.0,0.8671569754079523,1.0,1.0,1.0,1.0,1.0,0.6,0.9,0.0,0.8656250000000001,1.0,1.0
moray_2022_ward7,stv,6,0.8281107313127454,1.0,0.8671569754079523,1.0,1.0,1.0,1.0,1.0,0.7,0.9333333333333333,0.0,0.9104166666666667,1.0,1.0
moray_2022_ward7,ranked-pairs,6,1.0,1.0,1.0,1.0,1.0,1.0,1.0,1.0,1.0,1.0,1.0,1.0,1.0,1.0
east_lothian_2017_ward6,borda,6,1.0,1.0,1.0,1.0,1.0,1.0,1.0,1.0,1.0,1.0,0.33333333333333337,0.9869791666666666,1.0,1.0
east_lothian_2017_ward6,3-approval,6,1.0,1.0,1.0,1.0,1.0,1.0,1.0,1.0,0.8,0.8666666666666667,0.0,0.7557291666666667,1.0,0.7222222222222222
east_lothian_2017_ward6,2-approval,6,0.8559706362548098,1.0,0.9041860465116281,1.0,1.0,1.0,1.0,1.0,0.9,0.9666666666666667,0.0,0.8588541666666667,1.0,1.0
east_lothian_2017_ward6,plurality,6,0.7958766820012834,1.0,0.8192860316990077,1.0,0.9141502270142597,1.0,0.9644913627639157,1.0,0.9,0.9666666666666667,0.0,0.8744791666666667,1.0,1.0
east_lothian_2017_ward6,stv,6,0.7958766820012834,1.0,0.8192860316990077,1.0,0.9141502270142597,1.0,0.9644913627639157,1.0,0.8,0.9166666666666666,0.0,0.8567708333333334,1.0,0.9166666666666666
east_lothian_2017_ward6,ranked-pairs,6,1.0,1.0,1.0,1.0,1.0,1.0,1.0,1.0,1.0,1.0,1.0,1.0,1.0,1.0
angus_2012_ward8,borda,6,1.0,1.0,1.0,1.0,1.0,1.0,1.0,1.0,1.0,1.0,1.0,1.0,1.0,1.0
angus_2012_ward8,3-approval,6,1.0,1.0,1.0,1.0,1.0,1.0,1.0,1.0,1.0,1.0,0.8333333333333334,0.9973958333333334,1.0,1.0
angus_2012_ward8,2-approval,6,0.873303978948666,1.0,0.9247679531021008,1.0,1.0,1.0,1.0,1.0,0.8,0.9166666666666666,0.0,0.9036458333333334,1.0,1.0
angus_2012_ward8,plurality,6,1.0,1.0,1.0,1.0,1.0,1.0,1.0,1.0,0.8,0.9166666666666666,0.33333333333333337,0.9088541666666666,1.0,1.0
angus_2012_ward8,stv,6,1.0,1.0,1.0,1.0,1.0,1.0,1.0,1.0,0.8,0.9166666666666666,0.33333333333333337,0.9088541666666666,1.0,1.0
angus_2012_ward8,ranked-pairs,6,1.0,1.0,1.0,1.0,1.0,1.0,1.0,1.0,1.0,1.0,1.0,1.0,1.0,1.0
aberdeenshire_2012_ward14,borda,6,1.0,1.0,1.0,1.0,1.0,1.0,1.0,1.0,0.8,0.9333333333333333,0.0,0.9494791666666667,1.0,0.8472222222222222
aberdeenshire_2012_ward14,3-approval,6,1.0,1.0,1.0,1.0,1.0,1.0,1.0,1.0,0.8,0.9,0.0,0.928125,1.0,0.7916666666666666
aberdeenshire_2012_ward14,2-approval,6,0.899936306016997,1.0,0.9521667061330807,1.0,1.0,1.0,1.0,1.0,0.9,0.9666666666666667,0.0,0.8979166666666667,1.0,1.0
aberdeenshire_2012_ward14,plurality,6,0.904533950551011,1.0,0.9563360227812054,1.0,1.0,1.0,1.0,1.0,0.8,0.8666666666666667,0.0,0.8833333333333333,1.0,0.8472222222222222
aberdeenshire_2012_ward14,stv,6,0.904533950551011,1.0,0.9563360227812054,1.0,0.9465391711599312,1.0,0.9860274632618646,1.0,0.7,0.9,0.0,0.8604166666666666,1.0,0.9444444444444445
aberdeenshire_2012_ward14,ranked-pairs,6,1.0,1.0,1.0,1.0,1.0,1.0,1.0,1.0,1.0,1.0,1.0,1.0,1.0,1.0
stirling_2017_ward5,borda,6,1.0,1.0,1.0,1.0,1.0,1.0,1.0,1.0,1.0,1.0,0.6666666666666667,0.9921875,1.0,1.0
stirling_2017_ward5,3-approval,6,1.0,1.0,1.0,1.0,1.0,1.0,1.0,1.0,0.9,0.9333333333333333,0.0,0.8817708333333334,1.0,1.0
stirling_2017_ward5,2-approval,6,0.871823940649465,1.0,0.9230910089727158,1.0,0.871823940649465,1.0,0.9230910089727158,1.0,0.8,0.9,0.0,0.8187500000000001,1.0,0.8611111111111112
stirling_2017_ward5,plurality,6,0.8749538449134425,1.0,0.9266189689965143,1.0,1.0,1.0,1.0,1.0,0.7,0.9166666666666666,0.0,0.8802083333333334,1.0,0.9166666666666666
stirling_2017_ward5,stv,6,1.0,1.0,1.0,1.0,1.0,1.0,1.0,1.0,0.8,0.9,0.33333333333333337,0.9151041666666667,1.0,0.9166666666666666
stirling_2017_ward5,ranked-pairs,6,1.0,1.0,1.0,1.0,1.0,1.0,1.0,1.0,1.0,1.0,1.0,1.0,1.0,1.0
edinburgh_2017_ward11,borda,6,0.8689963714979755,1.0,0.9198444420438586,1.0,0.8689963714979755,1.0,0.9198444420438586,1.0,0.9,0.95,0.6666666666666667,0.9796875,1.0,0.9444444444444443
edinburgh_2017_ward11,3-approval,6,0.8754131201926231,1.0,0.9271307742355236,1.0,1.0,1.0,1.0,1.0,0.9,0.9666666666666667,0.0,0.9083333333333333,1.0,1.0
edinburgh_2017_ward11,2-approval,6,0.8356765663376431,1.0,0.8776545166402534,1.0,0.8356765663376431,1.0,0.8776545166402534,1.0,0.7,0.8833333333333333,0.0,0.746875,1.0,0.8333333333333334
edinburgh_2017_ward11,plurality,6,0.7699194666313183,1.0,0.7777333199959988,1.0,0.9127144099277069,1.0,0.963323022536456,1.0,0.9,0.95,0.0,0.8052083333333333,1.0,0.9444444444444443
edinburgh_2017_ward11,stv,6,0.7699194666313183,1.0,0.7777333199959988,1.0,0.9127144099277069,1.0,0.963323022536456,1.0,0.9,0.95,0.0,0.8052083333333333,1.0,0.9444444444444443
edinburgh_2017_ward11,ranked-pairs,6,1.0,1.0,1.0,1.0,1.0,1.0,1.0,1.0,1.0,1.0,1.0,1.0,1.0,1.0
north_lanarkshire_2012_ward12,borda,6,0.8749750782415973,1.0,0.9266426642664266,1.0,1.0,1.0,1.0,1.0,1.0,1.0,1.0,1.0,1.0,1.0
north_lanarkshire_2012_ward12,3-approval,6,0.8749750782415973,1.0,0.9266426642664266,1.0,1.0,1.0,1.0,1.0,1.0,1.0,1.0,1.0,1.0,1.0
north_lanarkshire_2012_ward12,2-approval,6,0.8749750782415973,1.0,0.9266426642664266,1.0,0.8749750782415973,1.0,0.9266426642664266,1.0,0.9,0.95,0.0,0.9432291666666667,1.0,0.7777777777777777
north_lanarkshire_2012_ward12,plurality,6,0.9058253340043189,1.0,0.9574759945130314,1.0,1.0,1.0,1.0,1.0,0.4,0.7666666666666666,0.0,0.8583333333333334,1.0,0.8888888888888888
north_lanarkshire_2012_ward12,stv,6,0.7276212919504038,1.0,0.7062574730968512,1.0,0.7276212919504038,1.0,0.7062574730968512,1.0,0.6,0.8333333333333334,0.0,0.8229166666666667,1.0,0.8333333333333334
north_lanarkshire_2012_ward12,ranked-pairs,6,1.0,1.0,1.0,1.0,1.0,1.0,1.0,1.0,1.0,1.0,1.0,1.0,1.0,1.0
inverclyde_2017_ward3,borda,6,1.0,1.0,1.0,1.0,1.0,1.0,1.0,1.0,1.0,1.0,0.0,0.9609375,1.0,1.0
inverclyde_2017_ward3,3-approval,6,1.0,1.0,1.0,1.0,1.0,1.0,1.0,1.0,0.9,0.9666666666666667,0.0,0.95,1.0,1.0
inverclyde_2017_ward3,2-approval,6,0.8244301526320211,1.0,0.8619402985074628,1.0,1.0,1.0,1.0,1.0,0.9,0.95,0.0,0.9015625,1.0,1.0
inverclyde_2017_ward3,plurality,6,0.6477075457052737,1.0,0.5671290238157551,1.0,1.0,1.0,1.0,1.0,0.7,0.8833333333333333,0.0,0.8510416666666667,1.0,0.9166666666666666
inverclyde_2017_ward3,stv,6,0.8192241381996466,1.0,0.8544441003406631,1.0,1.0,1.0,1.0,1.0,0.8,0.9,0.0,0.8760416666666667,1.0,0.9166666666666666
inverclyde_2017_ward3,ranked-pairs,6,1.0,1.0,1.0,1.0,1.0,1.0,1.0,1.0,1.0,1.0,1.0,1.0,1.0,1.0
eilean_siar_2012_ward9,borda,6,0.9500337427481031,1.0,0.9877800407331974,1.0,1.0,1.0,1.0,1.0,0.9,0.9833333333333333,0.0,0.9671875,1.0,1.0
eilean_siar_2012_ward9,3-approval,6,1.0,1.0,1.0,1.0,1.0,1.0,1.0,1.0,0.9,0.9833333333333333,0.0,0.9151041666666666,1.0,1.0
eilean_siar_2012_ward9,2-approval,6,0.9500337427481031,1.0,0.9877800407331974,1.0,1.0,1.0,1.0,1.0,0.9,0.9833333333333333,0.0,0.9515625,1.0,1.0
eilean_siar_2012_ward9,plurality,6,0.8191512453199046,1.0,0.8543381887270426,1.0,1.0,1.0,1.0,1.0,0.9,0.9666666666666667,0.0,0.9291666666666667,1.0,1.0
eilean_siar_2012_ward9,stv,6,0.8191512453199046,1.0,0.8543381887270426,1.0,1.0,1.0,1.0,1.0,0.9,0.95,0.0,0.925,1.0,1.0
eilean_siar_2012_ward9,ranked-pairs,6,1.0,1.0,1.0,1.0,1.0,1.0,1.0,1.0,1.0,1.0,1.0,1.0,1.0,1.0
sc_borders_2022_ward1,borda,6,0.9841307235721675,1.0,0.9987582781456954,1.0,1.0,1.0,1.0,1.0,0.9,0.9833333333333333,0.8333333333333334,0.9932291666666667,1.0,1.0
sc_borders_2022_ward1,3-approval,6,0.8544652480589493,1.0,0.902304510537719,1.0,1.0,1.0,1.0,1.0,0.8,0.8833333333333333,0.0,0.9291666666666667,1.0,1.0
sc_borders_2022_ward1,2-approval,6,0.7903596243894017,1.0,0.8106486689163853,1.0,1.0,1.0,1.0,1.0,0.8,0.8833333333333333,0.0,0.8276041666666667,1.0,1.0
sc_borders_2022_ward1,plurality,6,0.7459594172741206,1.0,0.7376754228139618,1.0,0.7459594172741206,1.0,0.7376754228139618,1.0,0.8,0.8833333333333333,0.0,0.8015625,1.0,0.8333333333333334
sc_borders_2022_ward1,stv,6,0.7459594172741206,1.0,0.7376754228139618,1.0,0.7459594172741206,1.0,0.7376754228139618,1.0,0.7,0.85,0.0,0.7958333333333334,1.0,0.9166666666666666
sc_borders_2022_ward1,ranked-pairs,6,1.0,1.0,1.0,1.0,1.0,1.0,1.0,1.0,1.0,1.0,1.0,1.0,1.0,1.0
east_dunbartonshire_2022_ward5,borda,6,1.0,1.0,1.0,1.0,1.0,1.0,1.0,1.0,1.0,1.0,1.0,1.0,1.0,1.0
east_dunbartonshire_2022_ward5,3-approval,6,1.0,1.0,1.0,1.0,1.0,1.0,1.0,1.0,1.0,1.0,0.8333333333333334,0.9921875,1.0,1.0
east_dunbartonshire_2022_ward5,2-approval,6,1.0,1.0,1.0,1.0,1.0,1.0,1.0,1.0,1.0,1.0,0.6666666666666667,0.9947916666666666,1.0,1.0
east_dunbartonshire_2022_ward5,plurality,6,0.7126402345059454,1.0,0.6802768166089965,1.0,0.7126402345059454,1.0,0.6802768166089965,1.0,0.8,0.95,0.0,0.8677083333333333,1.0,0.8333333333333334
east_dunbartonshire_2022_ward5,stv,6,0.8035302473233794,1.0,0.8310708898944191,1.0,1.0,1.0,1.0,1.0,0.8,0.9666666666666667,0.0,0.9161458333333333,1.0,0.9166666666666666
east_dunbartonshire_2022_ward5,ranked-pairs,6,1.0,1.0,1.0,1.0,1.0,1.0,1.0,1.0,1.0,1.0,1.0,1.0,1.0,1.0
north_lanarkshire_2022_ward10,borda,6,0.8430229981869933,1.0,0.887542413960252,1.0,1.0,1.0,1.0,1.0,0.9,0.9833333333333333,0.8333333333333334,0.9932291666666667,1.0,1.0
north_lanarkshire_2022_ward10,3-approval,6,0.8430229981869933,1.0,0.887542413960252,1.0,1.0,1.0,1.0,1.0,0.9,0.9666666666666667,0.8333333333333334,0.9864583333333333,1.0,1.0
north_lanarkshire_2022_ward10,2-approval,6,1.0,1.0,1.0,1.0,1.0,1.0,1.0,1.0,0.9,0.9666666666666667,0.0,0.95,1.0,1.0
north_lanarkshire_2022_ward10,plurality,6,0.8430229981869933,1.0,0.887542413960252,1.0,1.0,1.0,1.0,1.0,0.9,0.95,0.0,0.9067708333333333,1.0,0.9166666666666666
north_lanarkshire_2022_ward10,stv,6,0.8430229981869933,1.0,0.887542413960252,1.0,1.0,1.0,1.0,1.0,0.9,0.95,0.0,0.9223958333333333,1.0,0.9166666666666666
north_lanarkshire_2022_ward10,ranked-pairs,6,1.0,1.0,1.0,1.0,1.0,1.0,1.0,1.0,1.0,1.0,1.0,1.0,1.0,1.0
east_ayrshire_2022_ward8,borda,6,1.0,1.0,1.0,1.0,1.0,1.0,1.0,1.0,1.0,1.0,1.0,1.0,1.0,1.0
east_ayrshire_2022_ward8,3-approval,6,1.0,1.0,1.0,1.0,1.0,1.0,1.0,1.0,1.0,1.0,1.0,1.0,1.0,1.0
east_ayrshire_2022_ward8,2-approval,6,1.0,1.0,1.0,1.0,1.0,1.0,1.0,1.0,1.0,1.0,1.0,1.0,1.0,1.0
east_ayrshire_2022_ward8,plurality,6,0.6303383929594853,1.0,0.5373518804739824,1.0,0.6303383929594853,1.0,0.5373518804739824,1.0,0.7,0.9,0.0,0.8083333333333333,1.0,0.9444444444444443
east_ayrshire_2022_ward8,stv,6,0.7694094798953051,1.0,0.7768955934894799,1.0,0.7694094798953051,1.0,0.7768955934894799,1.0,0.7,0.9166666666666666,0.0,0.8828125,1.0,0.9444444444444443
east_ayrshire_2022_ward8,ranked-pairs,6,1.0,1.0,1.0,1.0,1.0,1.0,1.0,1.0,1.0,1.0,1.0,1.0,1.0,1.0
edinburgh_2022_ward14,borda,6,0.9263358590100349,1.0,0.9736917357735201,1.0,1.0,1.0,1.0,1.0,0.9,0.95,0.0,0.9432291666666667,1.0,1.0
edinburgh_2022_ward14,3-approval,6,1.0,1.0,1.0,1.0,1.0,1.0,1.0,1.0,0.8,0.9166666666666666,0.0,0.8385416666666667,1.0,1.0
edinburgh_2022_ward14,2-approval,6,0.7786469512636255,1.0,0.7919515361315449,1.0,1.0,1.0,1.0,1.0,0.9,0.9333333333333333,0.0,0.853125,1.0,1.0
edinburgh_2022_ward14,plurality,6,0.6527263624148171,1.0,0.5757990867579909,1.0,0.6527263624148171,0.9748690052705018,0.5757990867579909,0.9968898050703412,0.7,0.9,0.0,0.6755208333333333,1.0,0.8888888888888888
edinburgh_2022_ward14,stv,6,0.6527263624148171,1.0,0.5757990867579909,1.0,0.6527263624148171,0.9748690052705018,0.5757990867579909,0.9968898050703412,0.6,0.85,0.0,0.6708333333333333,1.0,0.8888888888888888
edinburgh_2022_ward14,ranked-pairs,6,1.0,1.0,1.0,1.0,1.0,1.0,1.0,1.0,1.0,1.0,1.0,1.0,1.0,1.0
perth_kinross_2017_ward3,borda,6,1.0,1.0,1.0,1.0,1.0,1.0,1.0,1.0,1.0,1.0,0.8333333333333334,0.9973958333333334,1.0,1.0
perth_kinross_2017_ward3,3-approval,6,1.0,1.0,1.0,1.0,1.0,1.0,1.0,1.0,0.9,0.9666666666666667,0.8333333333333334,0.9942708333333333,1.0,1.0
perth_kinross_2017_ward3,2-approval,6,1.0,1.0,1.0,1.0,1.0,1.0,1.0,1.0,0.9,0.9666666666666667,0.6666666666666667,0.9838541666666667,1.0,1.0
perth_kinross_2017_ward3,plurality,6,0.7506068227892804,1.0,0.7455460883036407,1.0,1.0,1.0,1.0,1.0,0.8,0.9333333333333333,0.0,0.9052083333333333,1.0,0.9166666666666666
perth_kinross_2017_ward3,stv,6,1.0,1.0,1.0,1.0,1.0,1.0,1.0,1.0,0.8,0.9333333333333333,0.6666666666666667,0.9520833333333333,1.0,0.9166666666666666
perth_kinross_2017_ward3,ranked-pairs,6,1.0,1.0,1.0,1.0,1.0,1.0,1.0,1.0,1.0,1.0,1.0,1.0,1.0,1.0
north_lanarkshire_2022_ward16,borda,6,1.0,1.0,1.0,1.0,1.0,1.0,1.0,1.0,0.8,0.95,0.0,0.9145833333333333,1.0,0.861111111111111
north_lanarkshire_2022_ward16,3-approval,6,1.0,1.0,1.0,1.0,1.0,1.0,1.0,1.0,0.8,0.9333333333333333,0.0,0.8739583333333334,1.0,0.75
north_lanarkshire_2022_ward16,2-approval,6,1.0,1.0,1.0,1.0,1.0,1.0,1.0,1.0,0.9,0.9833333333333333,0.0,0.8994791666666667,1.0,1.0
north_lanarkshire_2022_ward16,plurality,6,0.6100134447156055,1.0,0.5030686992674718,1.0,1.0,1.0,1.0,1.0,0.7,0.9166666666666666,0.0,0.8723958333333334,1.0,0.9166666666666666
north_lanarkshire_2022_ward16,stv,6,0.9164549005433321,1.0,0.9663299663299663,1.0,0.9164549005433321,1.0,0.9663299663299663,1.0,0.8,0.9333333333333333,0.0,0.9026041666666667,1.0,0.9166666666666666
north_lanarkshire_2022_ward16,ranked-pairs,6,1.0,1.0,1.0,1.0,1.0,1.0,1.0,1.0,1.0,1.0,1.0,1.0,1.0,1.0
south_ayrshire_2022_ward7,borda,6,1.0,1.0,1.0,1.0,1.0,1.0,1.0,1.0,0.9,0.9833333333333333,0.0,0.959375,1.0,1.0
south_ayrshire_2022_ward7,3-approval,6,1.0,1.0,1.0,1.0,1.0,1.0,1.0,1.0,0.8,0.9166666666666666,0.0,0.9296875,1.0,1.0
south_ayrshire_2022_ward7,2-approval,6,0.9038174854465979,1.0,0.9556976478648093,1.0,1.0,1.0,1.0,1.0,0.8,0.95,0.0,0.8442708333333333,1.0,1.0
south_ayrshire_2022_ward7,plurality,6,0.9038174854465979,1.0,0.9556976478648093,1.0,1.0,1.0,1.0,1.0,0.8,0.9333333333333333,0.0,0.9026041666666667,1.0,0.9166666666666666
south_ayrshire_2022_ward7,stv,6,0.900379817380108,1.0,0.9525763793889647,1.0,1.0,1.0,1.0,1.0,0.8,0.9166666666666666,0.0,0.8723958333333334,1.0,0.9166666666666666
south_ayrshire_2022_ward7,ranked-pairs,6,1.0,1.0,1.0,1.0,1.0,1.0,1.0,1.0,1.0,1.0,1.0,1.0,1.0,1.0
midlothian_2017_ward5,borda,6,1.0,1.0,1.0,1.0,1.0,1.0,1.0,1.0,0.9,0.9833333333333333,0.0,0.9005208333333333,1.0,1.0
midlothian_2017_ward5,3-approval,6,0.8826130970096623,1.0,0.9349537829510443,1.0,1.0,1.0,1.0,1.0,1.0,1.0,0.8333333333333334,0.9869791666666666,1.0,1.0
midlothian_2017_ward5,2-approval,6,0.8826130970096623,1.0,0.9349537829510443,1.0,1.0,1.0,1.0,1.0,1.0,1.0,0.0,0.9453125,1.0,1.0
midlothian_2017_ward5,plurality,6,0.7914786535815846,1.0,0.8124098124098126,1.0,1.0,1.0,1.0,1.0,0.8,0.9333333333333333,0.0,0.884375,1.0,0.8888888888888888
midlothian_2017_ward5,stv,6,0.7542846387818731,1.0,0.7517433751743375,1.0,0.7542846387818731,1.0,0.7517433751743375,1.0,0.8,0.9,0.0,0.8005208333333333,1.0,0.8333333333333334
midlothian_2017_ward5,ranked-pairs,6,1.0,1.0,1.0,1.0,1.0,1.0,1.0,1.0,1.0,1.0,1.0,1.0,1.0,1.0
eilean_siar_2017_ward8,borda,6,1.0,1.0,1.0,1.0,1.0,1.0,1.0,1.0,0.9,0.9666666666666667,0.0,0.9473958333333333,1.0,1.0
eilean_siar_2017_ward8,3-approval,6,1.0,1.0,1.0,1.0,1.0,1.0,1.0,1.0,0.9,0.95,0.0,0.9458333333333333,1.0,1.0
eilean_siar_2017_ward8,2-approval,6,1.0,1.0,1.0,1.0,1.0,1.0,1.0,1.0,0.9,0.9333333333333333,0.0,0.9572916666666667,1.0,1.0
eilean_siar_2017_ward8,plurality,6,0.864747413353336,1.0,0.9148618371919344,1.0,1.0,1.0,1.0,1.0,0.7,0.9,0.0,0.88125,1.0,1.0
eilean_siar_2017_ward8,stv,6,0.873443224457461,1.0,0.9249249249249248,1.0,1.0,1.0,1.0,1.0,0.8,0.9333333333333333,0.0,0.9286458333333334,1.0,1.0
eilean_siar_2017_ward8,ranked-pairs,6,1.0,1.0,1.0,1.0,1.0,1.0,1.0,1.0,1.0,1.0,1.0,1.0,1.0,1.0
orkney_2022_ward3,borda,6,1.0,1.0,1.0,1.0,1.0,1.0,1.0,1.0,1.0,1.0,1.0,1.0,1.0,1.0
orkney_2022_ward3,3-approval,6,0.8690153718887822,1.0,0.9198664440734556,1.0,1.0,1.0,1.0,1.0,1.0,1.0,1.0,1.0,1.0,1.0
orkney_2022_ward3,2-approval,6,0.8570700230718026,1.0,0.9055509527754765,1.0,1.0,1.0,1.0,1.0,0.9,0.9833333333333333,0.0,0.9072916666666666,1.0,1.0
orkney_2022_ward3,plurality,6,0.6760159948972497,1.0,0.6163035839775123,1.0,0.7441147999336013,1.0,0.7345399698340876,1.0,0.8,0.9333333333333333,0.0,0.8817708333333334,1.0,0.8333333333333334
orkney_2022_ward3,stv,6,0.7441147999336013,1.0,0.7345399698340876,1.0,0.7441147999336013,1.0,0.7345399698340876,1.0,0.9,0.9666666666666667,0.0,0.9213541666666667,1.0,0.8333333333333334
orkney_2022_ward3,ranked-pairs,6,1.0,1.0,1.0,1.0,1.0,1.0,1.0,1.0,1.0,1.0,1.0,1.0,1.0,1.0
aberdeen_2017_ward10,borda,6,1.0,1.0,1.0,1.0,1.0,1.0,1.0,1.0,1.0,1.0,1.0,1.0,1.0,1.0
aberdeen_2017_ward10,3-approval,6,0.8655350963147387,1.0,0.9157948456238835,1.0,1.0,1.0,1.0,1.0,1.0,1.0,0.6666666666666667,0.9609375,1.0,1.0
aberdeen_2017_ward10,2-approval,6,0.8655350963147387,1.0,0.9157948456238835,1.0,1.0,1.0,1.0,1.0,0.9,0.95,0.0,0.9171875,1.0,1.0
aberdeen_2017_ward10,plurality,6,1.0,1.0,1.0,1.0,1.0,1.0,1.0,1.0,0.8,0.9166666666666666,0.33333333333333337,0.9453125,1.0,0.9583333333333334
aberdeen_2017_ward10,stv,6,0.6594677410524412,1.0,0.5874828205941431,1.0,0.6594677410524412,1.0,0.5874828205941431,1.0,0.7,0.8833333333333333,0.0,0.8953125,1.0,0.8333333333333334
aberdeen_2017_ward10,ranked-pairs,6,1.0,1.0,1.0,1.0,1.0,1.0,1.0,1.0,1.0,1.0,1.0,1.0,1.0,1.0
south_ayrshire_2022_ward6,borda,6,1.0,1.0,1.0,1.0,1.0,1.0,1.0,1.0,1.0,1.0,1.0,1.0,1.0,1.0
south_ayrshire_2022_ward6,3-approval,6,1.0,1.0,1.0,1.0,1.0,1.0,1.0,1.0,1.0,1.0,0.8333333333333334,0.9921875,1.0,1.0
south_ayrshire_2022_ward6,2-approval,6,0.8327738475199811,1.0,0.8736637512147717,1.0,0.8327738475199811,1.0,0.8736637512147717,1.0,0.8,0.8333333333333334,0.0,0.828125,1.0,0.6388888888888888
south_ayrshire_2022_ward6,plurality,6,0.9589633026185368,1.0,0.9917355371900827,1.0,1.0,1.0,1.0,1.0,0.9,0.9666666666666667,0.0,0.934375,1.0,0.9166666666666666
south_ayrshire_2022_ward6,stv,6,0.9589633026185368,1.0,0.9917355371900827,1.0,1.0,1.0,1.0,1.0,0.9,0.9666666666666667,0.0,0.934375,1.0,0.9166666666666666
south_ayrshire_2022_ward6,ranked-pairs,6,1.0,1.0,1.0,1.0,1.0,1.0,1.0,1.0,1.0,1.0,1.0,1.0,1.0,1.0
sc_borders_2012_ward4,borda,6,1.0,1.0,1.0,1.0,1.0,1.0,1.0,1.0,1.0,1.0,1.0,1.0,1.0,1.0
sc_borders_2012_ward4,3-approval,6,1.0,1.0,1.0,1.0,1.0,1.0,1.0,1.0,1.0,1.0,1.0,1.0,1.0,1.0
sc_borders_2012_ward4,2-approval,6,0.8873358875122924,1.0,0.9398762157382846,1.0,1.0,1.0,1.0,1.0,0.9,0.9333333333333333,0.0,0.9416666666666667,1.0,1.0
sc_borders_2012_ward4,plurality,6,0.7814059546304448,1.0,0.7963973799126637,1.0,0.8204186356468659,1.0,0.8561759729272418,1.0,0.8,0.9166666666666666,0.0,0.8046875,1.0,1.0
sc_borders_2012_ward4,stv,6,0.8566779837617919,1.0,0.9050651230101301,1.0,1.0,1.0,1.0,1.0,0.9,0.9833333333333333,0.0,0.9046875,1.0,1.0
sc_borders_2012_ward4,ranked-pairs,6,1.0,1.0,1.0,1.0,1.0,1.0,1.0,1.0,1.0,1.0,1.0,1.0,1.0,1.0
sc_borders_2022_ward10,borda,6,1.0,1.0,1.0,1.0,1.0,1.0,1.0,1.0,1.0,1.0,0.8333333333333334,0.9973958333333334,1.0,1.0
sc_borders_2022_ward10,3-approval,6,1.0,1.0,1.0,1.0,1.0,1.0,1.0,1.0,1.0,1.0,0.8333333333333334,0.9921875,1.0,1.0
sc_borders_2022_ward10,2-approval,6,0.836916538189602,1.0,0.8793450158000574,1.0,0.8514031321437971,1.0,0.8984329657574,1.0,0.8,0.9333333333333333,0.0,0.8869791666666667,1.0,0.9166666666666666
sc_borders_2022_ward10,plurality,6,0.7926182478514867,1.0,0.8141985579589572,1.0,0.8514031321437971,1.0,0.8984329657574,1.0,0.8,0.9,0.0,0.8890625,1.0,1.0
sc_borders_2022_ward10,stv,6,0.836916538189602,1.0,0.8793450158000574,1.0,0.8514031321437971,1.0,0.8984329657574,1.0,0.8,0.9166666666666666,0.0,0.8984375,1.0,1.0
sc_borders_2022_ward10,ranked-pairs,6,1.0,1.0,1.0,1.0,1.0,1.0,1.0,1.0,1.0,1.0,1.0,1.0,1.0,1.0
north_ayrshire_2017_ward2,borda,6,0.9018360018141421,1.0,0.9539102721255207,1.0,1.0,1.0,1.0,1.0,0.9,0.9833333333333333,0.0,0.9229166666666666,1.0,1.0
north_ayrshire_2017_ward2,3-approval,6,1.0,1.0,1.0,1.0,1.0,1.0,1.0,1.0,0.7,0.9166666666666666,0.0,0.859375,1.0,1.0
north_ayrshire_2017_ward2,2-approval,6,0.8448624633902391,1.0,0.8899691723974387,1.0,0.8448624633902391,1.0,0.8899691723974387,1.0,0.8,0.9,0.0,0.8187500000000001,1.0,0.7222222222222222
north_ayrshire_2017_ward2,plurality,6,0.7869216174688848,1.0,0.8052095130237824,1.0,0.7929146616411336,1.0,0.8146630236794169,1.0,0.7,0.9333333333333333,0.0,0.821875,1.0,0.8333333333333334
north_ayrshire_2017_ward2,stv,6,0.7869216174688848,1.0,0.8052095130237824,1.0,0.7929146616411336,1.0,0.8146630236794169,1.0,0.7,0.95,0.0,0.8390625,1.0,0.8333333333333334
north_ayrshire_2017_ward2,ranked-pairs,6,1.0,1.0,1.0,1.0,1.0,1.0,1.0,1.0,1.0,1.0,1.0,1.0,1.0,1.0
aberdeenshire_2022_ward15,borda,6,1.0,1.0,1.0,1.0,1.0,1.0,1.0,1.0,1.0,1.0,1.0,1.0,1.0,1.0
aberdeenshire_2022_ward15,3-approval,6,1.0,1.0,1.0,1.0,1.0,1.0,1.0,1.0,1.0,1.0,1.0,1.0,1.0,1.0
aberdeenshire_2022_ward15,2-approval,6,0.8229181906530224,1.0,0.859777180176719,1.0,0.8229181906530224,1.0,0.859777180176719,1.0,0.8,0.9166666666666666,0.0,0.8932291666666666,1.0,0.7222222222222222
aberdeenshire_2022_ward15,plurality,6,0.7511081310580976,1.0,0.7463924963924964,1.0,0.7511081310580976,1.0,0.7463924963924964,1.0,0.7,0.8833333333333333,0.0,0.7989583333333333,1.0,0.8333333333333334
aberdeenshire_2022_ward15,stv,6,0.7511081310580976,1.0,0.7463924963924964,1.0,0.7511081310580976,1.0,0.7463924963924964,1.0,0.7,0.8666666666666667,0.0,0.7973958333333333,1.0,0.8333333333333334
aberdeenshire_2022_ward15,ranked-pairs,6,1.0,1.0,1.0,1.0,1.0,1.0,1.0,1.0,1.0,1.0,1.0,1.0,1.0,1.0
sc_borders_2012_ward1,borda,6,1.0,1.0,1.0,1.0,1.0,1.0,1.0,1.0,1.0,1.0,1.0,1.0,1.0,1.0
sc_borders_2012_ward1,3-approval,6,1.0,1.0,1.0,1.0,1.0,1.0,1.0,1.0,0.9,0.95,0.0,0.9432291666666667,1.0,1.0
sc_borders_2012_ward1,2-approval,6,1.0,1.0,1.0,1.0,1.0,1.0,1.0,1.0,1.0,1.0,0.0,0.9609375,1.0,1.0
sc_borders_2012_ward1,plurality,6,0.6407585054817093,1.0,0.5551701712551484,1.0,0.759247718008788,1.0,0.7600588812561334,1.0,0.7,0.8333333333333334,0.0,0.7942708333333334,1.0,0.9166666666666666
sc_borders_2012_ward1,stv,6,0.759247718008788,1.0,0.7600588812561334,1.0,0.759247718008788,1.0,0.7600588812561334,1.0,0.8,0.9166666666666666,0.0,0.859375,1.0,0.9166666666666666
sc_borders_2012_ward1,ranked-pairs,6,1.0,1.0,1.0,1.0,1.0,1.0,1.0,1.0,1.0,1.0,1.0,1.0,1.0,1.0
moray_2022_ward8,borda,6,1.0,1.0,1.0,1.0,1.0,1.0,1.0,1.0,1.0,1.0,0.6666666666666667,0.984375,1.0,1.0
moray_2022_ward8,3-approval,6,1.0,1.0,1.0,1.0,1.0,1.0,1.0,1.0,0.8,0.9,0.6666666666666667,0.9541666666666667,1.0,1.0
moray_2022_ward8,2-approval,6,0.8559161524609119,1.0,0.9041182018233263,1.0,0.8559161524609119,1.0,0.9041182018233263,1.0,0.9,0.9666666666666667,0.0,0.9031250000000001,1.0,0.8888888888888888
moray_2022_ward8,plurality,6,1.0,1.0,1.0,1.0,1.0,1.0,1.0,1.0,0.7,0.9166666666666666,0.33333333333333337,0.9036458333333334,1.0,0.9444444444444443
moray_2022_ward8,stv,6,0.8559161524609119,1.0,0.9041182018233263,1.0,0.8559161524609119,1.0,0.9041182018233263,1.0,0.8,0.9166666666666666,0.0,0.8880208333333334,1.0,0.7777777777777777
moray_2022_ward8,ranked-pairs,6,1.0,1.0,1.0,1.0,1.0,1.0,1.0,1.0,1.0,1.0,1.0,1.0,1.0,1.0
highland_2012_ward17,borda,6,1.0,1.0,1.0,1.0,1.0,1.0,1.0,1.0,1.0,1.0,1.0,1.0,1.0,1.0
highland_2012_ward17,3-approval,6,1.0,1.0,1.0,1.0,1.0,1.0,1.0,1.0,1.0,1.0,1.0,1.0,1.0,1.0
highland_2012_ward17,2-approval,6,1.0,1.0,1.0,1.0,1.0,1.0,1.0,1.0,1.0,1.0,1.0,1.0,1.0,1.0
highland_2012_ward17,plurality,6,0.7495542879412125,1.0,0.7437673130193906,1.0,1.0,1.0,1.0,1.0,0.9,0.9666666666666667,0.0,0.9447916666666667,1.0,1.0
highland_2012_ward17,stv,6,1.0,1.0,1.0,1.0,1.0,1.0,1.0,1.0,1.0,1.0,1.0,1.0,1.0,1.0
highland_2012_ward17,ranked-pairs,6,1.0,1.0,1.0,1.0,1.0,1.0,1.0,1.0,1.0,1.0,1.0,1.0,1.0,1.0
eilean_siar_2012_ward2,borda,6,1.0,1.0,1.0,1.0,1.0,1.0,1.0,1.0,1.0,1.0,1.0,1.0,1.0,1.0
eilean_siar_2012_ward2,3-approval,6,1.0,1.0,1.0,1.0,1.0,1.0,1.0,1.0,1.0,1.0,0.0,0.9505208333333334,1.0,1.0
eilean_siar_2012_ward2,2-approval,6,1.0,1.0,1.0,1.0,1.0,1.0,1.0,1.0,1.0,1.0,0.0,0.9739583333333334,1.0,1.0
eilean_siar_2012_ward2,plurality,6,0.8496007538711865,1.0,0.8961267605633804,1.0,1.0,1.0,1.0,1.0,0.9,0.9666666666666667,0.0,0.9552083333333333,1.0,1.0
eilean_siar_2012_ward2,stv,6,1.0,1.0,1.0,1.0,1.0,1.0,1.0,1.0,1.0,1.0,0.6666666666666667,0.9921875,1.0,1.0
eilean_siar_2012_ward2,ranked-pairs,6,1.0,1.0,1.0,1.0,1.0,1.0,1.0,1.0,1.0,1.0,1.0,1.0,1.0,1.0
orkney_2022_ward4,borda,6,1.0,1.0,1.0,1.0,1.0,1.0,1.0,1.0,1.0,1.0,1.0,1.0,1.0,1.0
orkney_2022_ward4,3-approval,6,0.8324931763644022,1.0,0.8732754215636176,1.0,1.0,1.0,1.0,1.0,0.9,0.9833333333333333,0.9,0.9984375,1.0,1.0
orkney_2022_ward4,2-approval,6,1.0,1.0,1.0,1.0,1.0,1.0,1.0,1.0,1.0,1.0,0.0,0.96875,1.0,1.0
orkney_2022_ward4,plurality,6,1.0,1.0,1.0,1.0,1.0,1.0,1.0,1.0,1.0,1.0,1.0,1.0,1.0,1.0
orkney_2022_ward4,stv,6,1.0,1.0,1.0,1.0,1.0,1.0,1.0,1.0,1.0,1.0,1.0,1.0,1.0,1.0
orkney_2022_ward4,ranked-pairs,6,1.0,1.0,1.0,1.0,1.0,1.0,1.0,1.0,1.0,1.0,1.0,1.0,1.0,1.0
north_ayrshire_2022_arran,borda,6,1.0,1.0,1.0,1.0,1.0,1.0,1.0,1.0,1.0,1.0,0.0,0.9609375,1.0,1.0
north_ayrshire_2022_arran,3-approval,6,0.8502780226241948,1.0,0.8969957081545067,1.0,1.0,1.0,1.0,1.0,0.8,0.9,0.6666666666666667,0.9489583333333333,0.0,0.16666666666666666
north_ayrshire_2022_arran,2-approval,6,0.907465632325811,1.0,0.9589041095890413,1.0,1.0,1.0,1.0,1.0,0.8,0.95,0.0,0.815625,1.0,1.0
north_ayrshire_2022_arran,plurality,6,0.7632459059039569,1.0,0.7667151162790699,1.0,1.0,1.0,1.0,1.0,0.7,0.8833333333333333,0.0,0.8484375,1.0,1.0
north_ayrshire_2022_arran,stv,6,0.8508568796401047,1.0,0.8977361436377831,1.0,1.0,1.0,1.0,1.0,0.7,0.9,0.0,0.8708333333333333,1.0,1.0
north_ayrshire_2022_arran,ranked-pairs,6,1.0,1.0,1.0,1.0,1.0,1.0,1.0,1.0,1.0,1.0,1.0,1.0,1.0,1.0
south_lanarkshire_2012_ward9,borda,6,0.9755292700730859,1.0,0.9970507689066781,1.0,1.0,1.0,1.0,1.0,0.8,0.9666666666666667,0.6666666666666667,0.9838541666666667,1.0,0.9166666666666666
south_lanarkshire_2012_ward9,3-approval,6,0.9755292700730859,1.0,0.9970507689066781,1.0,1.0,1.0,1.0,1.0,1.0,1.0,0.8333333333333334,0.9973958333333334,1.0,1.0
south_lanarkshire_2012_ward9,2-approval,6,0.9755292700730859,1.0,0.9970507689066781,1.0,1.0,1.0,1.0,1.0,1.0,1.0,0.6666666666666667,0.9713541666666666,1.0,1.0
south_lanarkshire_2012_ward9,plurality,6,0.7911713325510112,1.0,0.8119266055045871,1.0,0.8417239401478238,1.0,0.8858165904117764,1.0,0.6,0.8333333333333334,0.0,0.7395833333333333,1.0,0.75
south_lanarkshire_2012_ward9,stv,6,0.7911713325510112,1.0,0.8119266055045871,1.0,0.8417239401478238,1.0,0.8858165904117764,1.0,0.7,0.8666666666666667,0.0,0.7479166666666666,1.0,0.75
south_lanarkshire_2012_ward9,ranked-pairs,6,1.0,1.0,1.0,1.0,1.0,1.0,1.0,1.0,1.0,1.0,1.0,1.0,1.0,1.0
inverclyde_2017_ward2,borda,6,0.8910617480163874,1.0,0.9436397155649195,1.0,0.8910617480163874,1.0,0.9436397155649195,1.0,0.9,0.9833333333333333,0.9,0.9984375,1.0,0.9166666666666666
inverclyde_2017_ward2,3-approval,6,0.8910617480163874,1.0,0.9436397155649195,1.0,0.8910617480163874,1.0,0.9436397155649195,1.0,1.0,1.0,0.8333333333333334,0.9921875,1.0,1.0
inverclyde_2017_ward2,2-approval,6,0.9146030956404002,1.0,0.9648562300319486,1.0,1.0,1.0,1.0,1.0,0.9,0.9833333333333333,0.0,0.9072916666666666,1.0,1.0
inverclyde_2017_ward2,plurality,6,0.7369395529397248,1.0,0.7222870478413068,1.0,0.7369395529397248,1.0,0.7222870478413068,1.0,0.8,0.9333333333333333,0.0,0.8453125,1.0,0.8333333333333334
inverclyde_2017_ward2,stv,6,0.7500946787343717,1.0,0.7446808510638296,1.0,0.8910617480163874,1.0,0.9436397155649195,1.0,0.8,0.95,0.0,0.8989583333333333,1.0,0.9166666666666666
inverclyde_2017_ward2,ranked-pairs,6,1.0,1.0,1.0,1.0,1.0,1.0,1.0,1.0,1.0,1.0,1.0,1.0,1.0,1.0
north_lanarkshire_2012_ward14,borda,6,1.0,1.0,1.0,1.0,1.0,1.0,1.0,1.0,1.0,1.0,1.0,1.0,1.0,1.0
north_lanarkshire_2012_ward14,3-approval,6,1.0,1.0,1.0,1.0,1.0,1.0,1.0,1.0,1.0,1.0,1.0,1.0,1.0,1.0
north_lanarkshire_2012_ward14,2-approval,6,1.0,1.0,1.0,1.0,1.0,1.0,1.0,1.0,1.0,1.0,1.0,1.0,1.0,1.0
north_lanarkshire_2012_ward14,plurality,6,0.8281056048733485,1.0,0.8671497584541062,1.0,1.0,1.0,1.0,1.0,0.9,0.9666666666666667,0.0,0.934375,1.0,1.0
north_lanarkshire_2012_ward14,stv,6,0.8281056048733485,1.0,0.8671497584541062,1.0,1.0,1.0,1.0,1.0,0.9,0.9666666666666667,0.0,0.934375,1.0,1.0
north_lanarkshire_2012_ward14,ranked-pairs,6,1.0,1.0,1.0,1.0,1.0,1.0,1.0,1.0,1.0,1.0,1.0,1.0,1.0,1.0
aberdeenshire_2012_ward7,borda,6,1.0,1.0,1.0,1.0,1.0,1.0,1.0,1.0,1.0,1.0,1.0,1.0,1.0,1.0
aberdeenshire_2012_ward7,3-approval,6,1.0,1.0,1.0,1.0,1.0,1.0,1.0,1.0,1.0,1.0,1.0,1.0,1.0,1.0
aberdeenshire_2012_ward7,2-approval,6,1.0,1.0,1.0,1.0,1.0,1.0,1.0,1.0,0.9,0.9833333333333333,0.8333333333333334,0.9958333333333333,1.0,0.9444444444444443
aberdeenshire_2012_ward7,plurality,6,0.7235971631070383,1.0,0.6993006993006994,1.0,0.8192325047702181,1.0,0.8544562551103844,1.0,0.7,0.95,0.0,0.8494791666666667,1.0,0.9166666666666666
aberdeenshire_2012_ward7,stv,6,0.8192325047702181,1.0,0.8544562551103844,1.0,0.8192325047702181,1.0,0.8544562551103844,1.0,0.8,0.95,0.0,0.89375,1.0,0.9166666666666666
aberdeenshire_2012_ward7,ranked-pairs,6,1.0,1.0,1.0,1.0,1.0,1.0,1.0,1.0,1.0,1.0,1.0,1.0,1.0,1.0
dumgal_2012_ward6,borda,6,0.9173198422850064,1.0,0.9670082479380157,1.0,1.0,1.0,1.0,1.0,0.9,0.9666666666666667,0.0,0.9630208333333333,1.0,1.0
dumgal_2012_ward6,3-approval,6,1.0,1.0,1.0,1.0,1.0,1.0,1.0,1.0,1.0,1.0,0.8333333333333334,0.9947916666666666,1.0,1.0
dumgal_2012_ward6,2-approval,6,0.9173198422850064,1.0,0.9670082479380157,1.0,1.0,1.0,1.0,1.0,0.9,0.9666666666666667,0.0,0.9526041666666667,1.0,1.0
dumgal_2012_ward6,plurality,6,0.7509778738741287,1.0,0.7461726203683159,1.0,1.0,1.0,1.0,1.0,0.7,0.8333333333333334,0.0,0.8072916666666667,1.0,0.9444444444444443
dumgal_2012_ward6,stv,6,0.7509778738741287,1.0,0.7461726203683159,1.0,1.0,1.0,1.0,1.0,0.7,0.8333333333333334,0.0,0.8072916666666667,1.0,0.9444444444444443
dumgal_2012_ward6,ranked-pairs,6,1.0,1.0,1.0,1.0,1.0,1.0,1.0,1.0,1.0,1.0,1.0,1.0,1.0,1.0
south_lanarkshire_2012_ward4,borda,6,0.9626271227340476,1.0,0.993138936535163,1.0,0.9626271227340476,1.0,0.993138936535163,1.0,0.9,0.9833333333333333,0.6666666666666667,0.9880208333333333,1.0,0.9166666666666666
south_lanarkshire_2012_ward4,3-approval,6,0.9626271227340476,1.0,0.993138936535163,1.0,0.9626271227340476,1.0,0.993138936535163,1.0,1.0,1.0,0.8333333333333334,0.9817708333333334,1.0,1.0
south_lanarkshire_2012_ward4,2-approval,6,0.9626271227340476,1.0,0.993138936535163,1.0,0.9626271227340476,1.0,0.993138936535163,1.0,1.0,1.0,0.6666666666666667,0.9661458333333334,1.0,1.0
south_lanarkshire_2012_ward4,plurality,6,0.6441740791319668,1.0,0.5610411418975652,1.0,0.9626271227340476,1.0,0.993138936535163,1.0,0.7,0.9333333333333333,0.0,0.8895833333333334,1.0,0.9166666666666666
south_lanarkshire_2012_ward4,stv,6,0.9626271227340476,1.0,0.993138936535163,1.0,0.9626271227340476,1.0,0.993138936535163,1.0,0.8,0.95,0.0,0.9354166666666667,1.0,0.9166666666666666
south_lanarkshire_2012_ward4,ranked-pairs,6,1.0,1.0,1.0,1.0,1.0,1.0,1.0,1.0,1.0,1.0,1.0,1.0,1.0,1.0
east_dunbartonshire_2017_ward2,borda,6,1.0,1.0,1.0,1.0,1.0,1.0,1.0,1.0,1.0,1.0,1.0,1.0,1.0,1.0
east_dunbartonshire_2017_ward2,3-approval,6,1.0,1.0,1.0,1.0,1.0,1.0,1.0,1.0,0.9,0.95,0.6666666666666667,0.9614583333333333,1.0,1.0
east_dunbartonshire_2017_ward2,2-approval,6,1.0,1.0,1.0,1.0,1.0,1.0,1.0,1.0,1.0,1.0,0.6666666666666667,0.9583333333333334,1.0,1.0
east_dunbartonshire_2017_ward2,plurality,6,0.6677911107373153,1.0,0.6019583285893203,1.0,0.6677911107373153,1.0,0.6019583285893203,1.0,0.9,0.9333333333333333,0.0,0.8635416666666667,1.0,0.7777777777777777
east_dunbartonshire_2017_ward2,stv,6,0.8951802738181653,1.0,0.9476744186046513,1.0,1.0,1.0,1.0,1.0,0.8,0.95,0.0,0.9510416666666667,1.0,1.0
east_dunbartonshire_2017_ward2,ranked-pairs,6,1.0,1.0,1.0,1.0,1.0,1.0,1.0,1.0,1.0,1.0,1.0,1.0,1.0,1.0
midlothian_2017_ward1,borda,6,0.8748515984209562,1.0,0.926504822081809,1.0,0.8748515984209562,1.0,0.926504822081809,1.0,0.9,0.9833333333333333,0.6666666666666667,0.975,1.0,0.9166666666666666
midlothian_2017_ward1,3-approval,6,1.0,1.0,1.0,1.0,1.0,1.0,1.0,1.0,0.9,0.95,0.0,0.89375,1.0,1.0
midlothian_2017_ward1,2-approval,6,0.8875091431349814,1.0,0.9400535833891495,1.0,1.0,1.0,1.0,1.0,0.8,0.95,0.0,0.8859375,1.0,0.9444444444444443
midlothian_2017_ward1,plurality,6,0.7928523345559644,1.0,0.8145653876272513,1.0,0.8748515984209562,1.0,0.926504822081809,1.0,0.7,0.8833333333333333,0.0,0.7911458333333333,1.0,0.9166666666666666
midlothian_2017_ward1,stv,6,0.7928523345559644,1.0,0.8145653876272513,1.0,0.8748515984209562,1.0,0.926504822081809,1.0,0.6,0.8333333333333334,0.0,0.7864583333333333,1.0,0.9166666666666666
midlothian_2017_ward1,ranked-pairs,6,1.0,1.0,1.0,1.0,1.0,1.0,1.0,1.0,1.0,1.0,1.0,1.0,1.0,1.0
inverclyde_2012_ward4,borda,6,1.0,1.0,1.0,1.0,1.0,1.0,1.0,1.0,1.0,1.0,1.0,1.0,1.0,1.0
inverclyde_2012_ward4,3-approval,6,1.0,1.0,1.0,1.0,1.0,1.0,1.0,1.0,1.0,1.0,1.0,1.0,1.0,1.0
inverclyde_2012_ward4,2-approval,6,1.0,1.0,1.0,1.0,1.0,1.0,1.0,1.0,1.0,1.0,1.0,1.0,1.0,1.0
inverclyde_2012_ward4,plurality,6,0.7382059585919941,1.0,0.7244558258642765,1.0,1.0,1.0,1.0,1.0,0.8,0.9166666666666666,0.0,0.9010416666666666,1.0,1.0
inverclyde_2012_ward4,stv,6,0.7382059585919941,1.0,0.7244558258642765,1.0,1.0,1.0,1.0,1.0,0.9,0.9833333333333333,0.0,0.959375,1.0,1.0
inverclyde_2012_ward4,ranked-pairs,6,1.0,1.0,1.0,1.0,1.0,1.0,1.0,1.0,1.0,1.0,1.0,1.0,1.0,1.0
falkirk_2022_ward1,borda,6,1.0,1.0,1.0,1.0,1.0,1.0,1.0,1.0,1.0,1.0,1.0,1.0,1.0,1.0
falkirk_2022_ward1,3-approval,6,1.0,1.0,1.0,1.0,1.0,1.0,1.0,1.0,1.0,1.0,0.8333333333333334,0.9973958333333334,1.0,1.0
falkirk_2022_ward1,2-approval,6,0.8872563126194096,1.0,0.9397946754828607,1.0,1.0,1.0,1.0,1.0,0.9,0.9333333333333333,0.0,0.9416666666666667,1.0,1.0
falkirk_2022_ward1,plurality,6,0.8872563126194096,1.0,0.9397946754828607,1.0,1.0,1.0,1.0,1.0,0.8,0.95,0.0,0.9432291666666667,1.0,1.0
falkirk_2022_ward1,stv,6,0.8872563126194096,1.0,0.9397946754828607,1.0,1.0,1.0,1.0,1.0,0.8,0.9666666666666667,0.0,0.95,1.0,1.0
falkirk_2022_ward1,ranked-pairs,6,1.0,1.0,1.0,1.0,1.0,1.0,1.0,1.0,1.0,1.0,1.0,1.0,1.0,1.0
south_lanarkshire_2022_ward13,borda,6,1.0,1.0,1.0,1.0,1.0,1.0,1.0,1.0,0.9,0.9666666666666667,0.0,0.9578125,1.0,0.861111111111111
south_lanarkshire_2022_ward13,3-approval,6,1.0,1.0,1.0,1.0,1.0,1.0,1.0,1.0,0.9,0.9833333333333333,0.0,0.9072916666666666,1.0,0.9166666666666666
south_lanarkshire_2022_ward13,2-approval,6,0.7744938349615297,1.0,0.7852140077821013,1.0,1.0,1.0,1.0,1.0,0.9,0.9666666666666667,0.0,0.9057291666666667,1.0,1.0
south_lanarkshire_2022_ward13,plurality,6,0.6945487432762546,1.0,0.6486991519333047,1.0,1.0,1.0,1.0,1.0,0.7,0.8333333333333334,0.0,0.8359375,1.0,0.8055555555555555
south_lanarkshire_2022_ward13,stv,6,0.7744938349615297,1.0,0.7852140077821013,1.0,0.862340852457818,1.0,0.9119853308884814,1.0,0.8,0.95,0.0,0.8677083333333333,1.0,0.9166666666666666
south_lanarkshire_2022_ward13,ranked-pairs,6,1.0,1.0,1.0,1.0,1.0,1.0,1.0,1.0,1.0,1.0,1.0,1.0,1.0,1.0
perth_kinross_2017_ward4,borda,6,0.9240983872539441,1.0,0.9720995117414555,1.0,0.9240983872539441,1.0,0.9720995117414555,1.0,0.9,0.95,0.0,0.9536458333333333,1.0,0.9166666666666666
perth_kinross_2017_ward4,3-approval,6,0.9240983872539441,1.0,0.9720995117414555,1.0,0.9240983872539441,1.0,0.9720995117414555,1.0,0.8,0.9,0.0,0.9307291666666666,1.0,1.0
perth_kinross_2017_ward4,2-approval,6,0.9373039517297179,1.0,0.9808500700607192,1.0,1.0,1.0,1.0,1.0,0.9,0.9666666666666667,0.0,0.9161458333333333,1.0,1.0
perth_kinross_2017_ward4,plurality,6,1.0,1.0,1.0,1.0,1.0,1.0,1.0,1.0,0.7,0.95,0.33333333333333337,0.9432291666666667,1.0,0.9166666666666666
perth_kinross_2017_ward4,stv,6,0.9240983872539441,1.0,0.9720995117414555,1.0,0.9240983872539441,1.0,0.9720995117414555,1.0,0.9,0.9666666666666667,0.0,0.9057291666666667,1.0,0.9166666666666666
perth_kinross_2017_ward4,ranked-pairs,6,1.0,1.0,1.0,1.0,1.0,1.0,1.0,1.0,1.0,1.0,1.0,1.0,1.0,1.0
eilean_siar_2022_ward7,borda,6,0.8556448367295935,1.0,0.9037800687285222,1.0,0.8556448367295935,1.0,0.9037800687285222,1.0,0.9,0.9666666666666667,0.0,0.903125,1.0,0.9444444444444443
eilean_siar_2022_ward7,3-approval,6,0.8556448367295935,1.0,0.9037800687285222,1.0,0.8556448367295935,1.0,0.9037800687285222,1.0,0.9,0.9333333333333333,0.0,0.9,1.0,1.0
eilean_siar_2022_ward7,2-approval,6,0.8746562322029139,1.0,0.9262865090403336,1.0,1.0,1.0,1.0,1.0,0.9,0.95,0.0,0.8572916666666667,1.0,1.0
eilean_siar_2022_ward7,plurality,6,1.0,1.0,1.0,1.0,1.0,1.0,1.0,1.0,0.9,0.9666666666666667,0.6666666666666667,0.965625,1.0,1.0
eilean_siar_2022_ward7,stv,6,0.8746562322029139,1.0,0.9262865090403336,1.0,1.0,1.0,1.0,1.0,0.9,0.9333333333333333,0.0,0.93125,1.0,1.0
eilean_siar_2022_ward7,ranked-pairs,6,1.0,1.0,1.0,1.0,1.0,1.0,1.0,1.0,1.0,1.0,1.0,1.0,1.0,1.0
north_lanarkshire_2022_ward18,borda,6,0.8590101670224731,1.0,0.9079405831652301,1.0,1.0,1.0,1.0,1.0,0.9,0.9833333333333333,0.0,0.9567708333333333,1.0,1.0
north_lanarkshire_2022_ward18,3-approval,6,0.8590101670224731,1.0,0.9079405831652301,1.0,1.0,1.0,1.0,1.0,0.8,0.9333333333333333,0.0,0.9260416666666667,1.0,1.0
north_lanarkshire_2022_ward18,2-approval,6,0.8727767588377686,1.0,0.9241723691511006,1.0,1.0,1.0,1.0,1.0,0.8,0.95,0.0,0.8859375,1.0,1.0
north_lanarkshire_2022_ward18,plurality,6,0.5849576489706405,1.0,0.46185190389208935,1.0,0.5849576489706405,1.0,0.46185190389208935,1.0,0.8,0.9166666666666666,0.0,0.8619791666666667,1.0,0.9444444444444443
north_lanarkshire_2022_ward18,stv,6,0.8727767588377686,1.0,0.9241723691511006,1.0,1.0,1.0,1.0,1.0,0.9,0.9333333333333333,0.0,0.9130208333333334,1.0,1.0
north_lanarkshire_2022_ward18,ranked-pairs,6,1.0,1.0,1.0,1.0,1.0,1.0,1.0,1.0,1.0,1.0,1.0,1.0,1.0,1.0
fife_2012_ward7,borda,6,1.0,1.0,1.0,1.0,1.0,1.0,1.0,1.0,0.9,0.9833333333333333,0.0,0.959375,1.0,1.0
fife_2012_ward7,3-approval,6,0.8437429992060923,1.0,0.8884946781550936,1.0,1.0,1.0,1.0,1.0,1.0,1.0,1.0,1.0,1.0,1.0
fife_2012_ward7,2-approval,6,0.8437429992060923,1.0,0.8884946781550936,1.0,1.0,1.0,1.0,1.0,0.9,0.9666666666666667,0.8333333333333334,0.9942708333333333,1.0,1.0
fife_2012_ward7,plurality,6,0.7201062550911249,1.0,0.6932515337423313,1.0,0.7201062550911249,1.0,0.6932515337423313,1.0,0.9,0.9833333333333333,0.0,0.959375,1.0,0.9166666666666666
fife_2012_ward7,stv,6,0.7201062550911249,1.0,0.6932515337423313,1.0,0.7201062550911249,1.0,0.6932515337423313,1.0,0.9,0.9666666666666667,0.0,0.9526041666666667,1.0,0.8333333333333334
fife_2012_ward7,ranked-pairs,6,1.0,1.0,1.0,1.0,1.0,1.0,1.0,1.0,1.0,1.0,1.0,1.0,1.0,1.0
perth_kinross_2022_ward6,borda,6,1.0,1.0,1.0,1.0,1.0,1.0,1.0,1.0,1.0,1.0,0.6666666666666667,0.9765625,1.0,1.0
perth_kinross_2022_ward6,3-approval,6,1.0,1.0,1.0,1.0,1.0,1.0,1.0,1.0,0.8,0.9666666666666667,0.0,0.8901041666666667,1.0,1.0
perth_kinross_2022_ward6,2-approval,6,0.910854255108326,1.0,0.9617834394904456,1.0,1.0,1.0,1.0,1.0,0.8,0.9166666666666666,0.0,0.8880208333333334,1.0,1.0
perth_kinross_2022_ward6,plurality,6,0.7279705197086751,1.0,0.7068603095738581,1.0,1.0,1.0,1.0,1.0,0.7,0.9,0.0,0.8734375000000001,1.0,1.0
perth_kinross_2022_ward6,stv,6,0.7279705197086751,1.0,0.7068603095738581,1.0,1.0,1.0,1.0,1.0,0.8,0.9166666666666666,0.0,0.8541666666666667,1.0,1.0
perth_kinross_2022_ward6,ranked-pairs,6,1.0,1.0,1.0,1.0,1.0,1.0,1.0,1.0,1.0,1.0,1.0,1.0,1.0,1.0
aberdeen_2012_ward11,borda,6,1.0,1.0,1.0,1.0,1.0,1.0,1.0,1.0,0.9,0.9666666666666667,0.6666666666666667,0.9838541666666667,1.0,1.0
aberdeen_2012_ward11,3-approval,6,1.0,1.0,1.0,1.0,1.0,1.0,1.0,1.0,1.0,1.0,0.8333333333333334,0.9947916666666666,1.0,1.0
aberdeen_2012_ward11,2-approval,6,0.9739512471147422,1.0,0.9966590102317812,1.0,1.0,1.0,1.0,1.0,0.9,0.9833333333333333,0.0,0.9567708333333333,1.0,1.0
aberdeen_2012_ward11,plurality,6,0.9739512471147422,1.0,0.9966590102317812,1.0,1.0,1.0,1.0,1.0,0.8,0.9666666666666667,0.0,0.9604166666666667,1.0,1.0
aberdeen_2012_ward11,stv,6,0.9739512471147422,1.0,0.9966590102317812,1.0,1.0,1.0,1.0,1.0,0.9,0.9833333333333333,0.0,0.959375,1.0,1.0
aberdeen_2012_ward11,ranked-pairs,6,1.0,1.0,1.0,1.0,1.0,1.0,1.0,1.0,1.0,1.0,1.0,1.0,1.0,1.0
edinburgh_2017_ward9,borda,6,0.8900724044747228,1.0,0.9426508071367887,1.0,1.0,1.0,1.0,1.0,0.9,0.95,0.0,0.9041666666666667,1.0,1.0
edinburgh_2017_ward9,3-approval,6,0.8813558673127153,1.0,0.9336152219873153,1.0,1.0,1.0,1.0,1.0,0.9,0.9333333333333333,0.8333333333333334,0.978125,1.0,0.7222222222222222
edinburgh_2017_ward9,2-approval,6,0.8703699737713022,1.0,0.9214285714285717,1.0,0.8703699737713022,1.0,0.9214285714285717,1.0,0.8,0.9333333333333333,0.0,0.8322916666666667,1.0,0.7777777777777777
edinburgh_2017_ward9,plurality,6,0.7438959833152992,1.0,0.7341676147136899,1.0,0.8703699737713022,1.0,0.9214285714285717,1.0,0.9,0.9833333333333333,0.0,0.9151041666666666,1.0,1.0
edinburgh_2017_ward9,stv,6,0.7438959833152992,1.0,0.7341676147136899,1.0,0.8703699737713022,1.0,0.9214285714285717,1.0,0.9,0.9833333333333333,0.0,0.9151041666666666,1.0,0.9166666666666666
edinburgh_2017_ward9,ranked-pairs,6,1.0,1.0,1.0,1.0,1.0,1.0,1.0,1.0,1.0,1.0,1.0,1.0,1.0,1.0
east_lothian_2017_ward4,borda,6,1.0,1.0,1.0,1.0,1.0,1.0,1.0,1.0,1.0,1.0,0.0,0.9557291666666666,1.0,1.0
east_lothian_2017_ward4,3-approval,6,0.8778533166822564,1.0,0.9298245614035088,1.0,1.0,1.0,1.0,1.0,1.0,1.0,0.8333333333333334,0.984375,1.0,1.0
east_lothian_2017_ward4,2-approval,6,0.8190607829111101,1.0,0.8542067129971905,1.0,1.0,1.0,1.0,1.0,0.8,0.9333333333333333,0.0,0.8322916666666667,1.0,1.0
east_lothian_2017_ward4,plurality,6,0.8305140656859249,1.0,0.8705250596658711,1.0,1.0,1.0,1.0,1.0,0.8,0.95,0.0,0.9067708333333333,1.0,1.0
east_lothian_2017_ward4,stv,6,0.8305140656859249,1.0,0.8705250596658711,1.0,1.0,1.0,1.0,1.0,0.8,0.95,0.0,0.9145833333333333,1.0,1.0
east_lothian_2017_ward4,ranked-pairs,6,1.0,1.0,1.0,1.0,1.0,1.0,1.0,1.0,1.0,1.0,1.0,1.0,1.0,1.0
falkirk_2012_ward5,borda,6,1.0,1.0,1.0,1.0,1.0,1.0,1.0,1.0,1.0,1.0,1.0,1.0,1.0,1.0
falkirk_2012_ward5,3-approval,6,1.0,1.0,1.0,1.0,1.0,1.0,1.0,1.0,1.0,1.0,1.0,1.0,1.0,1.0
falkirk_2012_ward5,2-approval,6,1.0,1.0,1.0,1.0,1.0,1.0,1.0,1.0,1.0,1.0,0.6666666666666667,0.9947916666666666,1.0,1.0
falkirk_2012_ward5,plurality,6,0.6652330936924108,1.0,0.5975044563279858,1.0,1.0,1.0,1.0,1.0,0.8,0.9666666666666667,0.0,0.8875,1.0,0.9166666666666666
falkirk_2012_ward5,stv,6,0.8152261860513644,1.0,0.8485973597359737,1.0,1.0,1.0,1.0,1.0,0.9,0.9833333333333333,0.0,0.9151041666666666,1.0,0.9166666666666666
falkirk_2012_ward5,ranked-pairs,6,1.0,1.0,1.0,1.0,1.0,1.0,1.0,1.0,1.0,1.0,1.0,1.0,1.0,1.0
falkirk_2022_ward7,borda,6,1.0,1.0,1.0,1.0,1.0,1.0,1.0,1.0,0.9,0.9833333333333333,0.0,0.94375,1.0,1.0
falkirk_2022_ward7,3-approval,6,1.0,1.0,1.0,1.0,1.0,1.0,1.0,1.0,0.8,0.9166666666666666,0.0,0.9270833333333334,1.0,1.0
falkirk_2022_ward7,2-approval,6,0.98178009893054,1.0,0.9983636066110292,1.0,1.0,1.0,1.0,1.0,0.8,0.9166666666666666,0.0,0.9036458333333334,1.0,1.0
falkirk_2022_ward7,plurality,6,0.8034080101598265,1.0,0.8308845577211394,1.0,0.8150532036231458,1.0,0.8483426668684728,1.0,0.8,0.9333333333333333,0.0,0.8713541666666667,1.0,0.9166666666666666
falkirk_2022_ward7,stv,6,0.8034080101598265,1.0,0.8308845577211394,1.0,0.8150532036231458,1.0,0.8483426668684728,1.0,0.8,0.9333333333333333,0.0,0.8921875,1.0,0.9166666666666666
falkirk_2022_ward7,ranked-pairs,6,1.0,1.0,1.0,1.0,1.0,1.0,1.0,1.0,1.0,1.0,1.0,1.0,1.0,1.0
sc_borders_2012_ward2,borda,6,1.0,1.0,1.0,1.0,1.0,1.0,1.0,1.0,0.9,0.9833333333333333,0.0,0.9541666666666667,1.0,1.0
sc_borders_2012_ward2,3-approval,6,0.9429751763484653,1.0,0.9841227838052394,1.0,1.0,1.0,1.0,1.0,0.8,0.9333333333333333,0.6666666666666667,0.9546875,1.0,1.0
sc_borders_2012_ward2,2-approval,6,0.8826262663000097,1.0,0.9349677419354838,1.0,1.0,1.0,1.0,1.0,0.8,0.9166666666666666,0.0,0.8515625,1.0,1.0
sc_borders_2012_ward2,plurality,6,0.8826262663000097,1.0,0.9349677419354838,1.0,1.0,1.0,1.0,1.0,0.9,0.9833333333333333,0.0,0.959375,1.0,1.0
sc_borders_2012_ward2,stv,6,0.8826262663000097,1.0,0.9349677419354838,1.0,1.0,1.0,1.0,1.0,0.9,0.9666666666666667,0.0,0.9578125,1.0,1.0
sc_borders_2012_ward2,ranked-pairs,6,1.0,1.0,1.0,1.0,1.0,1.0,1.0,1.0,1.0,1.0,1.0,1.0,1.0,1.0
east_ayrshire_2022_ward7,borda,6,0.9408444259613513,1.0,0.9829278702518138,1.0,1.0,1.0,1.0,1.0,0.9,0.9833333333333333,0.6666666666666667,0.9880208333333333,1.0,1.0
east_ayrshire_2022_ward7,3-approval,6,0.9408444259613513,1.0,0.9829278702518138,1.0,1.0,1.0,1.0,1.0,0.9,0.9833333333333333,0.8333333333333334,0.990625,1.0,1.0
east_ayrshire_2022_ward7,2-approval,6,0.8258718065142269,1.0,0.8639919759277834,1.0,1.0,1.0,1.0,1.0,0.8,0.9166666666666666,0.0,0.8515625,1.0,1.0
east_ayrshire_2022_ward7,plurality,6,0.6937060031616417,1.0,0.6472256692075873,1.0,0.6937060031616417,1.0,0.6472256692075873,1.0,0.6,0.8666666666666667,0.0,0.7635416666666667,1.0,0.8888888888888888
east_ayrshire_2022_ward7,stv,6,0.6937060031616417,1.0,0.6472256692075873,1.0,0.6937060031616417,1.0,0.6472256692075873,1.0,0.8,0.9,0.0,0.8161458333333333,1.0,0.8888888888888888
east_ayrshire_2022_ward7,ranked-pairs,6,1.0,1.0,1.0,1.0,1.0,1.0,1.0,1.0,1.0,1.0,1.0,1.0,1.0,1.0
sc_borders_2017_ward6,borda,6,1.0,1.0,1.0,1.0,1.0,1.0,1.0,1.0,1.0,1.0,1.0,1.0,1.0,1.0
sc_borders_2017_ward6,3-approval,6,1.0,1.0,1.0,1.0,1.0,1.0,1.0,1.0,1.0,1.0,1.0,1.0,1.0,1.0
sc_borders_2017_ward6,2-approval,6,0.8286786102751864,1.0,0.8679555738379268,1.0,0.8286786102751864,1.0,0.8679555738379268,1.0,0.9,0.9666666666666667,0.0,0.9447916666666667,1.0,0.8333333333333334
sc_borders_2017_ward6,plurality,6,0.8286786102751864,1.0,0.8679555738379268,1.0,0.8286786102751864,1.0,0.8679555738379268,1.0,0.9,0.9833333333333333,0.0,0.9567708333333333,1.0,1.0
sc_borders_2017_ward6,stv,6,0.8286786102751864,1.0,0.8679555738379268,1.0,0.8286786102751864,1.0,0.8679555738379268,1.0,0.9,0.95,0.0,0.9536458333333333,1.0,1.0
sc_borders_2017_ward6,ranked-pairs,6,1.0,1.0,1.0,1.0,1.0,1.0,1.0,1.0,1.0,1.0,1.0,1.0,1.0,1.0
highland_2017_ward15,borda,6,1.0,1.0,1.0,1.0,1.0,1.0,1.0,1.0,0.8,0.95,0.0,0.9041666666666667,1.0,0.9166666666666666
highland_2017_ward15,3-approval,6,0.8938764131247497,1.0,0.9464114832535888,1.0,1.0,1.0,1.0,1.0,0.9,0.9333333333333333,0.0,0.9052083333333333,1.0,0.7222222222222222
highland_2017_ward15,2-approval,6,0.8088111064528153,1.0,0.8390596745027126,1.0,0.8088111064528153,1.0,0.8390596745027126,1.0,0.7,0.8833333333333333,0.0,0.7807291666666667,1.0,0.7222222222222222
highland_2017_ward15,plurality,6,0.8088111064528153,1.0,0.8390596745027126,1.0,0.8088111064528153,1.0,0.8390596745027126,1.0,1.0,1.0,0.0,0.9088541666666666,1.0,1.0
highland_2017_ward15,stv,6,0.8088111064528153,1.0,0.8390596745027126,1.0,0.8088111064528153,1.0,0.8390596745027126,1.0,0.7,0.95,0.0,0.8833333333333333,1.0,0.9166666666666666
highland_2017_ward15,ranked-pairs,6,1.0,1.0,1.0,1.0,1.0,1.0,1.0,1.0,1.0,1.0,1.0,1.0,1.0,1.0
falkirk_2017_ward2,borda,6,0.9591875657966608,1.0,0.991825128843078,1.0,0.9591875657966608,1.0,0.991825128843078,1.0,1.0,1.0,1.0,1.0,1.0,1.0
falkirk_2017_ward2,3-approval,6,0.9591875657966608,1.0,0.991825128843078,1.0,0.9591875657966608,1.0,0.991825128843078,1.0,0.9,0.95,0.0,0.8651041666666667,1.0,1.0
falkirk_2017_ward2,2-approval,6,1.0,1.0,1.0,1.0,1.0,1.0,1.0,1.0,0.9,0.9666666666666667,0.0,0.8692708333333333,1.0,1.0
falkirk_2017_ward2,plurality,6,0.760403516666833,1.0,0.7619871089451346,1.0,0.760403516666833,1.0,0.7619871089451346,1.0,0.6,0.9,0.0,0.8265625000000001,1.0,0.8333333333333334
falkirk_2017_ward2,stv,6,0.7800039019060689,1.0,0.7941411877701297,1.0,0.9591875657966608,1.0,0.991825128843078,1.0,0.7,0.9333333333333333,0.0,0.8791666666666667,1.0,0.9166666666666666
falkirk_2017_ward2,ranked-pairs,6,1.0,1.0,1.0,1.0,1.0,1.0,1.0,1.0,1.0,1.0,1.0,1.0,1.0,1.0
angus_2012_ward7,borda,6,0.9097514363924266,1.0,0.960856916159746,1.0,0.9594764220920553,1.0,0.9919398173025255,1.0,0.9,0.9666666666666667,0.8333333333333334,0.9916666666666667,1.0,1.0
angus_2012_ward7,3-approval,6,0.9097514363924266,1.0,0.960856916159746,1.0,0.9594764220920553,1.0,0.9919398173025255,1.0,0.9,0.95,0.6666666666666667,0.9666666666666667,1.0,0.8333333333333334
angus_2012_ward7,2-approval,6,0.9594764220920553,1.0,0.9919398173025255,1.0,0.9594764220920553,1.0,0.9919398173025255,1.0,0.9,0.9833333333333333,0.0,0.88125,1.0,1.0
angus_2012_ward7,plurality,6,0.9097514363924266,1.0,0.960856916159746,1.0,0.9594764220920553,1.0,0.9919398173025255,1.0,0.9,0.9666666666666667,0.0,0.8901041666666667,1.0,1.0
angus_2012_ward7,stv,6,0.9097514363924266,1.0,0.960856916159746,1.0,0.9594764220920553,1.0,0.9919398173025255,1.0,0.8,0.95,0.0,0.8885416666666667,1.0,1.0
angus_2012_ward7,ranked-pairs,6,1.0,1.0,1.0,1.0,1.0,1.0,1.0,1.0,1.0,1.0,1.0,1.0,1.0,1.0
south_lanarkshire_2012_ward20,borda,6,0.9518347137985499,1.0,0.9886385154326833,1.0,1.0,1.0,1.0,1.0,0.9,0.9833333333333333,0.6666666666666667,0.9880208333333333,1.0,1.0
south_lanarkshire_2012_ward20,3-approval,6,0.9518347137985499,1.0,0.9886385154326833,1.0,1.0,1.0,1.0,1.0,1.0,1.0,0.8333333333333334,0.984375,1.0,1.0
south_lanarkshire_2012_ward20,2-approval,6,0.9518347137985499,1.0,0.9886385154326833,1.0,1.0,1.0,1.0,1.0,1.0,1.0,0.6666666666666667,0.9739583333333334,1.0,1.0
south_lanarkshire_2012_ward20,plurality,6,0.8102157909968231,1.0,0.8411640953716691,1.0,1.0,1.0,1.0,1.0,0.8,0.9666666666666667,0.0,0.903125,1.0,1.0
south_lanarkshire_2012_ward20,stv,6,0.8419630977590669,1.0,0.8861350574712643,1.0,1.0,1.0,1.0,1.0,0.9,0.9666666666666667,0.0,0.9291666666666667,1.0,1.0
south_lanarkshire_2012_ward20,ranked-pairs,6,1.0,1.0,1.0,1.0,1.0,1.0,1.0,1.0,1.0,1.0,1.0,1.0,1.0,1.0
aberdeenshire_2012_ward6,borda,6,0.9221593640475652,1.0,0.970684039087948,1.0,0.9221593640475652,1.0,0.970684039087948,1.0,1.0,1.0,0.6666666666666667,0.9895833333333334,1.0,1.0
aberdeenshire_2012_ward6,3-approval,6,0.9221593640475652,1.0,0.970684039087948,1.0,0.9221593640475652,1.0,0.970684039087948,1.0,0.9,0.9833333333333333,0.8333333333333334,0.9958333333333333,1.0,0.9444444444444443
aberdeenshire_2012_ward6,2-approval,6,0.9221593640475652,1.0,0.970684039087948,1.0,0.9221593640475652,1.0,0.970684039087948,1.0,0.9,0.9666666666666667,0.6666666666666667,0.9864583333333333,1.0,0.9166666666666666
aberdeenshire_2012_ward6,plurality,6,0.7272791710758834,1.0,0.7056667606427968,1.0,1.0,1.0,1.0,1.0,0.9,0.9666666666666667,0.0,0.8979166666666667,1.0,0.9444444444444445
aberdeenshire_2012_ward6,stv,6,0.7272791710758834,1.0,0.7056667606427968,1.0,0.9221593640475652,1.0,0.970684039087948,1.0,0.9,0.95,0.0,0.89375,1.0,0.9166666666666666
aberdeenshire_2012_ward6,ranked-pairs,6,1.0,1.0,1.0,1.0,1.0,1.0,1.0,1.0,1.0,1.0,1.0,1.0,1.0,1.0
east_dunbartonshire_2022_ward2,borda,6,1.0,1.0,1.0,1.0,1.0,1.0,1.0,1.0,1.0,1.0,0.0,0.9791666666666666,1.0,1.0
east_dunbartonshire_2022_ward2,3-approval,6,0.8813802813937439,1.0,0.9336413271734564,1.0,1.0,1.0,1.0,1.0,1.0,1.0,0.8333333333333334,0.9921875,1.0,1.0
east_dunbartonshire_2022_ward2,2-approval,6,0.8098509357102802,1.0,0.8406183368869936,1.0,0.8421395752614242,1.0,0.8863698443048346,1.0,0.9,0.9333333333333333,0.0,0.8375,1.0,0.9444444444444445
east_dunbartonshire_2022_ward2,plurality,6,0.735509851666716,1.0,0.7198356369069855,1.0,0.735509851666716,1.0,0.7198356369069855,1.0,0.7,0.9166666666666666,0.0,0.7994791666666667,1.0,0.8333333333333334
east_dunbartonshire_2022_ward2,stv,6,0.735509851666716,1.0,0.7198356369069855,1.0,0.8098509357102802,1.0,0.8406183368869936,1.0,0.8,0.9166666666666666,0.0,0.8463541666666667,1.0,1.0
east_dunbartonshire_2022_ward2,ranked-pairs,6,1.0,1.0,1.0,1.0,1.0,1.0,1.0,1.0,1.0,1.0,1.0,1.0,1.0,1.0
aberdeen_2022_ward7,borda,6,0.8492645537588529,1.0,0.8956943602183138,1.0,1.0,1.0,1.0,1.0,0.9,0.95,0.0,0.89375,1.0,1.0
aberdeen_2022_ward7,3-approval,6,1.0,1.0,1.0,1.0,1.0,1.0,1.0,1.0,0.8,0.9333333333333333,0.0,0.853125,1.0,1.0
aberdeen_2022_ward7,2-approval,6,0.8492645537588529,1.0,0.8956943602183138,1.0,1.0,1.0,1.0,1.0,0.8,0.9333333333333333,0.0,0.8244791666666667,1.0,1.0
aberdeen_2022_ward7,plurality,6,0.744420560247638,1.0,0.7350601295097132,1.0,0.7911059779127825,1.0,0.811823802163833,1.0,0.7,0.8666666666666667,0.0,0.7921875,1.0,0.9166666666666666
aberdeen_2022_ward7,stv,6,0.744420560247638,1.0,0.7350601295097132,1.0,0.7911059779127825,1.0,0.811823802163833,1.0,0.7,0.9,0.0,0.8057291666666666,1.0,0.9166666666666666
aberdeen_2022_ward7,ranked-pairs,6,1.0,1.0,1.0,1.0,1.0,1.0,1.0,1.0,1.0,1.0,1.0,1.0,1.0,1.0
south_ayrshire_2012_ward2,borda,6,0.9489977600317336,1.0,0.9872724058688351,1.0,1.0,1.0,1.0,1.0,0.9,0.95,0.0,0.9302083333333333,1.0,1.0
south_ayrshire_2012_ward2,3-approval,6,1.0,1.0,1.0,1.0,1.0,1.0,1.0,1.0,0.8,0.95,0.0,0.940625,1.0,1.0
south_ayrshire_2012_ward2,2-approval,6,0.8965945675443338,1.0,0.9490291262135921,1.0,0.8965945675443338,1.0,0.9490291262135921,1.0,0.9,0.95,0.0,0.8885416666666667,1.0,0.8333333333333334
south_ayrshire_2012_ward2,plurality,6,0.8913976216168089,1.0,0.9439737160643265,1.0,1.0,1.0,1.0,1.0,0.7,0.8666666666666667,0.0,0.7479166666666666,1.0,0.9444444444444443
south_ayrshire_2012_ward2,stv,6,0.8913976216168089,1.0,0.9439737160643265,1.0,1.0,1.0,1.0,1.0,0.7,0.8666666666666667,0.0,0.7531249999999999,1.0,0.9444444444444443
south_ayrshire_2012_ward2,ranked-pairs,6,1.0,1.0,1.0,1.0,1.0,1.0,1.0,1.0,1.0,1.0,1.0,1.0,1.0,1.0
dumgal_2012_ward3,borda,6,1.0,1.0,1.0,1.0,1.0,1.0,1.0,1.0,0.9,0.9833333333333333,0.6666666666666667,0.9880208333333333,1.0,1.0
dumgal_2012_ward3,3-approval,6,1.0,1.0,1.0,1.0,1.0,1.0,1.0,1.0,1.0,1.0,0.8333333333333334,0.9973958333333334,1.0,1.0
dumgal_2012_ward3,2-approval,6,0.913858401155354,1.0,0.964255319148936,1.0,1.0,1.0,1.0,1.0,0.7,0.9,0.0,0.9307291666666666,1.0,1.0
dumgal_2012_ward3,plurality,6,0.913858401155354,1.0,0.964255319148936,1.0,1.0,1.0,1.0,1.0,0.8,0.9333333333333333,0.0,0.9208333333333334,1.0,1.0
dumgal_2012_ward3,stv,6,0.913858401155354,1.0,0.964255319148936,1.0,1.0,1.0,1.0,1.0,0.9,0.95,0.0,0.9328125,1.0,1.0
dumgal_2012_ward3,ranked-pairs,6,1.0,1.0,1.0,1.0,1.0,1.0,1.0,1.0,1.0,1.0,1.0,1.0,1.0,1.0
south_ayrshire_2017_ward3,borda,6,0.9238829694096409,1.0,0.9719438877755511,1.0,0.9238829694096409,1.0,0.9719438877755511,1.0,1.0,1.0,0.0,0.9791666666666666,1.0,1.0
south_ayrshire_2017_ward3,3-approval,6,0.8441549970070704,1.0,0.889038203110002,1.0,0.9238829694096409,1.0,0.9719438877755511,1.0,0.8,0.9333333333333333,0.0,0.9234375,1.0,0.8333333333333334
south_ayrshire_2017_ward3,2-approval,6,0.9238829694096409,1.0,0.9719438877755511,1.0,0.9238829694096409,1.0,0.9719438877755511,1.0,0.9,0.9833333333333333,0.0,0.8864583333333333,1.0,1.0
south_ayrshire_2017_ward3,plurality,6,0.7524832608154641,1.0,0.7487115692198331,1.0,0.9238829694096409,1.0,0.9719438877755511,1.0,0.8,0.9166666666666666,0.0,0.7708333333333334,1.0,1.0
south_ayrshire_2017_ward3,stv,6,0.7524832608154641,1.0,0.7487115692198331,1.0,0.9238829694096409,1.0,0.9719438877755511,1.0,0.8,0.8833333333333333,0.0,0.7937500000000001,1.0,1.0
south_ayrshire_2017_ward3,ranked-pairs,6,1.0,1.0,1.0,1.0,1.0,1.0,1.0,1.0,1.0,1.0,1.0,1.0,1.0,1.0
north_ayrshire_2022_kilwinning,borda,6,0.8821914637546,1.0,0.9345061835917089,1.0,1.0,1.0,1.0,1.0,1.0,1.0,0.0,0.9505208333333334,1.0,1.0
north_ayrshire_2022_kilwinning,3-approval,6,1.0,1.0,1.0,1.0,1.0,1.0,1.0,1.0,1.0,1.0,1.0,1.0,1.0,1.0
north_ayrshire_2022_kilwinning,2-approval,6,0.8821914637546,1.0,0.9345061835917089,1.0,1.0,1.0,1.0,1.0,1.0,1.0,0.0,0.9583333333333334,1.0,1.0
north_ayrshire_2022_kilwinning,plurality,6,0.5911803010486282,1.0,0.47196819085487085,1.0,0.7439318223683107,1.0,0.7342286071205496,1.0,0.7,0.9,0.0,0.8265625000000001,1.0,0.9444444444444443
north_ayrshire_2022_kilwinning,stv,6,0.7439318223683107,1.0,0.7342286071205496,1.0,0.7439318223683107,1.0,0.7342286071205496,1.0,0.7,0.9166666666666666,0.0,0.8802083333333334,1.0,0.9444444444444443
north_ayrshire_2022_kilwinning,ranked-pairs,6,1.0,1.0,1.0,1.0,1.0,1.0,1.0,1.0,1.0,1.0,1.0,1.0,1.0,1.0
east_renfrewshire_2012_ward6,borda,6,0.9424184204772795,1.0,0.9838146036417141,1.0,0.9424184204772795,1.0,0.9838146036417141,1.0,0.9,0.9833333333333333,0.6666666666666667,0.9854166666666667,1.0,0.9166666666666666
east_renfrewshire_2012_ward6,3-approval,6,0.9424184204772795,1.0,0.9838146036417141,1.0,0.9424184204772795,1.0,0.9838146036417141,1.0,1.0,1.0,0.8333333333333334,0.9973958333333334,1.0,1.0
east_renfrewshire_2012_ward6,2-approval,6,1.0,1.0,1.0,1.0,1.0,1.0,1.0,1.0,1.0,1.0,0.0,0.9583333333333334,1.0,1.0
east_renfrewshire_2012_ward6,plurality,6,0.9424184204772795,1.0,0.9838146036417141,1.0,0.9424184204772795,1.0,0.9838146036417141,1.0,0.9,0.95,0.0,0.9302083333333333,1.0,0.9166666666666666
east_renfrewshire_2012_ward6,stv,6,0.8401321318330335,1.0,0.8836884387006638,1.0,0.9424184204772795,1.0,0.9838146036417141,1.0,0.8,0.95,0.0,0.9015625,1.0,0.9166666666666666
east_renfrewshire_2012_ward6,ranked-pairs,6,1.0,1.0,1.0,1.0,1.0,1.0,1.0,1.0,1.0,1.0,1.0,1.0,1.0,1.0
east_dunbartonshire_2012_ward6,borda,6,1.0,1.0,1.0,1.0,1.0,1.0,1.0,1.0,1.0,1.0,1.0,1.0,1.0,1.0
east_dunbartonshire_2012_ward6,3-approval,6,1.0,1.0,1.0,1.0,1.0,1.0,1.0,1.0,1.0,1.0,1.0,1.0,1.0,1.0
east_dunbartonshire_2012_ward6,2-approval,6,1.0,1.0,1.0,1.0,1.0,1.0,1.0,1.0,1.0,1.0,1.0,1.0,1.0,1.0
east_dunbartonshire_2012_ward6,plurality,6,0.7665755206408778,1.0,0.7722273143904674,1.0,1.0,1.0,1.0,1.0,0.9,0.9666666666666667,0.0,0.9109375,1.0,1.0
east_dunbartonshire_2012_ward6,stv,6,0.7665755206408778,1.0,0.7722273143904674,1.0,1.0,1.0,1.0,1.0,0.8,0.9333333333333333,0.0,0.9026041666666667,1.0,1.0
east_dunbartonshire_2012_ward6,ranked-pairs,6,1.0,1.0,1.0,1.0,1.0,1.0,1.0,1.0,1.0,1.0,1.0,1.0,1.0,1.0
north_lanarkshire_2017_ward5,borda,6,0.8513747729527253,1.0,0.8983968353112639,1.0,1.0,1.0,1.0,1.0,0.7,0.9333333333333333,0.0,0.9104166666666667,1.0,1.0
north_lanarkshire_2017_ward5,3-approval,6,0.8513747729527253,1.0,0.8983968353112639,1.0,1.0,1.0,1.0,1.0,0.9,0.9833333333333333,0.0,0.9567708333333333,1.0,1.0
north_lanarkshire_2017_ward5,2-approval,6,0.8712284888021696,1.0,0.9224119755429054,1.0,1.0,1.0,1.0,1.0,0.9,0.9666666666666667,0.0,0.8953125,1.0,1.0
north_lanarkshire_2017_ward5,plurality,6,0.6677561330427386,1.0,0.6018973998594519,1.0,0.6934283055052828,1.0,0.6467401119739933,1.0,0.6,0.8666666666666667,0.0,0.7140624999999999,1.0,0.8333333333333334
north_lanarkshire_2017_ward5,stv,6,0.6934283055052828,1.0,0.6467401119739933,1.0,0.6934283055052828,1.0,0.6467401119739933,1.0,0.6,0.8833333333333333,0.0,0.7625,1.0,0.8333333333333334
north_lanarkshire_2017_ward5,ranked-pairs,6,1.0,1.0,1.0,1.0,1.0,1.0,1.0,1.0,1.0,1.0,1.0,1.0,1.0,1.0
aberdeenshire_2017_ward12,borda,6,0.9701733675219985,1.0,0.9956226745458526,1.0,0.9701733675219985,1.0,0.9956226745458526,1.0,1.0,1.0,1.0,1.0,1.0,1.0
aberdeenshire_2017_ward12,3-approval,6,0.9255901412784029,1.0,0.9731659813893098,1.0,0.9701733675219985,1.0,0.9956226745458526,1.0,1.0,1.0,0.0,0.9375,1.0,1.0
aberdeenshire_2017_ward12,2-approval,6,0.9701733675219985,1.0,0.9956226745458526,1.0,0.9701733675219985,1.0,0.9956226745458526,1.0,1.0,1.0,0.6666666666666667,0.9479166666666666,1.0,1.0
aberdeenshire_2017_ward12,plurality,6,0.8570596735544186,1.0,0.9055381400208986,1.0,0.9701733675219985,1.0,0.9956226745458526,1.0,0.8,0.9,0.0,0.8578125,1.0,0.9444444444444445
aberdeenshire_2017_ward12,stv,6,0.8737349834135522,1.0,0.9252533783783786,1.0,0.9701733675219985,1.0,0.9956226745458526,1.0,0.8,0.9333333333333333,0.0,0.8869791666666667,1.0,0.9444444444444445
aberdeenshire_2017_ward12,ranked-pairs,6,1.0,1.0,1.0,1.0,1.0,1.0,1.0,1.0,1.0,1.0,1.0,1.0,1.0,1.0
aberdeenshire_2017_ward2,borda,6,1.0,1.0,1.0,1.0,1.0,1.0,1.0,1.0,1.0,1.0,0.6666666666666667,0.9947916666666666,1.0,1.0
aberdeenshire_2017_ward2,3-approval,6,1.0,1.0,1.0,1.0,1.0,1.0,1.0,1.0,1.0,1.0,0.8333333333333334,0.9921875,1.0,1.0
aberdeenshire_2017_ward2,2-approval,6,0.8761861073044991,1.0,0.9279887482419126,1.0,1.0,1.0,1.0,1.0,0.9,0.95,0.0,0.9380208333333333,1.0,1.0
aberdeenshire_2017_ward2,plurality,6,0.8761861073044991,1.0,0.9279887482419126,1.0,1.0,1.0,1.0,1.0,0.8,0.95,0.0,0.9328125,1.0,0.9166666666666666
aberdeenshire_2017_ward2,stv,6,1.0,1.0,1.0,1.0,1.0,1.0,1.0,1.0,0.9,0.9333333333333333,0.33333333333333337,0.9416666666666667,1.0,0.9166666666666666
aberdeenshire_2017_ward2,ranked-pairs,6,1.0,1.0,1.0,1.0,1.0,1.0,1.0,1.0,1.0,1.0,1.0,1.0,1.0,1.0
south_lanarkshire_2017_ward16,borda,6,1.0,1.0,1.0,1.0,1.0,1.0,1.0,1.0,1.0,1.0,1.0,1.0,1.0,1.0
south_lanarkshire_2017_ward16,3-approval,6,1.0,1.0,1.0,1.0,1.0,1.0,1.0,1.0,1.0,1.0,1.0,1.0,1.0,1.0
south_lanarkshire_2017_ward16,2-approval,6,0.9226970004805641,1.0,0.9710798122065728,1.0,0.9247413092748479,1.0,0.9725615485810938,1.0,0.9,0.95,0.0,0.8989583333333333,1.0,0.8333333333333334
south_lanarkshire_2017_ward16,plurality,6,0.9226970004805641,1.0,0.9710798122065728,1.0,0.9247413092748479,1.0,0.9725615485810938,1.0,0.9,0.9666666666666667,0.0,0.9161458333333333,1.0,1.0
south_lanarkshire_2017_ward16,stv,6,0.9226970004805641,1.0,0.9710798122065728,1.0,0.9247413092748479,1.0,0.9725615485810938,1.0,0.9,0.9666666666666667,0.0,0.91875,1.0,1.0
south_lanarkshire_2017_ward16,ranked-pairs,6,1.0,1.0,1.0,1.0,1.0,1.0,1.0,1.0,1.0,1.0,1.0,1.0,1.0,1.0
renfrewshire_2012_ward10,borda,6,0.967436731202035,1.0,0.9947854941929367,1.0,1.0,1.0,1.0,1.0,1.0,1.0,0.0,0.9713541666666666,1.0,1.0
renfrewshire_2012_ward10,3-approval,6,0.967436731202035,1.0,0.9947854941929367,1.0,1.0,1.0,1.0,1.0,1.0,1.0,0.0,0.9635416666666666,1.0,1.0
renfrewshire_2012_ward10,2-approval,6,1.0,1.0,1.0,1.0,1.0,1.0,1.0,1.0,0.9,0.9666666666666667,0.0,0.9395833333333333,1.0,1.0
renfrewshire_2012_ward10,plurality,6,0.9182550593530033,1.0,0.9677343932663082,1.0,1.0,1.0,1.0,1.0,0.8,0.9333333333333333,0.0,0.9026041666666667,1.0,1.0
renfrewshire_2012_ward10,stv,6,0.9182550593530033,1.0,0.9677343932663082,1.0,1.0,1.0,1.0,1.0,0.8,0.95,0.0,0.909375,1.0,1.0
renfrewshire_2012_ward10,ranked-pairs,6,1.0,1.0,1.0,1.0,1.0,1.0,1.0,1.0,1.0,1.0,1.0,1.0,1.0,1.0
south_lanarkshire_2012_ward10,borda,6,1.0,1.0,1.0,1.0,1.0,1.0,1.0,1.0,0.9,0.9666666666666667,0.6666666666666667,0.9760416666666667,1.0,0.9166666666666666
south_lanarkshire_2012_ward10,3-approval,6,1.0,1.0,1.0,1.0,1.0,1.0,1.0,1.0,1.0,1.0,0.8333333333333334,0.9791666666666666,1.0,1.0
south_lanarkshire_2012_ward10,2-approval,6,1.0,1.0,1.0,1.0,1.0,1.0,1.0,1.0,0.8,0.9333333333333333,0.0,0.9182291666666667,1.0,0.8333333333333334
south_lanarkshire_2012_ward10,plurality,6,0.9336568466088043,1.0,0.9785900783289817,1.0,0.9336568466088043,1.0,0.9785900783289817,1.0,0.8,0.9333333333333333,0.0,0.8947916666666667,1.0,0.9166666666666666
south_lanarkshire_2012_ward10,stv,6,0.9336568466088043,1.0,0.9785900783289817,1.0,0.9336568466088043,1.0,0.9785900783289817,1.0,0.8,0.9166666666666666,0.0,0.890625,1.0,0.861111111111111
south_lanarkshire_2012_ward10,ranked-pairs,6,1.0,1.0,1.0,1.0,1.0,1.0,1.0,1.0,1.0,1.0,1.0,1.0,1.0,1.0
south_ayrshire_2017_ward1,borda,6,0.9694471335883384,1.0,0.9954075774971298,1.0,0.9694471335883384,1.0,0.9954075774971298,1.0,0.9,0.9666666666666667,0.9,0.996875,1.0,0.9444444444444443
south_ayrshire_2017_ward1,3-approval,6,0.9018320650378676,1.0,0.9539066891512087,1.0,0.9018320650378676,1.0,0.9539066891512087,1.0,0.9,0.9833333333333333,0.5,0.9776041666666667,1.0,0.9444444444444445
south_ayrshire_2017_ward1,2-approval,6,0.9018320650378676,1.0,0.9539066891512087,1.0,0.9528899591284579,1.0,0.9891273247496424,1.0,0.9,0.9666666666666667,0.0,0.903125,1.0,1.0
south_ayrshire_2017_ward1,plurality,6,0.9528899591284579,1.0,0.9891273247496424,1.0,0.9528899591284579,1.0,0.9891273247496424,1.0,0.9,0.9333333333333333,0.0,0.9078125,1.0,0.9444444444444443
south_ayrshire_2017_ward1,stv,6,0.9528899591284579,1.0,0.9891273247496424,1.0,0.9694471335883384,1.0,0.9954075774971298,1.0,0.8,0.9166666666666666,0.0,0.8828125,1.0,0.9444444444444443
south_ayrshire_2017_ward1,ranked-pairs,6,0.9694471335883384,1.0,0.9954075774971298,1.0,0.9694471335883384,1.0,0.9954075774971298,1.0,0.9,0.9833333333333333,0.0,0.959375,1.0,0.9444444444444443
aberdeenshire_2012_ward9,borda,6,1.0,1.0,1.0,1.0,1.0,1.0,1.0,1.0,1.0,1.0,1.0,1.0,1.0,1.0
aberdeenshire_2012_ward9,3-approval,6,1.0,1.0,1.0,1.0,1.0,1.0,1.0,1.0,1.0,1.0,1.0,1.0,1.0,1.0
aberdeenshire_2012_ward9,2-approval,6,1.0,1.0,1.0,1.0,1.0,1.0,1.0,1.0,1.0,1.0,1.0,1.0,1.0,1.0
aberdeenshire_2012_ward9,plurality,6,0.7226389991592638,1.0,0.6976416045152187,1.0,1.0,1.0,1.0,1.0,0.7,0.8833333333333333,0.0,0.8041666666666667,1.0,0.9444444444444443
aberdeenshire_2012_ward9,stv,6,0.8902124328857561,1.0,0.9427912341407151,1.0,1.0,1.0,1.0,1.0,0.8,0.95,0.0,0.925,1.0,1.0
aberdeenshire_2012_ward9,ranked-pairs,6,1.0,1.0,1.0,1.0,1.0,1.0,1.0,1.0,1.0,1.0,1.0,1.0,1.0,1.0
north_ayrshire_2017_ward8,borda,6,1.0,1.0,1.0,1.0,1.0,1.0,1.0,1.0,0.9,0.9833333333333333,0.0,0.9203125,1.0,1.0
north_ayrshire_2017_ward8,3-approval,6,1.0,1.0,1.0,1.0,1.0,1.0,1.0,1.0,0.9,0.9333333333333333,0.0,0.8973958333333334,1.0,1.0
north_ayrshire_2017_ward8,2-approval,6,0.8948630865774932,1.0,0.9473684210526316,1.0,0.8948630865774932,1.0,0.9473684210526316,1.0,0.9,0.9833333333333333,0.0,0.8057291666666667,1.0,0.9444444444444443
north_ayrshire_2017_ward8,plurality,6,0.8948630865774932,1.0,0.9473684210526316,1.0,0.8948630865774932,1.0,0.9473684210526316,1.0,0.8,0.95,0.0,0.8989583333333333,1.0,0.9444444444444443
north_ayrshire_2017_ward8,stv,6,0.8787259807601154,1.0,0.9307774227902027,1.0,1.0,1.0,1.0,1.0,0.8,0.9333333333333333,0.0,0.86875,1.0,0.9444444444444443
north_ayrshire_2017_ward8,ranked-pairs,6,1.0,1.0,1.0,1.0,1.0,1.0,1.0,1.0,1.0,1.0,1.0,1.0,1.0,1.0
south_ayrshire_2017_ward8,borda,6,1.0,1.0,1.0,1.0,1.0,1.0,1.0,1.0,1.0,1.0,0.0,0.9739583333333334,1.0,1.0
south_ayrshire_2017_ward8,3-approval,6,0.8733402333257277,1.0,0.9248088360237893,1.0,1.0,1.0,1.0,1.0,0.9,0.9833333333333333,0.0,0.9098958333333333,1.0,1.0
south_ayrshire_2017_ward8,2-approval,6,1.0,1.0,1.0,1.0,1.0,1.0,1.0,1.0,1.0,1.0,0.0,0.9427083333333334,1.0,1.0
south_ayrshire_2017_ward8,plurality,6,0.7919340831620897,1.0,0.8131252501000402,1.0,0.7919340831620897,1.0,0.8131252501000402,1.0,0.9,0.9833333333333333,0.0,0.9645833333333333,1.0,1.0
south_ayrshire_2017_ward8,stv,6,0.7919340831620897,1.0,0.8131252501000402,1.0,0.7919340831620897,1.0,0.8131252501000402,1.0,0.9,0.9666666666666667,0.0,0.95,1.0,0.8333333333333334
south_ayrshire_2017_ward8,ranked-pairs,6,1.0,1.0,1.0,1.0,1.0,1.0,1.0,1.0,1.0,1.0,1.0,1.0,1.0,1.0
angus_2012_ward4,borda,6,0.9827366934458776,1.0,0.9985307621671258,1.0,0.9827366934458776,1.0,0.9985307621671258,1.0,1.0,1.0,0.0,0.9791666666666666,1.0,1.0
angus_2012_ward4,3-approval,6,0.9827366934458776,1.0,0.9985307621671258,1.0,0.9827366934458776,1.0,0.9985307621671258,1.0,0.9,0.95,0.0,0.9432291666666667,1.0,0.8333333333333334
angus_2012_ward4,2-approval,6,0.9827366934458776,1.0,0.9985307621671258,1.0,0.9827366934458776,1.0,0.9985307621671258,1.0,1.0,1.0,0.0,0.9635416666666666,1.0,1.0
angus_2012_ward4,plurality,6,0.653478996283656,1.0,0.5771014492753622,1.0,0.6562586471342232,1.0,0.5819159761593253,1.0,0.7,0.8666666666666667,0.0,0.721875,1.0,0.8888888888888888
angus_2012_ward4,stv,6,0.653478996283656,1.0,0.5771014492753622,1.0,0.6562586471342232,1.0,0.5819159761593253,1.0,0.7,0.8666666666666667,0.0,0.721875,1.0,0.8888888888888888
angus_2012_ward4,ranked-pairs,6,1.0,1.0,1.0,1.0,1.0,1.0,1.0,1.0,1.0,1.0,1.0,1.0,1.0,1.0
east_ayrshire_2022_ward2,borda,6,0.9645866523966802,1.0,0.9938366718027736,1.0,1.0,1.0,1.0,1.0,1.0,1.0,1.0,1.0,1.0,1.0
east_ayrshire_2022_ward2,3-approval,6,0.9645866523966802,1.0,0.9938366718027736,1.0,1.0,1.0,1.0,1.0,1.0,1.0,0.0,0.9557291666666666,1.0,1.0
east_ayrshire_2022_ward2,2-approval,6,0.834334677453532,1.0,0.8758154143512925,1.0,1.0,1.0,1.0,1.0,0.8,0.9333333333333333,0.0,0.884375,1.0,1.0
east_ayrshire_2022_ward2,plurality,6,0.6667613560453907,1.0,0.6001648804616654,1.0,0.6667613560453907,1.0,0.6001648804616654,1.0,0.8,0.9333333333333333,0.0,0.8791666666666667,1.0,0.9166666666666666
east_ayrshire_2022_ward2,stv,6,0.834334677453532,1.0,0.8758154143512925,1.0,1.0,1.0,1.0,1.0,0.8,0.95,0.0,0.8963541666666667,1.0,0.9166666666666666
east_ayrshire_2022_ward2,ranked-pairs,6,1.0,1.0,1.0,1.0,1.0,1.0,1.0,1.0,1.0,1.0,1.0,1.0,1.0,1.0
east_dunbartonshire_2012_ward3,borda,6,1.0,1.0,1.0,1.0,1.0,1.0,1.0,1.0,1.0,1.0,1.0,1.0,1.0,1.0
east_dunbartonshire_2012_ward3,3-approval,6,1.0,1.0,1.0,1.0,1.0,1.0,1.0,1.0,1.0,1.0,1.0,1.0,1.0,1.0
east_dunbartonshire_2012_ward3,2-approval,6,1.0,1.0,1.0,1.0,1.0,1.0,1.0,1.0,1.0,1.0,1.0,1.0,1.0,1.0
east_dunbartonshire_2012_ward3,plurality,6,1.0,1.0,1.0,1.0,1.0,1.0,1.0,1.0,1.0,1.0,0.8333333333333334,0.9973958333333334,1.0,1.0
east_dunbartonshire_2012_ward3,stv,6,1.0,1.0,1.0,1.0,1.0,1.0,1.0,1.0,1.0,1.0,0.8333333333333334,0.9973958333333334,1.0,1.0
east_dunbartonshire_2012_ward3,ranked-pairs,6,1.0,1.0,1.0,1.0,1.0,1.0,1.0,1.0,1.0,1.0,1.0,1.0,1.0,1.0
argyll_bute_2012_ward3,borda,6,1.0,1.0,1.0,1.0,1.0,1.0,1.0,1.0,1.0,1.0,1.0,1.0,1.0,1.0
argyll_bute_2012_ward3,3-approval,6,0.9034574364830171,1.0,0.9553752535496959,1.0,1.0,1.0,1.0,1.0,1.0,1.0,1.0,1.0,1.0,1.0
argyll_bute_2012_ward3,2-approval,6,1.0,1.0,1.0,1.0,1.0,1.0,1.0,1.0,1.0,1.0,0.0,0.953125,1.0,1.0
argyll_bute_2012_ward3,plurality,6,0.824613760011644,1.0,0.862202189311011,1.0,1.0,1.0,1.0,1.0,0.9,0.95,0.0,0.9458333333333333,1.0,1.0
argyll_bute_2012_ward3,stv,6,1.0,1.0,1.0,1.0,1.0,1.0,1.0,1.0,1.0,1.0,1.0,1.0,1.0,1.0
argyll_bute_2012_ward3,ranked-pairs,6,1.0,1.0,1.0,1.0,1.0,1.0,1.0,1.0,1.0,1.0,1.0,1.0,1.0,1.0
east_ayrshire_2012_ward9,borda,6,1.0,1.0,1.0,1.0,1.0,1.0,1.0,1.0,1.0,1.0,1.0,1.0,1.0,1.0
east_ayrshire_2012_ward9,3-approval,6,1.0,1.0,1.0,1.0,1.0,1.0,1.0,1.0,0.9,0.9833333333333333,0.8333333333333334,0.9828125,1.0,0.9166666666666666
east_ayrshire_2012_ward9,2-approval,6,1.0,1.0,1.0,1.0,1.0,1.0,1.0,1.0,1.0,1.0,0.6666666666666667,0.9895833333333334,1.0,1.0
east_ayrshire_2012_ward9,plurality,6,0.780210822702161,1.0,0.7944745675187194,1.0,0.780210822702161,1.0,0.7944745675187194,1.0,0.6,0.9333333333333333,0.0,0.8713541666666667,1.0,0.9166666666666666
east_ayrshire_2012_ward9,stv,6,0.819822367805489,1.0,0.8553123331553657,1.0,1.0,1.0,1.0,1.0,0.9,0.9666666666666667,0.0,0.9421875,1.0,0.9166666666666666
east_ayrshire_2012_ward9,ranked-pairs,6,1.0,1.0,1.0,1.0,1.0,1.0,1.0,1.0,1.0,1.0,1.0,1.0,1.0,1.0
east_lothian_2012_ward6,borda,6,1.0,1.0,1.0,1.0,1.0,1.0,1.0,1.0,1.0,1.0,0.0,0.9713541666666666,1.0,1.0
east_lothian_2012_ward6,3-approval,6,0.9097553415549912,1.0,0.9608602150537636,1.0,1.0,1.0,1.0,1.0,1.0,1.0,1.0,1.0,1.0,1.0
east_lothian_2012_ward6,2-approval,6,1.0,1.0,1.0,1.0,1.0,1.0,1.0,1.0,1.0,1.0,0.0,0.9557291666666666,1.0,1.0
east_lothian_2012_ward6,plurality,6,0.8712284888021696,1.0,0.9224119755429054,1.0,0.8712284888021696,1.0,0.9224119755429054,1.0,1.0,1.0,0.0,0.9713541666666666,1.0,1.0
east_lothian_2012_ward6,stv,6,0.8712284888021696,1.0,0.9224119755429054,1.0,0.8712284888021696,1.0,0.9224119755429054,1.0,1.0,1.0,0.0,0.9713541666666666,1.0,1.0
east_lothian_2012_ward6,ranked-pairs,6,1.0,1.0,1.0,1.0,1.0,1.0,1.0,1.0,1.0,1.0,1.0,1.0,1.0,1.0
midlothian_2012_ward1,borda,6,1.0,1.0,1.0,1.0,1.0,1.0,1.0,1.0,1.0,1.0,1.0,1.0,1.0,1.0
midlothian_2012_ward1,3-approval,6,1.0,1.0,1.0,1.0,1.0,1.0,1.0,1.0,1.0,1.0,1.0,1.0,1.0,1.0
midlothian_2012_ward1,2-approval,6,0.7996366787522827,1.0,0.8251052430156908,1.0,1.0,1.0,1.0,1.0,0.9,0.9666666666666667,0.0,0.9447916666666667,1.0,1.0
midlothian_2012_ward1,plurality,6,0.7836295070014532,1.0,0.7999622570296283,1.0,1.0,1.0,1.0,1.0,0.9,0.9666666666666667,0.0,0.9161458333333333,1.0,0.9444444444444443
midlothian_2012_ward1,stv,6,0.7836295070014532,1.0,0.7999622570296283,1.0,1.0,1.0,1.0,1.0,0.9,0.9833333333333333,0.0,0.8994791666666666,1.0,0.9166666666666666
midlothian_2012_ward1,ranked-pairs,6,1.0,1.0,1.0,1.0,1.0,1.0,1.0,1.0,1.0,1.0,1.0,1.0,1.0,1.0
perth_kinross_2012_ward9,borda,6,0.8968514142750736,1.0,0.9492734478203432,1.0,1.0,1.0,1.0,1.0,0.9,0.9833333333333333,0.0,0.959375,1.0,1.0
perth_kinross_2012_ward9,3-approval,6,1.0,1.0,1.0,1.0,1.0,1.0,1.0,1.0,0.9,0.9833333333333333,0.8333333333333334,0.9828125,1.0,0.9166666666666666
perth_kinross_2012_ward9,2-approval,6,1.0,1.0,1.0,1.0,1.0,1.0,1.0,1.0,0.9,0.9666666666666667,0.6666666666666667,0.98125,1.0,1.0
perth_kinross_2012_ward9,plurality,6,0.8681446996424438,1.0,0.9188556566970089,1.0,1.0,1.0,1.0,1.0,0.8,0.9333333333333333,0.0,0.8609375,1.0,0.9166666666666666
perth_kinross_2012_ward9,stv,6,0.8072389915516962,1.0,0.8366940502862832,1.0,0.8072389915516962,1.0,0.8366940502862832,1.0,0.8,0.9166666666666666,0.0,0.8307291666666667,1.0,0.861111111111111
perth_kinross_2012_ward9,ranked-pairs,6,1.0,1.0,1.0,1.0,1.0,1.0,1.0,1.0,1.0,1.0,1.0,1.0,1.0,1.0
east_ayrshire_2012_ward3,borda,6,1.0,1.0,1.0,1.0,1.0,1.0,1.0,1.0,1.0,1.0,1.0,1.0,1.0,1.0
east_ayrshire_2012_ward3,3-approval,6,1.0,1.0,1.0,1.0,1.0,1.0,1.0,1.0,1.0,1.0,1.0,1.0,1.0,1.0
east_ayrshire_2012_ward3,2-approval,6,1.0,1.0,1.0,1.0,1.0,1.0,1.0,1.0,1.0,1.0,1.0,1.0,1.0,1.0
east_ayrshire_2012_ward3,plurality,6,0.7776290803647713,1.0,0.7903052064631956,1.0,0.7776290803647713,1.0,0.7903052064631956,1.0,0.7,0.9166666666666666,0.0,0.9036458333333334,1.0,0.9444444444444443
east_ayrshire_2012_ward3,stv,6,0.7776290803647713,1.0,0.7903052064631956,1.0,0.7776290803647713,1.0,0.7903052064631956,1.0,0.7,0.9166666666666666,0.0,0.9114583333333334,1.0,0.9444444444444443
east_ayrshire_2012_ward3,ranked-pairs,6,1.0,1.0,1.0,1.0,1.0,1.0,1.0,1.0,1.0,1.0,1.0,1.0,1.0,1.0
inverclyde_2022_ward2,borda,6,1.0,1.0,1.0,1.0,1.0,1.0,1.0,1.0,1.0,1.0,0.0,0.9765625,1.0,1.0
inverclyde_2022_ward2,3-approval,6,1.0,1.0,1.0,1.0,1.0,1.0,1.0,1.0,0.9,0.9833333333333333,0.0,0.9385416666666666,1.0,0.9166666666666666
inverclyde_2022_ward2,2-approval,6,0.92549269050606,1.0,0.9730969122592481,1.0,1.0,1.0,1.0,1.0,0.9,0.9666666666666667,0.0,0.9083333333333333,1.0,1.0
inverclyde_2022_ward2,plurality,6,0.9335793896585984,1.0,0.9785407725321891,1.0,1.0,1.0,1.0,1.0,0.8,0.9333333333333333,0.0,0.9078125,1.0,0.9166666666666666
inverclyde_2022_ward2,stv,6,0.7841418094397173,1.0,0.8007812500000002,1.0,0.7841418094397173,1.0,0.8007812500000002,1.0,0.8,0.9333333333333333,0.0,0.8791666666666667,1.0,0.9166666666666666
inverclyde_2022_ward2,ranked-pairs,6,1.0,1.0,1.0,1.0,1.0,1.0,1.0,1.0,1.0,1.0,1.0,1.0,1.0,1.0
sc_borders_2022_ward4,borda,6,1.0,1.0,1.0,1.0,1.0,1.0,1.0,1.0,0.9,0.9833333333333333,0.8333333333333334,0.9958333333333333,1.0,1.0
sc_borders_2022_ward4,3-approval,6,1.0,1.0,1.0,1.0,1.0,1.0,1.0,1.0,1.0,1.0,0.8333333333333334,0.9947916666666666,1.0,1.0
sc_borders_2022_ward4,2-approval,6,0.9825785104011433,1.0,0.998503740648379,1.0,1.0,1.0,1.0,1.0,0.9,0.9666666666666667,0.0,0.9552083333333333,1.0,1.0
sc_borders_2022_ward4,plurality,6,0.8347426106638606,1.0,0.8763755560758606,1.0,1.0,1.0,1.0,1.0,0.8,0.9,0.0,0.8760416666666666,1.0,1.0
sc_borders_2022_ward4,stv,6,0.8347426106638606,1.0,0.8763755560758606,1.0,1.0,1.0,1.0,1.0,0.8,0.95,0.0,0.925,1.0,1.0
sc_borders_2022_ward4,ranked-pairs,6,1.0,1.0,1.0,1.0,1.0,1.0,1.0,1.0,1.0,1.0,1.0,1.0,1.0,1.0
stirling_2012_ward1,borda,6,1.0,1.0,1.0,1.0,1.0,1.0,1.0,1.0,1.0,1.0,0.0,0.9739583333333334,1.0,1.0
stirling_2012_ward1,3-approval,6,0.864620564089568,1.0,0.9147111913357402,1.0,1.0,1.0,1.0,1.0,1.0,1.0,0.8333333333333334,0.984375,1.0,1.0
stirling_2012_ward1,2-approval,6,1.0,1.0,1.0,1.0,1.0,1.0,1.0,1.0,0.8,0.95,0.0,0.9744791666666667,1.0,1.0
stirling_2012_ward1,plurality,6,0.8044254695757127,1.0,0.8324335996545024,1.0,1.0,1.0,1.0,1.0,0.9,0.9666666666666667,0.0,0.9057291666666667,1.0,1.0
stirling_2012_ward1,stv,6,0.8044254695757127,1.0,0.8324335996545024,1.0,1.0,1.0,1.0,1.0,0.9,0.9666666666666667,0.0,0.9161458333333333,1.0,1.0
stirling_2012_ward1,ranked-pairs,6,1.0,1.0,1.0,1.0,1.0,1.0,1.0,1.0,1.0,1.0,1.0,1.0,1.0,1.0
aberdeenshire_2017_ward11,borda,6,1.0,1.0,1.0,1.0,1.0,1.0,1.0,1.0,1.0,1.0,0.6666666666666667,0.9921875,1.0,1.0
aberdeenshire_2017_ward11,3-approval,6,0.9043258470805233,1.0,0.956151035322777,1.0,1.0,1.0,1.0,1.0,0.9,0.9666666666666667,0.0,0.9552083333333333,1.0,1.0
aberdeenshire_2017_ward11,2-approval,6,0.8087256052641351,1.0,0.8389312977099237,1.0,1.0,1.0,1.0,1.0,0.8,0.9166666666666666,0.0,0.9140625,1.0,1.0
aberdeenshire_2017_ward11,plurality,6,0.7864715587423649,1.0,0.8044943820224719,1.0,1.0,1.0,1.0,1.0,0.7,0.9,0.0,0.8916666666666667,1.0,0.9444444444444443
aberdeenshire_2017_ward11,stv,6,0.7864715587423649,1.0,0.8044943820224719,1.0,1.0,1.0,1.0,1.0,0.7,0.9,0.0,0.8916666666666667,1.0,0.9444444444444443
aberdeenshire_2017_ward11,ranked-pairs,6,1.0,1.0,1.0,1.0,1.0,1.0,1.0,1.0,1.0,1.0,1.0,1.0,1.0,1.0
dundee_2012_ward8,borda,6,1.0,1.0,1.0,1.0,1.0,1.0,1.0,1.0,1.0,1.0,0.8333333333333334,0.9973958333333334,1.0,1.0
dundee_2012_ward8,3-approval,6,1.0,1.0,1.0,1.0,1.0,1.0,1.0,1.0,1.0,1.0,1.0,1.0,1.0,1.0
dundee_2012_ward8,2-approval,6,0.9132588698780739,1.0,0.963768115942029,1.0,1.0,1.0,1.0,1.0,0.9,0.9666666666666667,0.0,0.9421875,1.0,1.0
dundee_2012_ward8,plurality,6,0.8224607236800829,1.0,0.859120421413696,1.0,0.8224607236800829,1.0,0.859120421413696,1.0,0.6,0.85,0.0,0.7802083333333333,1.0,0.9444444444444445
dundee_2012_ward8,stv,6,0.7646062929129414,1.0,0.7689707425107823,1.0,0.8224607236800829,1.0,0.859120421413696,1.0,0.7,0.9,0.0,0.7588541666666667,1.0,0.8888888888888888
dundee_2012_ward8,ranked-pairs,6,1.0,1.0,1.0,1.0,1.0,1.0,1.0,1.0,1.0,1.0,1.0,1.0,1.0,1.0
east_lothian_2012_ward5,borda,6,1.0,1.0,1.0,1.0,1.0,1.0,1.0,1.0,1.0,1.0,0.0,0.9791666666666666,1.0,1.0
east_lothian_2012_ward5,3-approval,6,1.0,1.0,1.0,1.0,1.0,1.0,1.0,1.0,0.9,0.9333333333333333,0.0,0.9442708333333333,1.0,0.7222222222222222
east_lothian_2012_ward5,2-approval,6,1.0,1.0,1.0,1.0,1.0,1.0,1.0,1.0,1.0,1.0,0.0,0.96875,1.0,1.0
east_lothian_2012_ward5,plurality,6,1.0,1.0,1.0,1.0,1.0,1.0,1.0,1.0,0.8,0.9666666666666667,0.6666666666666667,0.9604166666666667,1.0,1.0
east_lothian_2012_ward5,stv,6,1.0,1.0,1.0,1.0,1.0,1.0,1.0,1.0,0.8,0.9666666666666667,0.6666666666666667,0.9630208333333333,1.0,1.0
east_lothian_2012_ward5,ranked-pairs,6,1.0,1.0,1.0,1.0,1.0,1.0,1.0,1.0,1.0,1.0,1.0,1.0,1.0,1.0
perth_kinross_2017_ward9,borda,6,1.0,1.0,1.0,1.0,1.0,1.0,1.0,1.0,1.0,1.0,0.0,0.96875,1.0,1.0
perth_kinross_2017_ward9,3-approval,6,1.0,1.0,1.0,1.0,1.0,1.0,1.0,1.0,0.8,0.8833333333333333,0.0,0.9213541666666667,1.0,0.9444444444444443
perth_kinross_2017_ward9,2-approval,6,0.9214864743669333,1.0,0.9701851406588123,1.0,1.0,1.0,1.0,1.0,0.9,0.9666666666666667,0.0,0.9057291666666667,1.0,1.0
perth_kinross_2017_ward9,plurality,6,0.6694097594524155,1.0,0.6047786917352135,1.0,1.0,1.0,1.0,1.0,0.8,0.9333333333333333,0.0,0.8947916666666667,1.0,0.9166666666666666
perth_kinross_2017_ward9,stv,6,0.8928359726562002,1.0,0.9453941120607788,1.0,1.0,1.0,1.0,1.0,0.8,0.9333333333333333,0.0,0.9,1.0,0.9166666666666666
perth_kinross_2017_ward9,ranked-pairs,6,1.0,1.0,1.0,1.0,1.0,1.0,1.0,1.0,1.0,1.0,1.0,1.0,1.0,1.0
fife_2012_ward20,borda,6,1.0,1.0,1.0,1.0,1.0,1.0,1.0,1.0,1.0,1.0,1.0,1.0,1.0,1.0
fife_2012_ward20,3-approval,6,1.0,1.0,1.0,1.0,1.0,1.0,1.0,1.0,1.0,1.0,1.0,1.0,1.0,1.0
fife_2012_ward20,2-approval,6,1.0,1.0,1.0,1.0,1.0,1.0,1.0,1.0,1.0,1.0,1.0,1.0,1.0,1.0
fife_2012_ward20,plurality,6,0.6700675845516179,1.0,0.6059253246753246,1.0,0.6700675845516179,1.0,0.6059253246753246,1.0,0.8,0.9,0.0,0.8473958333333333,1.0,0.7777777777777777
fife_2012_ward20,stv,6,0.7755050346516922,1.0,0.7868593361932715,1.0,1.0,1.0,1.0,1.0,0.8,0.9333333333333333,0.0,0.8921875,1.0,1.0
fife_2012_ward20,ranked-pairs,6,1.0,1.0,1.0,1.0,1.0,1.0,1.0,1.0,1.0,1.0,1.0,1.0,1.0,1.0
eilean_siar_2017_ward9,borda,6,0.9623207197101056,1.0,0.99302649930265,1.0,0.9623207197101056,1.0,0.99302649930265,1.0,1.0,1.0,1.0,1.0,1.0,1.0
eilean_siar_2017_ward9,3-approval,6,0.9623207197101056,1.0,0.99302649930265,1.0,0.9623207197101056,1.0,0.99302649930265,1.0,1.0,1.0,1.0,1.0,1.0,1.0
eilean_siar_2017_ward9,2-approval,6,0.9623207197101056,1.0,0.99302649930265,1.0,0.9623207197101056,1.0,0.99302649930265,1.0,1.0,1.0,0.6666666666666667,0.9895833333333334,1.0,1.0
eilean_siar_2017_ward9,plurality,6,0.8366827593192798,1.0,0.8790269559500328,1.0,1.0,1.0,1.0,1.0,0.9,0.9833333333333333,0.0,0.94375,1.0,1.0
eilean_siar_2017_ward9,stv,6,0.8366827593192798,1.0,0.8790269559500328,1.0,1.0,1.0,1.0,1.0,0.9,0.9833333333333333,0.0,0.9411458333333333,1.0,0.8888888888888888
eilean_siar_2017_ward9,ranked-pairs,6,1.0,1.0,1.0,1.0,1.0,1.0,1.0,1.0,1.0,1.0,1.0,1.0,1.0,1.0
east_ayrshire_2012_ward1,borda,6,0.9274849072213341,1.0,0.9744922059518185,1.0,0.9274849072213341,1.0,0.9744922059518185,1.0,0.9,0.9833333333333333,0.8333333333333334,0.990625,1.0,0.9166666666666666
east_ayrshire_2012_ward1,3-approval,6,0.9338270387538141,1.0,0.9786982248520711,1.0,1.0,1.0,1.0,1.0,0.9,0.9833333333333333,0.0,0.9567708333333333,1.0,0.9166666666666666
east_ayrshire_2012_ward1,2-approval,6,1.0,1.0,1.0,1.0,1.0,1.0,1.0,1.0,1.0,1.0,0.0,0.9296875,1.0,1.0
east_ayrshire_2012_ward1,plurality,6,0.77237477884493,1.0,0.7817561807331628,1.0,0.77237477884493,1.0,0.7817561807331628,1.0,0.7,0.8833333333333333,0.0,0.7572916666666667,1.0,0.75
east_ayrshire_2012_ward1,stv,6,0.8133868987630948,1.0,0.8458820931773019,1.0,0.9274849072213341,1.0,0.9744922059518185,1.0,0.7,0.8833333333333333,0.0,0.8302083333333333,1.0,0.9166666666666666
east_ayrshire_2012_ward1,ranked-pairs,6,1.0,1.0,1.0,1.0,1.0,1.0,1.0,1.0,1.0,1.0,1.0,1.0,1.0,1.0
stirling_2012_ward3,borda,6,0.8948146129266721,1.0,0.94732158747108,1.0,0.8948146129266721,1.0,0.94732158747108,1.0,0.9,0.9833333333333333,0.0,0.9229166666666666,1.0,0.9444444444444443
stirling_2012_ward3,3-approval,6,1.0,1.0,1.0,1.0,1.0,1.0,1.0,1.0,0.9,0.9333333333333333,0.0,0.9442708333333333,1.0,1.0
stirling_2012_ward3,2-approval,6,0.8948146129266721,1.0,0.94732158747108,1.0,0.8948146129266721,1.0,0.94732158747108,1.0,0.8,0.95,0.0,0.909375,1.0,0.8888888888888888
stirling_2012_ward3,plurality,6,0.7967433394964661,1.0,0.8206322795341098,1.0,0.8948146129266721,1.0,0.94732158747108,1.0,0.6,0.9166666666666666,0.0,0.7760416666666666,1.0,0.9444444444444443
stirling_2012_ward3,stv,6,0.7967433394964661,1.0,0.8206322795341098,1.0,0.8948146129266721,1.0,0.94732158747108,1.0,0.7,0.9166666666666666,0.0,0.8020833333333334,1.0,0.9444444444444443
stirling_2012_ward3,ranked-pairs,6,1.0,1.0,1.0,1.0,1.0,1.0,1.0,1.0,1.0,1.0,1.0,1.0,1.0,1.0
north_lanarkshire_2022_ward9,borda,6,1.0,1.0,1.0,1.0,1.0,1.0,1.0,1.0,1.0,1.0,1.0,1.0,1.0,1.0
north_lanarkshire_2022_ward9,3-approval,6,1.0,1.0,1.0,1.0,1.0,1.0,1.0,1.0,1.0,1.0,1.0,1.0,1.0,1.0
north_lanarkshire_2022_ward9,2-approval,6,0.8967502239875034,1.0,0.9491772547385962,1.0,1.0,1.0,1.0,1.0,0.7,0.8666666666666667,0.0,0.8546875,1.0,1.0
north_lanarkshire_2022_ward9,plurality,6,0.6904124210873948,1.0,0.6414664094018594,1.0,0.6904124210873948,1.0,0.6414664094018594,1.0,0.6,0.8666666666666667,0.0,0.8260416666666667,1.0,0.9444444444444443
north_lanarkshire_2022_ward9,stv,6,0.8967502239875034,1.0,0.9491772547385962,1.0,1.0,1.0,1.0,1.0,0.7,0.8833333333333333,0.0,0.8588541666666667,1.0,1.0
north_lanarkshire_2022_ward9,ranked-pairs,6,1.0,1.0,1.0,1.0,1.0,1.0,1.0,1.0,1.0,1.0,1.0,1.0,1.0,1.0
south_lanarkshire_2012_ward7,borda,6,1.0,1.0,1.0,1.0,1.0,1.0,1.0,1.0,1.0,1.0,1.0,1.0,1.0,1.0
south_lanarkshire_2012_ward7,3-approval,6,1.0,1.0,1.0,1.0,1.0,1.0,1.0,1.0,1.0,1.0,1.0,1.0,1.0,1.0
south_lanarkshire_2012_ward7,2-approval,6,0.8787998952023066,1.0,0.9308578745198461,1.0,1.0,1.0,1.0,1.0,0.8,0.9166666666666666,0.0,0.9296875,1.0,1.0
south_lanarkshire_2012_ward7,plurality,6,0.8787998952023066,1.0,0.9308578745198461,1.0,1.0,1.0,1.0,1.0,0.9,0.95,0.0,0.909375,1.0,0.9166666666666666
south_lanarkshire_2012_ward7,stv,6,0.8787998952023066,1.0,0.9308578745198461,1.0,1.0,1.0,1.0,1.0,0.9,0.95,0.0,0.8833333333333333,1.0,0.9166666666666666
south_lanarkshire_2012_ward7,ranked-pairs,6,1.0,1.0,1.0,1.0,1.0,1.0,1.0,1.0,1.0,1.0,1.0,1.0,1.0,1.0
east_ayrshire_2017_ward3,borda,6,0.870917292521935,1.0,0.9220561061649588,1.0,1.0,1.0,1.0,1.0,0.9,0.9333333333333333,0.33333333333333337,0.9442708333333333,1.0,1.0
east_ayrshire_2017_ward3,3-approval,6,1.0,1.0,1.0,1.0,1.0,1.0,1.0,1.0,0.9,0.9666666666666667,0.0,0.8666666666666667,1.0,1.0
east_ayrshire_2017_ward3,2-approval,6,0.9036671363037202,1.0,0.9555631515980173,1.0,1.0,1.0,1.0,1.0,0.9,0.9666666666666667,0.0,0.8796875,1.0,1.0
east_ayrshire_2017_ward3,plurality,6,0.8608497669491624,1.0,0.9101836393989983,1.0,1.0,1.0,1.0,1.0,0.8,0.9333333333333333,0.0,0.821875,1.0,1.0
east_ayrshire_2017_ward3,stv,6,0.8608497669491624,1.0,0.9101836393989983,1.0,1.0,1.0,1.0,1.0,0.8,0.9333333333333333,0.0,0.821875,1.0,1.0
east_ayrshire_2017_ward3,ranked-pairs,6,1.0,1.0,1.0,1.0,1.0,1.0,1.0,1.0,1.0,1.0,1.0,1.0,1.0,1.0
sc_borders_2017_ward10,borda,6,1.0,1.0,1.0,1.0,1.0,1.0,1.0,1.0,1.0,1.0,1.0,1.0,1.0,1.0
sc_borders_2017_ward10,3-approval,6,1.0,1.0,1.0,1.0,1.0,1.0,1.0,1.0,1.0,1.0,1.0,1.0,1.0,1.0
sc_borders_2017_ward10,2-approval,6,0.8732612003535267,1.0,0.9247197010144154,1.0,0.8732612003535267,1.0,0.9247197010144154,1.0,0.9,0.9666666666666667,0.0,0.9473958333333333,1.0,0.8333333333333334
sc_borders_2017_ward10,plurality,6,0.8497903737645952,1.0,0.8963703314045238,1.0,0.8732612003535267,1.0,0.9247197010144154,1.0,0.8,0.9666666666666667,0.0,0.9265625,1.0,1.0
sc_borders_2017_ward10,stv,6,0.8497903737645952,1.0,0.8963703314045238,1.0,0.8732612003535267,1.0,0.9247197010144154,1.0,0.9,0.95,0.0,0.9067708333333333,1.0,1.0
sc_borders_2017_ward10,ranked-pairs,6,1.0,1.0,1.0,1.0,1.0,1.0,1.0,1.0,1.0,1.0,1.0,1.0,1.0,1.0
south_lanarkshire_2012_ward14,borda,6,1.0,1.0,1.0,1.0,1.0,1.0,1.0,1.0,1.0,1.0,1.0,1.0,1.0,1.0
south_lanarkshire_2012_ward14,3-approval,6,1.0,1.0,1.0,1.0,1.0,1.0,1.0,1.0,1.0,1.0,1.0,1.0,1.0,1.0
south_lanarkshire_2012_ward14,2-approval,6,0.8607616449988761,1.0,0.9100766992859031,1.0,1.0,1.0,1.0,1.0,0.9,0.9333333333333333,0.0,0.9416666666666667,1.0,1.0
south_lanarkshire_2012_ward14,plurality,6,0.6914214764053243,1.0,0.6432309442548351,1.0,1.0,1.0,1.0,1.0,0.9,0.9666666666666667,0.0,0.9317708333333333,1.0,0.9166666666666666
south_lanarkshire_2012_ward14,stv,6,0.8607616449988761,1.0,0.9100766992859031,1.0,1.0,1.0,1.0,1.0,0.9,0.9666666666666667,0.0,0.9213541666666667,1.0,0.9166666666666666
south_lanarkshire_2012_ward14,ranked-pairs,6,1.0,1.0,1.0,1.0,1.0,1.0,1.0,1.0,1.0,1.0,1.0,1.0,1.0,1.0
falkirk_2022_ward5,borda,6,0.921207722002815,1.0,0.9699773084307908,1.0,0.9718834106671208,1.0,0.9961089494163423,1.0,1.0,1.0,1.0,1.0,1.0,1.0
falkirk_2022_ward5,3-approval,6,0.921207722002815,1.0,0.9699773084307908,1.0,0.9718834106671208,1.0,0.9961089494163423,1.0,0.9,0.9333333333333333,0.8333333333333334,0.9755208333333333,1.0,1.0
falkirk_2022_ward5,2-approval,6,0.8483988930736017,1.0,0.8945778076212858,1.0,1.0,1.0,1.0,1.0,0.7,0.9333333333333333,0.0,0.8479166666666667,1.0,0.9444444444444443
falkirk_2022_ward5,plurality,6,0.726349927535711,1.0,0.7040616035029442,1.0,0.726349927535711,1.0,0.7040616035029442,1.0,0.7,0.8833333333333333,0.0,0.7833333333333333,1.0,0.6944444444444445
falkirk_2022_ward5,stv,6,0.759953037580734,1.0,0.7612359550561797,1.0,0.9718834106671208,1.0,0.9961089494163423,1.0,0.7,0.9166666666666666,0.0,0.8385416666666667,1.0,0.9166666666666666
falkirk_2022_ward5,ranked-pairs,6,1.0,1.0,1.0,1.0,1.0,1.0,1.0,1.0,1.0,1.0,1.0,1.0,1.0,1.0
moray_2017_ward6,borda,6,1.0,1.0,1.0,1.0,1.0,1.0,1.0,1.0,0.8,0.95,0.0,0.8859375,1.0,0.9166666666666666
moray_2017_ward6,3-approval,6,0.9093990970122858,1.0,0.9605587510271159,1.0,0.9093990970122858,1.0,0.9605587510271159,1.0,0.8,0.9166666666666666,0.0,0.859375,1.0,1.0
moray_2017_ward6,2-approval,6,0.852783741648495,1.0,0.9001858242633395,1.0,0.896370631190539,1.0,0.9488156820038116,1.0,0.7,0.9,0.0,0.7432291666666666,1.0,0.9166666666666666
moray_2017_ward6,plurality,6,0.8920098536200677,1.0,0.9445802770986144,1.0,0.896370631190539,1.0,0.9488156820038116,1.0,0.6,0.9166666666666666,0.0,0.8604166666666666,1.0,0.861111111111111
moray_2017_ward6,stv,6,0.8920098536200677,1.0,0.9445802770986144,1.0,1.0,1.0,1.0,1.0,0.8,0.9,0.0,0.8682291666666667,1.0,0.9166666666666666
moray_2017_ward6,ranked-pairs,6,1.0,1.0,1.0,1.0,1.0,1.0,1.0,1.0,1.0,1.0,1.0,1.0,1.0,1.0
midlothian_2022_ward5,borda,6,0.8767259291368051,1.0,0.9285853658536585,1.0,1.0,1.0,1.0,1.0,0.9,0.9666666666666667,0.0,0.903125,1.0,1.0
midlothian_2022_ward5,3-approval,6,0.9574927665208375,1.0,0.9911361804995971,1.0,1.0,1.0,1.0,1.0,0.9,0.9666666666666667,0.0,0.9057291666666667,1.0,1.0
midlothian_2022_ward5,2-approval,6,0.8767259291368051,1.0,0.9285853658536585,1.0,1.0,1.0,1.0,1.0,0.9,0.95,0.0,0.8729166666666667,1.0,1.0
midlothian_2022_ward5,plurality,6,0.8032931350449094,1.0,0.8307093906278942,1.0,0.8218514064031095,1.0,0.8582440308328632,1.0,0.8,0.9,0.0,0.8109375000000001,1.0,0.9166666666666666
midlothian_2022_ward5,stv,6,0.8032931350449094,1.0,0.8307093906278942,1.0,0.8218514064031095,1.0,0.8582440308328632,1.0,0.8,0.8833333333333333,0.0,0.8067708333333333,1.0,0.9166666666666666
midlothian_2022_ward5,ranked-pairs,6,0.9574927665208375,1.0,0.9911361804995971,1.0,1.0,1.0,1.0,1.0,0.9,0.9833333333333333,0.0,0.959375,1.0,1.0
dumgal_2017_ward12,borda,6,1.0,1.0,1.0,1.0,1.0,1.0,1.0,1.0,1.0,1.0,1.0,1.0,1.0,1.0
dumgal_2017_ward12,3-approval,6,1.0,1.0,1.0,1.0,1.0,1.0,1.0,1.0,1.0,1.0,1.0,1.0,1.0,1.0
dumgal_2017_ward12,2-approval,6,0.886133889381216,1.0,0.9386393952867943,1.0,0.886133889381216,1.0,0.9386393952867943,1.0,0.9,0.9666666666666667,0.0,0.9473958333333333,1.0,0.8333333333333334
dumgal_2017_ward12,plurality,6,1.0,1.0,1.0,1.0,1.0,1.0,1.0,1.0,0.7,0.9,0.5,0.9411458333333333,1.0,0.8888888888888888
dumgal_2017_ward12,stv,6,0.7540540602742384,1.0,0.7513556939144408,1.0,0.886133889381216,1.0,0.9386393952867943,1.0,0.9,0.9333333333333333,0.0,0.9,1.0,0.8333333333333334
dumgal_2017_ward12,ranked-pairs,6,1.0,1.0,1.0,1.0,1.0,1.0,1.0,1.0,1.0,1.0,1.0,1.0,1.0,1.0
highland_2022_thurso,borda,6,1.0,1.0,1.0,1.0,1.0,1.0,1.0,1.0,1.0,1.0,1.0,1.0,1.0,1.0
highland_2022_thurso,3-approval,6,1.0,1.0,1.0,1.0,1.0,1.0,1.0,1.0,0.9,0.9666666666666667,0.8333333333333334,0.9890625,1.0,1.0
highland_2022_thurso,2-approval,6,0.8804852896923429,1.0,0.9326814591951862,1.0,1.0,1.0,1.0,1.0,0.9,0.9833333333333333,0.0,0.9359375,1.0,1.0
highland_2022_thurso,plurality,6,0.7326952766082043,1.0,0.7150008343066913,1.0,0.7326952766082043,1.0,0.7150008343066913,1.0,0.9,0.95,0.0,0.878125,1.0,1.0
highland_2022_thurso,stv,6,0.7326952766082043,1.0,0.7150008343066913,1.0,0.7326952766082043,1.0,0.7150008343066913,1.0,0.9,0.9833333333333333,0.0,0.9333333333333333,1.0,0.8888888888888888
highland_2022_thurso,ranked-pairs,6,1.0,1.0,1.0,1.0,1.0,1.0,1.0,1.0,1.0,1.0,1.0,1.0,1.0,1.0
perth_kinross_2017_ward1,borda,6,0.9400980988032517,1.0,0.982499439084586,1.0,0.9400980988032517,1.0,0.982499439084586,1.0,0.9,0.95,0.0,0.9432291666666667,1.0,0.9166666666666666
perth_kinross_2017_ward1,3-approval,6,0.9400980988032517,1.0,0.982499439084586,1.0,0.9400980988032517,1.0,0.982499439084586,1.0,0.9,0.9666666666666667,0.0,0.9369791666666667,1.0,1.0
perth_kinross_2017_ward1,2-approval,6,1.0,1.0,1.0,1.0,1.0,1.0,1.0,1.0,1.0,1.0,0.0,0.9270833333333334,1.0,1.0
perth_kinross_2017_ward1,plurality,6,1.0,1.0,1.0,1.0,1.0,1.0,1.0,1.0,0.7,0.9166666666666666,0.33333333333333337,0.9322916666666666,1.0,0.8055555555555555
perth_kinross_2017_ward1,stv,6,0.9281737732427078,1.0,0.9749664729548503,1.0,0.9400980988032517,1.0,0.982499439084586,1.0,0.9,0.9333333333333333,0.0,0.8765625,1.0,0.9166666666666666
perth_kinross_2017_ward1,ranked-pairs,6,1.0,1.0,1.0,1.0,1.0,1.0,1.0,1.0,1.0,1.0,1.0,1.0,1.0,1.0
moray_2012_ward1,borda,6,0.917197961032188,1.0,0.966913058782119,1.0,1.0,1.0,1.0,1.0,1.0,1.0,1.0,1.0,1.0,1.0
moray_2012_ward1,3-approval,6,0.917197961032188,1.0,0.966913058782119,1.0,1.0,1.0,1.0,1.0,0.9,0.9333333333333333,0.0,0.9416666666666667,1.0,1.0
moray_2012_ward1,2-approval,6,1.0,1.0,1.0,1.0,1.0,1.0,1.0,1.0,0.9,0.9833333333333333,0.0,0.9255208333333333,1.0,1.0
moray_2012_ward1,plurality,6,0.839433155860071,1.0,0.8827493261455523,1.0,1.0,1.0,1.0,1.0,0.9,0.9666666666666667,0.0,0.91875,1.0,1.0
moray_2012_ward1,stv,6,0.839433155860071,1.0,0.8827493261455523,1.0,1.0,1.0,1.0,1.0,0.9,0.9666666666666667,0.0,0.91875,1.0,1.0
moray_2012_ward1,ranked-pairs,6,1.0,1.0,1.0,1.0,1.0,1.0,1.0,1.0,1.0,1.0,1.0,1.0,1.0,1.0
clackmannanshire_2017_ward3,borda,6,0.974912041373466,1.0,0.9969004261913985,1.0,1.0,1.0,1.0,1.0,0.9,0.9666666666666667,0.0,0.9473958333333333,1.0,0.9166666666666666
clackmannanshire_2017_ward3,3-approval,6,0.974912041373466,1.0,0.9969004261913985,1.0,1.0,1.0,1.0,1.0,0.9,0.9333333333333333,0.0,0.93125,1.0,1.0
clackmannanshire_2017_ward3,2-approval,6,0.9300354008080461,1.0,0.9762269938650306,1.0,0.9300354008080461,1.0,0.9762269938650306,1.0,0.9,0.9333333333333333,0.0,0.9026041666666667,1.0,0.861111111111111
clackmannanshire_2017_ward3,plurality,6,0.7040306447436521,1.0,0.6652665589660742,1.0,0.7040306447436521,1.0,0.6652665589660742,1.0,0.8,0.9333333333333333,0.0,0.8322916666666667,1.0,0.8333333333333334
clackmannanshire_2017_ward3,stv,6,0.7040306447436521,1.0,0.6652665589660742,1.0,0.7040306447436521,1.0,0.6652665589660742,1.0,0.8,0.9166666666666666,0.0,0.8255208333333334,1.0,0.8333333333333334
clackmannanshire_2017_ward3,ranked-pairs,6,1.0,1.0,1.0,1.0,1.0,1.0,1.0,1.0,1.0,1.0,1.0,1.0,1.0,1.0
west_lothian_2022_ward1,borda,6,0.8890469144395131,1.0,0.941617787477834,1.0,0.8890469144395131,1.0,0.941617787477834,1.0,1.0,1.0,1.0,1.0,1.0,1.0
west_lothian_2022_ward1,3-approval,6,0.8890469144395131,1.0,0.941617787477834,1.0,0.8890469144395131,1.0,0.941617787477834,1.0,1.0,1.0,1.0,1.0,1.0,1.0
west_lothian_2022_ward1,2-approval,6,1.0,1.0,1.0,1.0,1.0,1.0,1.0,1.0,0.9,0.9666666666666667,0.0,0.9447916666666667,1.0,0.8333333333333334
west_lothian_2022_ward1,plurality,6,0.7047656820657471,1.0,0.6665495843578034,1.0,0.7047656820657471,1.0,0.6665495843578034,1.0,0.5,0.8666666666666667,0.0,0.8078125,1.0,0.6944444444444443
west_lothian_2022_ward1,stv,6,0.7841913017859735,1.0,0.8008603238866396,1.0,1.0,1.0,1.0,1.0,0.6,0.9166666666666666,0.0,0.8645833333333333,1.0,1.0
west_lothian_2022_ward1,ranked-pairs,6,1.0,1.0,1.0,1.0,1.0,1.0,1.0,1.0,1.0,1.0,1.0,1.0,1.0,1.0
north_lanarkshire_2012_ward8,borda,6,1.0,1.0,1.0,1.0,1.0,1.0,1.0,1.0,0.9,0.9833333333333333,0.0,0.959375,1.0,1.0
north_lanarkshire_2012_ward8,3-approval,6,1.0,1.0,1.0,1.0,1.0,1.0,1.0,1.0,0.9,0.9833333333333333,0.0,0.9515625,1.0,1.0
north_lanarkshire_2012_ward8,2-approval,6,1.0,1.0,1.0,1.0,1.0,1.0,1.0,1.0,0.9,0.9833333333333333,0.0,0.959375,1.0,1.0
north_lanarkshire_2012_ward8,plurality,6,0.8693800291445009,1.0,0.9202882233731142,1.0,0.8693800291445009,1.0,0.9202882233731142,1.0,0.8,0.9333333333333333,0.0,0.93125,1.0,0.9166666666666666
north_lanarkshire_2012_ward8,stv,6,1.0,1.0,1.0,1.0,1.0,1.0,1.0,1.0,0.8,0.9333333333333333,0.6666666666666667,0.9598958333333333,1.0,0.9166666666666666
north_lanarkshire_2012_ward8,ranked-pairs,6,1.0,1.0,1.0,1.0,1.0,1.0,1.0,1.0,1.0,1.0,1.0,1.0,1.0,1.0
south_lanarkshire_2012_ward11,borda,6,1.0,1.0,1.0,1.0,1.0,1.0,1.0,1.0,1.0,1.0,1.0,1.0,1.0,1.0
south_lanarkshire_2012_ward11,3-approval,6,1.0,1.0,1.0,1.0,1.0,1.0,1.0,1.0,1.0,1.0,0.8333333333333334,0.984375,1.0,1.0
south_lanarkshire_2012_ward11,2-approval,6,1.0,1.0,1.0,1.0,1.0,1.0,1.0,1.0,1.0,1.0,0.6666666666666667,0.984375,1.0,1.0
south_lanarkshire_2012_ward11,plurality,6,0.7738762244488377,1.0,0.7842075788687698,1.0,0.7738762244488377,1.0,0.7842075788687698,1.0,0.8,0.9333333333333333,0.0,0.8973958333333334,1.0,0.9166666666666666
south_lanarkshire_2012_ward11,stv,6,0.7738762244488377,1.0,0.7842075788687698,1.0,0.7738762244488377,1.0,0.7842075788687698,1.0,0.8,0.9333333333333333,0.0,0.9026041666666667,1.0,0.9166666666666666
south_lanarkshire_2012_ward11,ranked-pairs,6,1.0,1.0,1.0,1.0,1.0,1.0,1.0,1.0,1.0,1.0,1.0,1.0,1.0,1.0
inverclyde_2022_ward6,borda,6,0.8723887839358017,1.0,0.9237328280435814,1.0,1.0,1.0,1.0,1.0,0.9,0.9833333333333333,0.9,0.9984375,1.0,1.0
inverclyde_2022_ward6,3-approval,6,0.8723887839358017,1.0,0.9237328280435814,1.0,1.0,1.0,1.0,1.0,1.0,1.0,0.8333333333333334,0.9973958333333334,1.0,1.0
inverclyde_2022_ward6,2-approval,6,0.8772987531753849,1.0,0.9292161520190024,1.0,1.0,1.0,1.0,1.0,0.9,0.9666666666666667,0.0,0.9083333333333333,1.0,1.0
inverclyde_2022_ward6,plurality,6,0.7753612702025849,1.0,0.7866256049274089,1.0,1.0,1.0,1.0,1.0,0.8,0.9,0.0,0.8317708333333333,1.0,0.9166666666666666
inverclyde_2022_ward6,stv,6,0.7753612702025849,1.0,0.7866256049274089,1.0,1.0,1.0,1.0,1.0,0.8,0.9166666666666666,0.0,0.8098958333333334,1.0,0.9166666666666666
inverclyde_2022_ward6,ranked-pairs,6,1.0,1.0,1.0,1.0,1.0,1.0,1.0,1.0,1.0,1.0,1.0,1.0,1.0,1.0
aberdeenshire_2017_ward6,borda,6,1.0,1.0,1.0,1.0,1.0,1.0,1.0,1.0,0.9,0.95,0.0,0.925,1.0,1.0
aberdeenshire_2017_ward6,3-approval,6,0.8915324707514345,1.0,0.9441075665699973,1.0,1.0,1.0,1.0,1.0,0.9,0.9666666666666667,0.0,0.9473958333333333,1.0,1.0
aberdeenshire_2017_ward6,2-approval,6,0.9088917558420535,1.0,0.9601275917065393,1.0,0.9088917558420535,1.0,0.9601275917065393,1.0,0.9,0.9833333333333333,0.0,0.8786458333333333,1.0,0.9166666666666666
aberdeenshire_2017_ward6,plurality,6,0.9088917558420535,1.0,0.9601275917065393,1.0,0.9088917558420535,1.0,0.9601275917065393,1.0,0.9,0.9666666666666667,0.0,0.934375,1.0,0.861111111111111
aberdeenshire_2017_ward6,stv,6,1.0,1.0,1.0,1.0,1.0,1.0,1.0,1.0,0.9,0.9333333333333333,0.33333333333333337,0.93125,1.0,0.9166666666666666
aberdeenshire_2017_ward6,ranked-pairs,6,1.0,1.0,1.0,1.0,1.0,1.0,1.0,1.0,1.0,1.0,1.0,1.0,1.0,1.0
east_ayrshire_2022_ward4,borda,6,1.0,1.0,1.0,1.0,1.0,1.0,1.0,1.0,1.0,1.0,1.0,1.0,1.0,1.0
east_ayrshire_2022_ward4,3-approval,6,1.0,1.0,1.0,1.0,1.0,1.0,1.0,1.0,0.9,0.9666666666666667,0.8333333333333334,0.98125,1.0,1.0
east_ayrshire_2022_ward4,2-approval,6,1.0,1.0,1.0,1.0,1.0,1.0,1.0,1.0,1.0,1.0,0.6666666666666667,0.9791666666666666,1.0,1.0
east_ayrshire_2022_ward4,plurality,6,0.7185917956133127,1.0,0.6906235126130413,1.0,0.7185917956133127,1.0,0.6906235126130413,1.0,0.8,0.95,0.0,0.8598958333333333,1.0,0.9444444444444443
east_ayrshire_2022_ward4,stv,6,0.8239887838891083,1.0,0.861310043668122,1.0,1.0,1.0,1.0,1.0,0.9,0.9666666666666667,0.0,0.9421875,1.0,0.9444444444444443
east_ayrshire_2022_ward4,ranked-pairs,6,1.0,1.0,1.0,1.0,1.0,1.0,1.0,1.0,1.0,1.0,1.0,1.0,1.0,1.0
angus_2022_ward7,borda,6,0.8946816493362515,1.0,0.9471930274288641,1.0,1.0,1.0,1.0,1.0,1.0,1.0,1.0,1.0,1.0,1.0
angus_2022_ward7,3-approval,6,0.8946816493362515,1.0,0.9471930274288641,1.0,1.0,1.0,1.0,1.0,0.8,0.9166666666666666,0.6666666666666667,0.9609375,1.0,1.0
angus_2022_ward7,2-approval,6,0.8606839735656295,1.0,0.9099823987930599,1.0,1.0,1.0,1.0,1.0,0.9,0.9833333333333333,0.0,0.9125,1.0,1.0
angus_2022_ward7,plurality,6,0.6970668188717835,1.0,0.6531011969532099,1.0,0.6970668188717835,1.0,0.6531011969532099,1.0,0.8,0.95,0.0,0.9041666666666667,1.0,0.9166666666666666
angus_2022_ward7,stv,6,0.6970668188717835,1.0,0.6531011969532099,1.0,0.6970668188717835,1.0,0.6531011969532099,1.0,0.8,0.95,0.0,0.9067708333333333,1.0,0.9166666666666666
angus_2022_ward7,ranked-pairs,6,1.0,1.0,1.0,1.0,1.0,1.0,1.0,1.0,1.0,1.0,1.0,1.0,1.0,1.0
aberdeenshire_2017_ward10,borda,6,1.0,1.0,1.0,1.0,1.0,1.0,1.0,1.0,0.9,0.95,0.0,0.9067708333333333,1.0,1.0
aberdeenshire_2017_ward10,3-approval,6,0.8324873289989594,1.0,0.8732673267326734,1.0,0.8324873289989594,1.0,0.8732673267326734,1.0,0.9,0.95,0.0,0.9171875,1.0,1.0
aberdeenshire_2017_ward10,2-approval,6,1.0,1.0,1.0,1.0,1.0,1.0,1.0,1.0,0.9,0.9666666666666667,0.0,0.8614583333333333,1.0,1.0
aberdeenshire_2017_ward10,plurality,6,0.7591035304358159,1.0,0.7598181066556429,1.0,1.0,1.0,1.0,1.0,0.9,0.95,0.0,0.8911458333333333,1.0,0.9166666666666666
aberdeenshire_2017_ward10,stv,6,1.0,1.0,1.0,1.0,1.0,1.0,1.0,1.0,0.8,0.9,0.33333333333333337,0.9177083333333333,1.0,0.9166666666666666
aberdeenshire_2017_ward10,ranked-pairs,6,1.0,1.0,1.0,1.0,1.0,1.0,1.0,1.0,1.0,1.0,1.0,1.0,1.0,1.0
renfrewshire_2022_ward8,borda,6,0.8693576284633152,1.0,0.9202623403520883,1.0,1.0,1.0,1.0,1.0,0.9,0.95,0.0,0.9432291666666667,1.0,1.0
renfrewshire_2022_ward8,3-approval,6,0.8693576284633152,1.0,0.9202623403520883,1.0,1.0,1.0,1.0,1.0,0.9,0.9333333333333333,0.0,0.9416666666666667,1.0,1.0
renfrewshire_2022_ward8,2-approval,6,0.8693576284633152,1.0,0.9202623403520883,1.0,1.0,1.0,1.0,1.0,1.0,1.0,0.0,0.9609375,1.0,1.0
renfrewshire_2022_ward8,plurality,6,0.796947676018562,1.0,0.820949263502455,1.0,1.0,1.0,1.0,1.0,0.8,0.9166666666666666,0.0,0.8619791666666667,1.0,0.9444444444444443
renfrewshire_2022_ward8,stv,6,0.796947676018562,1.0,0.820949263502455,1.0,1.0,1.0,1.0,1.0,0.8,0.9333333333333333,0.0,0.853125,1.0,1.0
renfrewshire_2022_ward8,ranked-pairs,6,1.0,1.0,1.0,1.0,1.0,1.0,1.0,1.0,1.0,1.0,1.0,1.0,1.0,1.0
sc_borders_2012_ward5,borda,6,1.0,1.0,1.0,1.0,1.0,1.0,1.0,1.0,1.0,1.0,1.0,1.0,1.0,1.0
sc_borders_2012_ward5,3-approval,6,1.0,1.0,1.0,1.0,1.0,1.0,1.0,1.0,1.0,1.0,1.0,1.0,1.0,1.0
sc_borders_2012_ward5,2-approval,6,1.0,1.0,1.0,1.0,1.0,1.0,1.0,1.0,1.0,1.0,1.0,1.0,1.0,1.0
sc_borders_2012_ward5,plurality,6,0.7818714294544857,1.0,0.7971450037565742,1.0,0.8275167780037372,1.0,0.8663198959687906,1.0,0.9,0.95,0.0,0.8989583333333333,1.0,1.0
sc_borders_2012_ward5,stv,6,0.8275167780037372,1.0,0.8663198959687906,1.0,0.8275167780037372,1.0,0.8663198959687906,1.0,0.9,0.9833333333333333,0.0,0.9541666666666667,1.0,0.8333333333333334
sc_borders_2012_ward5,ranked-pairs,6,1.0,1.0,1.0,1.0,1.0,1.0,1.0,1.0,1.0,1.0,1.0,1.0,1.0,1.0
east_ayrshire_2022_ward1,borda,6,0.9541651686585312,1.0,0.9897039897039897,1.0,1.0,1.0,1.0,1.0,0.9,0.95,0.0,0.9223958333333333,1.0,0.8472222222222222
east_ayrshire_2022_ward1,3-approval,6,0.9055927785247236,1.0,0.9572717202088938,1.0,1.0,1.0,1.0,1.0,0.8,0.9,0.0,0.7666666666666667,1.0,0.9444444444444443
east_ayrshire_2022_ward1,2-approval,6,0.808661066711227,1.0,0.8388343740707701,1.0,0.8356643152389734,1.0,0.877637771367846,1.0,0.8,0.85,0.0,0.5588541666666667,1.0,0.7777777777777777
east_ayrshire_2022_ward1,plurality,6,0.808661066711227,1.0,0.8388343740707701,1.0,0.8356643152389734,1.0,0.877637771367846,1.0,0.8,0.8666666666666667,0.0,0.6802083333333333,1.0,0.9027777777777778
east_ayrshire_2022_ward1,stv,6,0.808661066711227,1.0,0.8388343740707701,1.0,0.8529770026324717,1.0,0.9004302397049787,1.0,0.7,0.8333333333333334,0.0,0.6822916666666665,1.0,0.9444444444444443
east_ayrshire_2022_ward1,ranked-pairs,6,1.0,1.0,1.0,1.0,1.0,1.0,1.0,1.0,1.0,1.0,1.0,1.0,1.0,1.0
shetland_2017_ward3,borda,6,0.8966533866169978,1.0,0.9490851233094671,1.0,1.0,1.0,1.0,1.0,0.9,0.9666666666666667,0.0,0.9447916666666667,1.0,1.0
shetland_2017_ward3,3-approval,6,0.8966533866169978,1.0,0.9490851233094671,1.0,1.0,1.0,1.0,1.0,0.9,0.95,0.0,0.9432291666666667,1.0,1.0
shetland_2017_ward3,2-approval,6,0.8615871258543464,1.0,0.9110764430577222,1.0,1.0,1.0,1.0,1.0,0.9,0.9333333333333333,0.0,0.9,1.0,1.0
shetland_2017_ward3,plurality,6,0.640982964028624,1.0,0.5555555555555556,1.0,0.640982964028624,1.0,0.5555555555555556,1.0,0.8,0.9166666666666666,0.0,0.8854166666666666,1.0,0.7222222222222222
shetland_2017_ward3,stv,6,0.8966533866169978,1.0,0.9490851233094671,1.0,1.0,1.0,1.0,1.0,1.0,1.0,0.0,0.984375,1.0,1.0
shetland_2017_ward3,ranked-pairs,6,1.0,1.0,1.0,1.0,1.0,1.0,1.0,1.0,1.0,1.0,1.0,1.0,1.0,1.0
argyll_bute_2012_ward8,borda,6,1.0,1.0,1.0,1.0,1.0,1.0,1.0,1.0,1.0,1.0,1.0,1.0,1.0,1.0
argyll_bute_2012_ward8,3-approval,6,0.7886221357330622,1.0,0.8079051383399211,1.0,1.0,1.0,1.0,1.0,0.9,0.9666666666666667,0.0,0.9447916666666667,1.0,1.0
argyll_bute_2012_ward8,2-approval,6,0.901787224168106,1.0,0.9538658692866296,1.0,1.0,1.0,1.0,1.0,0.9,0.9333333333333333,0.0,0.9416666666666667,1.0,1.0
argyll_bute_2012_ward8,plurality,6,1.0,1.0,1.0,1.0,1.0,1.0,1.0,1.0,0.9,0.9833333333333333,0.6666666666666667,0.9880208333333333,1.0,1.0
argyll_bute_2012_ward8,stv,6,1.0,1.0,1.0,1.0,1.0,1.0,1.0,1.0,0.9,0.9833333333333333,0.6666666666666667,0.9880208333333333,1.0,1.0
argyll_bute_2012_ward8,ranked-pairs,6,1.0,1.0,1.0,1.0,1.0,1.0,1.0,1.0,1.0,1.0,1.0,1.0,1.0,1.0
north_lanarkshire_2012_ward19,borda,6,1.0,1.0,1.0,1.0,1.0,1.0,1.0,1.0,1.0,1.0,1.0,1.0,1.0,1.0
north_lanarkshire_2012_ward19,3-approval,6,1.0,1.0,1.0,1.0,1.0,1.0,1.0,1.0,1.0,1.0,1.0,1.0,1.0,1.0
north_lanarkshire_2012_ward19,2-approval,6,1.0,1.0,1.0,1.0,1.0,1.0,1.0,1.0,1.0,1.0,0.6666666666666667,0.9947916666666666,1.0,1.0
north_lanarkshire_2012_ward19,plurality,6,1.0,1.0,1.0,1.0,1.0,1.0,1.0,1.0,0.8,0.95,0.6666666666666667,0.971875,1.0,0.9444444444444445
north_lanarkshire_2012_ward19,stv,6,1.0,1.0,1.0,1.0,1.0,1.0,1.0,1.0,0.8,0.95,0.6666666666666667,0.971875,1.0,0.9444444444444445
north_lanarkshire_2012_ward19,ranked-pairs,6,1.0,1.0,1.0,1.0,1.0,1.0,1.0,1.0,1.0,1.0,1.0,1.0,1.0,1.0
aberdeenshire_2022_ward7,borda,6,1.0,1.0,1.0,1.0,1.0,1.0,1.0,1.0,0.9,0.9833333333333333,0.8333333333333334,0.9958333333333333,1.0,1.0
aberdeenshire_2022_ward7,3-approval,6,1.0,1.0,1.0,1.0,1.0,1.0,1.0,1.0,1.0,1.0,0.8333333333333334,0.9947916666666666,1.0,1.0
aberdeenshire_2022_ward7,2-approval,6,0.7504402814368443,1.0,0.7452647854657907,1.0,0.7504402814368443,1.0,0.7452647854657907,1.0,0.7,0.7999999999999999,0.0,0.778125,1.0,0.7777777777777777
aberdeenshire_2022_ward7,plurality,6,0.8415397564729611,1.0,0.8855711004385051,1.0,0.8415397564729611,1.0,0.8855711004385051,1.0,0.7,0.8166666666666667,0.0,0.8005208333333333,1.0,0.8888888888888888
aberdeenshire_2022_ward7,stv,6,0.8860960269515546,1.0,0.938600257621297,1.0,1.0,1.0,1.0,1.0,0.6,0.8166666666666667,0.0,0.8265625,1.0,0.9444444444444443
aberdeenshire_2022_ward7,ranked-pairs,6,1.0,1.0,1.0,1.0,1.0,1.0,1.0,1.0,1.0,1.0,1.0,1.0,1.0,1.0
fife_2012_ward8,borda,6,1.0,1.0,1.0,1.0,1.0,1.0,1.0,1.0,1.0,1.0,1.0,1.0,1.0,1.0
fife_2012_ward8,3-approval,6,1.0,1.0,1.0,1.0,1.0,1.0,1.0,1.0,1.0,1.0,1.0,1.0,1.0,1.0
fife_2012_ward8,2-approval,6,0.8429501437775256,1.0,0.8874458874458875,1.0,1.0,1.0,1.0,1.0,0.9,0.9333333333333333,0.0,0.9416666666666667,1.0,1.0
fife_2012_ward8,plurality,6,0.8429501437775256,1.0,0.8874458874458875,1.0,1.0,1.0,1.0,1.0,1.0,1.0,0.0,0.9557291666666666,1.0,1.0
fife_2012_ward8,stv,6,0.8429501437775256,1.0,0.8874458874458875,1.0,1.0,1.0,1.0,1.0,0.9,0.9333333333333333,0.0,0.9416666666666667,1.0,1.0
fife_2012_ward8,ranked-pairs,6,1.0,1.0,1.0,1.0,1.0,1.0,1.0,1.0,1.0,1.0,1.0,1.0,1.0,1.0
perth_kinross_2012_ward6,borda,6,0.9249731568211282,1.0,0.9727272727272727,1.0,1.0,1.0,1.0,1.0,0.9,0.9833333333333333,0.0,0.9359375,1.0,0.9166666666666666
perth_kinross_2012_ward6,3-approval,6,0.886510012049161,1.0,0.9390275952693821,1.0,0.9249731568211282,1.0,0.9727272727272727,1.0,1.0,1.0,0.8333333333333334,0.9947916666666666,1.0,1.0
perth_kinross_2012_ward6,2-approval,6,0.9652193089282469,1.0,0.9940540540540538,1.0,0.9652193089282469,1.0,0.9940540540540538,1.0,0.7,0.9166666666666666,0.0,0.8151041666666667,1.0,0.8333333333333334
perth_kinross_2012_ward6,plurality,6,0.9018461322229998,1.0,0.9539194915254238,1.0,1.0,1.0,1.0,1.0,0.8,0.9333333333333333,0.0,0.8973958333333334,1.0,0.9166666666666666
perth_kinross_2012_ward6,stv,6,0.9018461322229998,1.0,0.9539194915254238,1.0,1.0,1.0,1.0,1.0,0.8,0.9333333333333333,0.0,0.8973958333333334,1.0,0.9166666666666666
perth_kinross_2012_ward6,ranked-pairs,6,1.0,1.0,1.0,1.0,1.0,1.0,1.0,1.0,1.0,1.0,1.0,1.0,1.0,1.0
fife_2012_ward12,borda,6,1.0,1.0,1.0,1.0,1.0,1.0,1.0,1.0,1.0,1.0,1.0,1.0,1.0,1.0
fife_2012_ward12,3-approval,6,1.0,1.0,1.0,1.0,1.0,1.0,1.0,1.0,1.0,1.0,1.0,1.0,1.0,1.0
fife_2012_ward12,2-approval,6,1.0,1.0,1.0,1.0,1.0,1.0,1.0,1.0,1.0,1.0,1.0,1.0,1.0,1.0
fife_2012_ward12,plurality,6,0.7735529959120464,1.0,0.7836804079898002,1.0,1.0,1.0,1.0,1.0,0.9,0.95,0.0,0.9276041666666667,1.0,0.9166666666666666
fife_2012_ward12,stv,6,0.7553297312294044,1.0,0.7534990599540421,1.0,1.0,1.0,1.0,1.0,0.8,0.9333333333333333,0.0,0.9,1.0,0.9166666666666666
fife_2012_ward12,ranked-pairs,6,1.0,1.0,1.0,1.0,1.0,1.0,1.0,1.0,1.0,1.0,1.0,1.0,1.0,1.0
aberdeenshire_2017_ward5,borda,6,0.9511521467639128,1.0,0.9883167459974037,1.0,1.0,1.0,1.0,1.0,0.7,0.8666666666666667,0.0,0.8390625,1.0,1.0
aberdeenshire_2017_ward5,3-approval,6,0.84442316987798,1.0,0.8893914473684211,1.0,1.0,1.0,1.0,1.0,1.0,1.0,1.0,1.0,1.0,1.0
aberdeenshire_2017_ward5,2-approval,6,0.8735191637486809,1.0,0.9250104733975704,1.0,0.8735191637486809,1.0,0.9250104733975704,1.0,0.7,0.9166666666666666,0.0,0.7786458333333334,1.0,0.8888888888888888
aberdeenshire_2017_ward5,plurality,6,0.8735191637486809,1.0,0.9250104733975704,1.0,0.8735191637486809,1.0,0.9250104733975704,1.0,0.9,0.95,0.0,0.8989583333333333,1.0,0.8888888888888888
aberdeenshire_2017_ward5,stv,6,0.9511521467639128,1.0,0.9883167459974037,1.0,1.0,1.0,1.0,1.0,0.8,0.9666666666666667,0.0,0.9161458333333333,1.0,0.9444444444444443
aberdeenshire_2017_ward5,ranked-pairs,6,0.9511521467639128,1.0,0.9883167459974037,1.0,1.0,1.0,1.0,1.0,0.9,0.9833333333333333,0.0,0.959375,1.0,1.0
perth_kinross_2022_ward9,borda,6,0.9582584844320291,1.0,0.991450842343475,1.0,1.0,1.0,1.0,1.0,1.0,1.0,0.8333333333333334,0.9973958333333334,1.0,1.0
perth_kinross_2022_ward9,3-approval,6,0.7813613480088327,1.0,0.7963256974370606,1.0,0.7813613480088327,1.0,0.7963256974370606,1.0,1.0,1.0,0.0,0.9635416666666666,1.0,1.0
perth_kinross_2022_ward9,2-approval,6,1.0,1.0,1.0,1.0,1.0,1.0,1.0,1.0,1.0,1.0,0.0,0.9427083333333334,1.0,1.0
perth_kinross_2022_ward9,plurality,6,0.8156162388285008,1.0,0.8491711417230912,1.0,1.0,1.0,1.0,1.0,0.8,0.9333333333333333,0.0,0.8505208333333334,1.0,0.9166666666666666
perth_kinross_2022_ward9,stv,6,0.8156162388285008,1.0,0.8491711417230912,1.0,1.0,1.0,1.0,1.0,0.8,0.9166666666666666,0.0,0.875,1.0,0.9166666666666666
perth_kinross_2022_ward9,ranked-pairs,6,1.0,1.0,1.0,1.0,1.0,1.0,1.0,1.0,1.0,1.0,1.0,1.0,1.0,1.0
east_dunbartonshire_2022_ward1,borda,6,1.0,1.0,1.0,1.0,1.0,1.0,1.0,1.0,1.0,1.0,0.0,0.9427083333333334,1.0,1.0
east_dunbartonshire_2022_ward1,3-approval,6,0.84767173671843,1.0,0.8936363636363636,1.0,0.84767173671843,1.0,0.8936363636363636,1.0,0.9,0.95,0.0,0.9354166666666667,1.0,1.0
east_dunbartonshire_2022_ward1,2-approval,6,0.8394678626984963,1.0,0.8827960228984633,1.0,0.8394678626984963,1.0,0.8827960228984633,1.0,0.8,0.9,0.0,0.7484375,1.0,0.7777777777777777
east_dunbartonshire_2022_ward1,plurality,6,0.7237026388337614,1.0,0.6994832744084851,1.0,0.7604225839227642,1.0,0.7620188918652192,1.0,0.6,0.9333333333333333,0.0,0.7177083333333334,1.0,0.9166666666666666
east_dunbartonshire_2022_ward1,stv,6,0.7604225839227642,1.0,0.7620188918652192,1.0,0.7604225839227642,1.0,0.7620188918652192,1.0,0.6,0.9333333333333333,0.0,0.759375,1.0,0.8333333333333334
east_dunbartonshire_2022_ward1,ranked-pairs,6,1.0,1.0,1.0,1.0,1.0,1.0,1.0,1.0,1.0,1.0,1.0,1.0,1.0,1.0
north_lanarkshire_2012_ward20,borda,6,1.0,1.0,1.0,1.0,1.0,1.0,1.0,1.0,1.0,1.0,1.0,1.0,1.0,1.0
north_lanarkshire_2012_ward20,3-approval,6,1.0,1.0,1.0,1.0,1.0,1.0,1.0,1.0,1.0,1.0,1.0,1.0,1.0,1.0
north_lanarkshire_2012_ward20,2-approval,6,0.7928962264926549,1.0,0.8146341463414635,1.0,0.7928962264926549,1.0,0.8146341463414635,1.0,0.8,0.9333333333333333,0.0,0.8947916666666667,1.0,0.8888888888888888
north_lanarkshire_2012_ward20,plurality,6,0.7613899474691717,1.0,0.7636302065695901,1.0,0.7928962264926549,1.0,0.8146341463414635,1.0,0.8,0.9,0.0,0.8734375,1.0,0.9444444444444445
north_lanarkshire_2012_ward20,stv,6,0.7613899474691717,1.0,0.7636302065695901,1.0,0.7928962264926549,1.0,0.8146341463414635,1.0,0.8,0.8833333333333333,0.0,0.871875,1.0,0.8888888888888888
north_lanarkshire_2012_ward20,ranked-pairs,6,1.0,1.0,1.0,1.0,1.0,1.0,1.0,1.0,1.0,1.0,1.0,1.0,1.0,1.0
east_ayrshire_2022_ward5,borda,6,1.0,1.0,1.0,1.0,1.0,1.0,1.0,1.0,1.0,1.0,1.0,1.0,1.0,1.0
east_ayrshire_2022_ward5,3-approval,6,1.0,1.0,1.0,1.0,1.0,1.0,1.0,1.0,1.0,1.0,1.0,1.0,1.0,1.0
east_ayrshire_2022_ward5,2-approval,6,1.0,1.0,1.0,1.0,1.0,1.0,1.0,1.0,0.9,0.9666666666666667,0.6666666666666667,0.9890625,1.0,1.0
east_ayrshire_2022_ward5,plurality,6,0.8050177709578635,1.0,0.8333333333333335,1.0,1.0,1.0,1.0,1.0,0.8,0.95,0.0,0.9328125,1.0,1.0
east_ayrshire_2022_ward5,stv,6,0.8050177709578635,1.0,0.8333333333333335,1.0,1.0,1.0,1.0,1.0,0.9,0.9666666666666667,0.0,0.9473958333333333,1.0,1.0
east_ayrshire_2022_ward5,ranked-pairs,6,1.0,1.0,1.0,1.0,1.0,1.0,1.0,1.0,1.0,1.0,1.0,1.0,1.0,1.0
aberdeenshire_2022_ward12,borda,6,1.0,1.0,1.0,1.0,1.0,1.0,1.0,1.0,0.9,0.95,0.0,0.9432291666666667,1.0,1.0
aberdeenshire_2022_ward12,3-approval,6,0.9780693130338536,1.0,0.9976303317535546,1.0,1.0,1.0,1.0,1.0,0.8,0.9166666666666666,0.6666666666666667,0.953125,1.0,0.9444444444444445
aberdeenshire_2022_ward12,2-approval,6,1.0,1.0,1.0,1.0,1.0,1.0,1.0,1.0,0.8,0.95,0.0,0.8963541666666667,1.0,0.9444444444444445
aberdeenshire_2022_ward12,plurality,6,0.8787734860453965,1.0,0.9308291342189645,1.0,0.8787734860453965,1.0,0.9308291342189645,1.0,0.8,0.9166666666666666,0.0,0.8854166666666666,1.0,0.861111111111111
aberdeenshire_2022_ward12,stv,6,0.8787734860453965,1.0,0.9308291342189645,1.0,1.0,1.0,1.0,1.0,0.9,0.9666666666666667,0.0,0.9213541666666667,1.0,0.9444444444444445
aberdeenshire_2022_ward12,ranked-pairs,6,1.0,1.0,1.0,1.0,1.0,1.0,1.0,1.0,1.0,1.0,1.0,1.0,1.0,1.0
glasgow_2022_ward11,borda,6,1.0,1.0,1.0,1.0,1.0,1.0,1.0,1.0,1.0,1.0,1.0,1.0,1.0,1.0
glasgow_2022_ward11,3-approval,6,1.0,1.0,1.0,1.0,1.0,1.0,1.0,1.0,0.9,0.9666666666666667,0.0,0.9473958333333333,1.0,1.0
glasgow_2022_ward11,2-approval,6,1.0,1.0,1.0,1.0,1.0,1.0,1.0,1.0,1.0,1.0,0.0,0.9713541666666666,1.0,1.0
glasgow_2022_ward11,plurality,6,0.6376914165158504,1.0,0.5499104744852283,1.0,1.0,1.0,1.0,1.0,0.9,0.9666666666666667,0.0,0.9473958333333333,1.0,1.0
glasgow_2022_ward11,stv,6,1.0,1.0,1.0,1.0,1.0,1.0,1.0,1.0,1.0,1.0,1.0,1.0,1.0,1.0
glasgow_2022_ward11,ranked-pairs,6,1.0,1.0,1.0,1.0,1.0,1.0,1.0,1.0,1.0,1.0,1.0,1.0,1.0,1.0
aberdeenshire_2012_ward12,borda,6,0.9842203489998533,1.0,0.9987722529158991,1.0,1.0,1.0,1.0,1.0,1.0,1.0,1.0,1.0,1.0,1.0
aberdeenshire_2012_ward12,3-approval,6,0.9842203489998533,1.0,0.9987722529158991,1.0,1.0,1.0,1.0,1.0,0.9,0.9666666666666667,0.6666666666666667,0.9760416666666667,1.0,1.0
aberdeenshire_2012_ward12,2-approval,6,1.0,1.0,1.0,1.0,1.0,1.0,1.0,1.0,0.9,0.9833333333333333,0.0,0.9307291666666666,1.0,1.0
aberdeenshire_2012_ward12,plurality,6,0.7433850549370375,1.0,0.7332978440244875,1.0,1.0,1.0,1.0,1.0,0.9,0.95,0.0,0.9432291666666667,1.0,1.0
aberdeenshire_2012_ward12,stv,6,1.0,1.0,1.0,1.0,1.0,1.0,1.0,1.0,1.0,1.0,1.0,1.0,1.0,1.0
aberdeenshire_2012_ward12,ranked-pairs,6,1.0,1.0,1.0,1.0,1.0,1.0,1.0,1.0,1.0,1.0,1.0,1.0,1.0,1.0
south_lanarkshire_2022_ward16,borda,6,0.934942283690394,1.0,0.9794004046349088,1.0,0.934942283690394,1.0,0.9794004046349088,1.0,0.8,0.95,0.0,0.9145833333333333,1.0,0.9166666666666666
south_lanarkshire_2022_ward16,3-approval,6,0.934942283690394,1.0,0.9794004046349088,1.0,0.934942283690394,1.0,0.9794004046349088,1.0,0.7,0.8666666666666667,0.0,0.8572916666666667,1.0,0.861111111111111
south_lanarkshire_2022_ward16,2-approval,6,0.934942283690394,1.0,0.9794004046349088,1.0,0.934942283690394,1.0,0.9794004046349088,1.0,0.9,0.95,0.0,0.8963541666666667,1.0,1.0
south_lanarkshire_2022_ward16,plurality,6,0.9686963248952649,1.0,0.9951798294401186,1.0,0.9686963248952649,1.0,0.9951798294401186,1.0,0.8,0.95,0.0,0.9197916666666667,1.0,0.9166666666666666
south_lanarkshire_2022_ward16,stv,6,0.9686963248952649,1.0,0.9951798294401186,1.0,0.9686963248952649,1.0,0.9951798294401186,1.0,0.9,0.95,0.0,0.9171875,1.0,0.9166666666666666
south_lanarkshire_2022_ward16,ranked-pairs,6,0.9686963248952649,1.0,0.9951798294401186,1.0,0.9686963248952649,1.0,0.9951798294401186,1.0,0.9,0.9833333333333333,0.0,0.959375,1.0,0.9166666666666666
argyll_bute_2012_ward10,borda,6,0.9204705971440093,1.0,0.9694244604316549,1.0,1.0,1.0,1.0,1.0,1.0,1.0,1.0,1.0,1.0,1.0
argyll_bute_2012_ward10,3-approval,6,0.9204705971440093,1.0,0.9694244604316549,1.0,1.0,1.0,1.0,1.0,0.9,0.9666666666666667,0.8333333333333334,0.9838541666666667,1.0,1.0
argyll_bute_2012_ward10,2-approval,6,0.9541634215762136,1.0,0.9897032101756512,1.0,0.9541634215762136,1.0,0.9897032101756512,1.0,0.9,0.95,0.0,0.8859375,1.0,1.0
argyll_bute_2012_ward10,plurality,6,0.7211413359946339,1.0,0.6950464396284831,1.0,0.9541634215762136,1.0,0.9897032101756512,1.0,0.7,0.8666666666666667,0.0,0.8182291666666668,1.0,1.0
argyll_bute_2012_ward10,stv,6,0.7211413359946339,1.0,0.6950464396284831,1.0,0.9541634215762136,1.0,0.9897032101756512,1.0,0.7,0.8666666666666667,0.0,0.8182291666666668,1.0,1.0
argyll_bute_2012_ward10,ranked-pairs,6,1.0,1.0,1.0,1.0,1.0,1.0,1.0,1.0,1.0,1.0,1.0,1.0,1.0,1.0
edinburgh_2017_ward10,borda,6,0.887317270121058,1.0,0.9398571428571428,1.0,1.0,1.0,1.0,1.0,0.8,0.95,0.0,0.9067708333333333,1.0,1.0
edinburgh_2017_ward10,3-approval,6,0.887317270121058,1.0,0.9398571428571428,1.0,1.0,1.0,1.0,1.0,0.8,0.9166666666666666,0.0,0.9375,1.0,1.0
edinburgh_2017_ward10,2-approval,6,0.7229753462234983,1.0,0.6982241120560279,1.0,1.0,1.0,1.0,1.0,0.6,0.8166666666666667,0.0,0.7354166666666666,1.0,1.0
edinburgh_2017_ward10,plurality,6,0.7229753462234983,1.0,0.6982241120560279,1.0,0.7229753462234983,1.0,0.6982241120560279,1.0,0.6,0.8333333333333334,0.0,0.7109375,1.0,0.8888888888888888
edinburgh_2017_ward10,stv,6,0.7229753462234983,1.0,0.6982241120560279,1.0,1.0,1.0,1.0,1.0,0.5,0.7833333333333333,0.0,0.7531249999999999,1.0,0.8888888888888888
edinburgh_2017_ward10,ranked-pairs,6,1.0,1.0,1.0,1.0,1.0,1.0,1.0,1.0,1.0,1.0,1.0,1.0,1.0,1.0
inverclyde_2022_ward3,borda,6,1.0,1.0,1.0,1.0,1.0,1.0,1.0,1.0,1.0,1.0,1.0,1.0,1.0,1.0
inverclyde_2022_ward3,3-approval,6,1.0,1.0,1.0,1.0,1.0,1.0,1.0,1.0,1.0,1.0,1.0,1.0,1.0,1.0
inverclyde_2022_ward3,2-approval,6,0.7728545272562064,1.0,0.7825401827923101,1.0,1.0,1.0,1.0,1.0,0.8,0.8833333333333333,0.0,0.8718750000000001,1.0,1.0
inverclyde_2022_ward3,plurality,6,0.7728545272562064,1.0,0.7825401827923101,1.0,1.0,1.0,1.0,1.0,0.8,0.9333333333333333,0.0,0.8791666666666667,1.0,0.9166666666666666
inverclyde_2022_ward3,stv,6,0.7728545272562064,1.0,0.7825401827923101,1.0,1.0,1.0,1.0,1.0,0.7,0.9,0.0,0.8552083333333333,1.0,0.9166666666666666
inverclyde_2022_ward3,ranked-pairs,6,1.0,1.0,1.0,1.0,1.0,1.0,1.0,1.0,1.0,1.0,1.0,1.0,1.0,1.0
shetland_2022_ward4,borda,6,1.0,1.0,1.0,1.0,1.0,1.0,1.0,1.0,1.0,1.0,1.0,1.0,1.0,1.0
shetland_2022_ward4,3-approval,6,1.0,1.0,1.0,1.0,1.0,1.0,1.0,1.0,1.0,1.0,1.0,1.0,1.0,1.0
shetland_2022_ward4,2-approval,6,1.0,1.0,1.0,1.0,1.0,1.0,1.0,1.0,1.0,1.0,0.6666666666666667,0.9947916666666666,1.0,1.0
shetland_2022_ward4,plurality,6,1.0,1.0,1.0,1.0,1.0,1.0,1.0,1.0,1.0,1.0,0.6666666666666667,0.9947916666666666,1.0,1.0
shetland_2022_ward4,stv,6,1.0,1.0,1.0,1.0,1.0,1.0,1.0,1.0,1.0,1.0,0.6666666666666667,0.9947916666666666,1.0,1.0
shetland_2022_ward4,ranked-pairs,6,1.0,1.0,1.0,1.0,1.0,1.0,1.0,1.0,1.0,1.0,1.0,1.0,1.0,1.0
east_dunbartonshire_2017_ward3,borda,6,1.0,1.0,1.0,1.0,1.0,1.0,1.0,1.0,1.0,1.0,1.0,1.0,1.0,1.0
east_dunbartonshire_2017_ward3,3-approval,6,1.0,1.0,1.0,1.0,1.0,1.0,1.0,1.0,1.0,1.0,0.8333333333333334,0.9921875,1.0,1.0
east_dunbartonshire_2017_ward3,2-approval,6,0.8197238885810656,1.0,0.8551695269987443,1.0,1.0,1.0,1.0,1.0,0.8,0.9333333333333333,0.0,0.8869791666666667,1.0,0.9444444444444445
east_dunbartonshire_2017_ward3,plurality,6,0.7725647721147211,1.0,0.7820667470848413,1.0,0.7921222526723737,1.0,0.8134206219312601,1.0,0.8,0.95,0.0,0.8520833333333333,1.0,0.9166666666666666
east_dunbartonshire_2017_ward3,stv,6,0.7725647721147211,1.0,0.7820667470848413,1.0,0.7921222526723737,1.0,0.8134206219312601,1.0,0.8,0.9333333333333333,0.0,0.8375,1.0,0.9166666666666666
east_dunbartonshire_2017_ward3,ranked-pairs,6,1.0,1.0,1.0,1.0,1.0,1.0,1.0,1.0,1.0,1.0,1.0,1.0,1.0,1.0
eilean_siar_2017_ward5,borda,6,1.0,1.0,1.0,1.0,1.0,1.0,1.0,1.0,1.0,1.0,1.0,1.0,1.0,1.0
eilean_siar_2017_ward5,3-approval,6,1.0,1.0,1.0,1.0,1.0,1.0,1.0,1.0,1.0,1.0,1.0,1.0,1.0,1.0
eilean_siar_2017_ward5,2-approval,6,1.0,1.0,1.0,1.0,1.0,1.0,1.0,1.0,1.0,0.9833333333333333,0.9,0.9984375,1.0,1.0
eilean_siar_2017_ward5,plurality,6,0.8665195706750932,1.0,0.9169550173010381,1.0,1.0,1.0,1.0,1.0,0.9,0.9666666666666667,0.0,0.91875,1.0,1.0
eilean_siar_2017_ward5,stv,6,0.9120772236134184,1.0,0.9627989371124892,1.0,1.0,1.0,1.0,1.0,0.9,0.9833333333333333,0.0,0.959375,1.0,1.0
eilean_siar_2017_ward5,ranked-pairs,6,1.0,1.0,1.0,1.0,1.0,1.0,1.0,1.0,1.0,1.0,1.0,1.0,1.0,1.0
highland_2022_wick_and_east_caithness,borda,6,0.891156487439416,1.0,0.9437340153452686,1.0,1.0,1.0,1.0,1.0,0.9,0.9833333333333333,0.0,0.9463541666666667,1.0,1.0
highland_2022_wick_and_east_caithness,3-approval,6,0.891156487439416,1.0,0.9437340153452686,1.0,1.0,1.0,1.0,1.0,0.9,0.9333333333333333,0.0,0.9338541666666667,1.0,1.0
highland_2022_wick_and_east_caithness,2-approval,6,0.8794909678210705,1.0,0.9316081330868762,1.0,1.0,1.0,1.0,1.0,0.8,0.9,0.0,0.8447916666666666,1.0,1.0
highland_2022_wick_and_east_caithness,plurality,6,0.7269385648441148,1.0,0.7050785233530492,1.0,0.7421581157858039,1.0,0.7312072892938498,1.0,0.9,0.9833333333333333,0.0,0.8526041666666666,1.0,1.0
highland_2022_wick_and_east_caithness,stv,6,0.7421581157858039,1.0,0.7312072892938498,1.0,0.7421581157858039,1.0,0.7312072892938498,1.0,0.9,0.95,0.0,0.89375,1.0,0.8888888888888888
highland_2022_wick_and_east_caithness,ranked-pairs,6,1.0,1.0,1.0,1.0,1.0,1.0,1.0,1.0,1.0,1.0,1.0,1.0,1.0,1.0
east_ayrshire_2022_ward9,borda,6,0.9165810573792101,1.0,0.9664292980671413,1.0,0.9165810573792101,1.0,0.9664292980671413,1.0,0.9,0.9833333333333333,0.0,0.9515625,1.0,0.9166666666666666
east_ayrshire_2022_ward9,3-approval,6,1.0,1.0,1.0,1.0,1.0,1.0,1.0,1.0,1.0,1.0,0.8333333333333334,0.984375,1.0,1.0
east_ayrshire_2022_ward9,2-approval,6,0.8086137996294829,1.0,0.8387633769322235,1.0,0.9165810573792101,1.0,0.9664292980671413,1.0,0.9,0.9333333333333333,0.0,0.8713541666666667,1.0,1.0
east_ayrshire_2022_ward9,plurality,6,0.8086137996294829,1.0,0.8387633769322235,1.0,0.9165810573792101,1.0,0.9664292980671413,1.0,1.0,1.0,0.0,0.953125,1.0,1.0
east_ayrshire_2022_ward9,stv,6,0.8086137996294829,1.0,0.8387633769322235,1.0,0.9165810573792101,1.0,0.9664292980671413,1.0,1.0,1.0,0.0,0.9505208333333334,1.0,1.0
east_ayrshire_2022_ward9,ranked-pairs,6,1.0,1.0,1.0,1.0,1.0,1.0,1.0,1.0,1.0,1.0,1.0,1.0,1.0,1.0
argyll_bute_2017_ward2,borda,6,1.0,1.0,1.0,1.0,1.0,1.0,1.0,1.0,1.0,1.0,0.6666666666666667,0.9895833333333334,1.0,1.0
argyll_bute_2017_ward2,3-approval,6,1.0,1.0,1.0,1.0,1.0,1.0,1.0,1.0,1.0,1.0,0.0,0.9479166666666666,1.0,1.0
argyll_bute_2017_ward2,2-approval,6,0.846330833892773,1.0,0.8918918918918919,1.0,0.846330833892773,1.0,0.8918918918918919,1.0,0.8,0.9166666666666666,0.0,0.8619791666666667,1.0,0.8611111111111112
argyll_bute_2017_ward2,plurality,6,0.7445956511651278,1.0,0.7353579175704991,1.0,0.846330833892773,1.0,0.8918918918918919,1.0,0.8,0.95,0.0,0.8546875,1.0,1.0
argyll_bute_2017_ward2,stv,6,0.846330833892773,1.0,0.8918918918918919,1.0,0.846330833892773,1.0,0.8918918918918919,1.0,0.9,0.9833333333333333,0.0,0.928125,1.0,0.9166666666666666
argyll_bute_2017_ward2,ranked-pairs,6,1.0,1.0,1.0,1.0,1.0,1.0,1.0,1.0,1.0,1.0,1.0,1.0,1.0,1.0
aberdeenshire_2017_ward14,borda,6,1.0,1.0,1.0,1.0,1.0,1.0,1.0,1.0,1.0,1.0,0.6666666666666667,0.9947916666666666,1.0,1.0
aberdeenshire_2017_ward14,3-approval,6,1.0,1.0,1.0,1.0,1.0,1.0,1.0,1.0,0.8,0.95,0.0,0.9302083333333333,1.0,0.9444444444444443
aberdeenshire_2017_ward14,2-approval,6,0.7404285596820214,1.0,0.7282559025133282,1.0,1.0,1.0,1.0,1.0,0.9,0.9333333333333333,0.0,0.8791666666666667,1.0,0.9583333333333334
aberdeenshire_2017_ward14,plurality,6,1.0,1.0,1.0,1.0,1.0,1.0,1.0,1.0,0.8,0.9333333333333333,0.33333333333333337,0.9182291666666667,1.0,0.9444444444444445
aberdeenshire_2017_ward14,stv,6,1.0,1.0,1.0,1.0,1.0,1.0,1.0,1.0,0.8,0.8833333333333333,0.33333333333333337,0.903125,1.0,0.9444444444444445
aberdeenshire_2017_ward14,ranked-pairs,6,1.0,1.0,1.0,1.0,1.0,1.0,1.0,1.0,1.0,1.0,1.0,1.0,1.0,1.0
falkirk_2017_ward1,borda,6,1.0,1.0,1.0,1.0,1.0,1.0,1.0,1.0,0.9,0.9833333333333333,0.0,0.9541666666666667,1.0,0.9166666666666666
falkirk_2017_ward1,3-approval,6,1.0,1.0,1.0,1.0,1.0,1.0,1.0,1.0,0.9,0.9333333333333333,0.0,0.9260416666666667,1.0,0.861111111111111
falkirk_2017_ward1,2-approval,6,0.9465280490921486,1.0,0.9860217031451168,1.0,1.0,1.0,1.0,1.0,0.9,0.9833333333333333,0.0,0.9072916666666666,1.0,1.0
falkirk_2017_ward1,plurality,6,0.7977160276811113,1.0,0.8221397232534595,1.0,0.8323137062080287,1.0,0.8730268863833478,1.0,0.8,0.9166666666666666,0.0,0.8072916666666667,1.0,0.9166666666666666
falkirk_2017_ward1,stv,6,0.7977160276811113,1.0,0.8221397232534595,1.0,0.8323137062080287,1.0,0.8730268863833478,1.0,0.8,0.9166666666666666,0.0,0.8098958333333334,1.0,0.9166666666666666
falkirk_2017_ward1,ranked-pairs,6,1.0,1.0,1.0,1.0,1.0,1.0,1.0,1.0,1.0,1.0,1.0,1.0,1.0,1.0
stirling_2012_ward6,borda,6,1.0,1.0,1.0,1.0,1.0,1.0,1.0,1.0,1.0,1.0,1.0,1.0,1.0,1.0
stirling_2012_ward6,3-approval,6,1.0,1.0,1.0,1.0,1.0,1.0,1.0,1.0,1.0,1.0,1.0,1.0,1.0,1.0
stirling_2012_ward6,2-approval,6,1.0,1.0,1.0,1.0,1.0,1.0,1.0,1.0,1.0,1.0,1.0,1.0,1.0,1.0
stirling_2012_ward6,plurality,6,0.7890963222902838,1.0,0.808654970760234,1.0,1.0,1.0,1.0,1.0,0.9,0.9333333333333333,0.0,0.8635416666666667,1.0,1.0
stirling_2012_ward6,stv,6,0.7890963222902838,1.0,0.808654970760234,1.0,1.0,1.0,1.0,1.0,0.8,0.9166666666666666,0.0,0.8541666666666667,1.0,1.0
stirling_2012_ward6,ranked-pairs,6,1.0,1.0,1.0,1.0,1.0,1.0,1.0,1.0,1.0,1.0,1.0,1.0,1.0,1.0
edinburgh_2017_ward8,borda,6,1.0,1.0,1.0,1.0,1.0,1.0,1.0,1.0,1.0,1.0,1.0,1.0,1.0,1.0
edinburgh_2017_ward8,3-approval,6,1.0,1.0,1.0,1.0,1.0,1.0,1.0,1.0,0.9,0.9833333333333333,0.6666666666666667,0.975,1.0,1.0
edinburgh_2017_ward8,2-approval,6,0.8070170647419332,1.0,0.8363592350520453,1.0,1.0,1.0,1.0,1.0,0.9,0.9666666666666667,0.0,0.8640625000000001,1.0,1.0
edinburgh_2017_ward8,plurality,6,0.7027259828520144,1.0,0.6629886737303617,1.0,0.7027259828520144,1.0,0.6629886737303617,1.0,0.7,0.9,0.0,0.8109375000000001,1.0,0.9166666666666666
edinburgh_2017_ward8,stv,6,0.8548947527622344,1.0,0.9028428093645483,1.0,1.0,1.0,1.0,1.0,0.9,0.9666666666666667,0.0,0.903125,1.0,0.9166666666666666
edinburgh_2017_ward8,ranked-pairs,6,1.0,1.0,1.0,1.0,1.0,1.0,1.0,1.0,1.0,1.0,1.0,1.0,1.0,1.0
shetland_2012_ward4,borda,6,1.0,1.0,1.0,1.0,1.0,1.0,1.0,1.0,1.0,1.0,1.0,1.0,1.0,1.0
shetland_2012_ward4,3-approval,6,1.0,1.0,1.0,1.0,1.0,1.0,1.0,1.0,0.8,0.9,0.6666666666666667,0.9697916666666667,1.0,1.0
shetland_2012_ward4,2-approval,6,1.0,1.0,1.0,1.0,1.0,1.0,1.0,1.0,1.0,1.0,0.6666666666666667,0.96875,1.0,1.0
shetland_2012_ward4,plurality,6,0.6848535179665054,1.0,0.6317460317460317,1.0,0.6848535179665054,1.0,0.6317460317460317,1.0,0.9,0.9666666666666667,0.0,0.9447916666666667,1.0,0.8333333333333334
shetland_2012_ward4,stv,6,1.0,1.0,1.0,1.0,1.0,1.0,1.0,1.0,1.0,1.0,1.0,1.0,1.0,1.0
shetland_2012_ward4,ranked-pairs,6,1.0,1.0,1.0,1.0,1.0,1.0,1.0,1.0,1.0,1.0,1.0,1.0,1.0,1.0
west_lothian_2012_ward6,borda,6,0.9679827214100848,1.0,0.9949583090944347,1.0,0.9679827214100848,1.0,0.9949583090944347,1.0,1.0,1.0,1.0,1.0,1.0,1.0
west_lothian_2012_ward6,3-approval,6,0.9679827214100848,1.0,0.9949583090944347,1.0,0.9679827214100848,1.0,0.9949583090944347,1.0,1.0,1.0,0.8333333333333334,0.9947916666666666,1.0,1.0
west_lothian_2012_ward6,2-approval,6,0.9679827214100848,1.0,0.9949583090944347,1.0,0.9679827214100848,1.0,0.9949583090944347,1.0,1.0,1.0,0.6666666666666667,0.9921875,1.0,1.0
west_lothian_2012_ward6,plurality,6,0.7779190772475992,1.0,0.7907745865970409,1.0,1.0,1.0,1.0,1.0,0.7,0.8833333333333333,0.0,0.8953125000000001,1.0,0.7222222222222222
west_lothian_2012_ward6,stv,6,0.9679827214100848,1.0,0.9949583090944347,1.0,0.9679827214100848,1.0,0.9949583090944347,1.0,0.8,0.9,0.0,0.9072916666666667,1.0,0.8333333333333334
west_lothian_2012_ward6,ranked-pairs,6,1.0,1.0,1.0,1.0,1.0,1.0,1.0,1.0,1.0,1.0,1.0,1.0,1.0,1.0
fife_2022_ward13,borda,6,0.9529636487702349,1.0,0.9891610665510515,1.0,1.0,1.0,1.0,1.0,1.0,1.0,1.0,1.0,1.0,1.0
fife_2022_ward13,3-approval,6,0.9529636487702349,1.0,0.9891610665510515,1.0,1.0,1.0,1.0,1.0,0.9,0.9833333333333333,0.0,0.94375,1.0,1.0
fife_2022_ward13,2-approval,6,0.8242164189191103,1.0,0.8616352201257861,1.0,1.0,1.0,1.0,1.0,0.8,0.9333333333333333,0.0,0.8661458333333334,1.0,1.0
fife_2022_ward13,plurality,6,0.8242164189191103,1.0,0.8616352201257861,1.0,1.0,1.0,1.0,1.0,0.9,0.95,0.0,0.9041666666666667,1.0,0.8611111111111112
fife_2022_ward13,stv,6,0.8242164189191103,1.0,0.8616352201257861,1.0,1.0,1.0,1.0,1.0,0.9,0.9833333333333333,0.0,0.896875,1.0,1.0
fife_2022_ward13,ranked-pairs,6,1.0,1.0,1.0,1.0,1.0,1.0,1.0,1.0,1.0,1.0,1.0,1.0,1.0,1.0
moray_2022_ward5,borda,6,0.8958238806615322,1.0,0.9482928754687191,1.0,1.0,1.0,1.0,1.0,0.9,0.9166666666666666,0.0,0.8932291666666666,1.0,1.0
moray_2022_ward5,3-approval,6,0.9147424494321328,1.0,0.9649681528662419,1.0,1.0,1.0,1.0,1.0,1.0,1.0,0.6666666666666667,0.9713541666666666,1.0,1.0
moray_2022_ward5,2-approval,6,0.8958238806615322,1.0,0.9482928754687191,1.0,1.0,1.0,1.0,1.0,0.9,0.9666666666666667,0.0,0.8822916666666667,1.0,1.0
moray_2022_ward5,plurality,6,0.7876746012984952,1.0,0.8064043915827996,1.0,1.0,1.0,1.0,1.0,0.9,0.95,0.0,0.8598958333333333,1.0,0.9444444444444443
moray_2022_ward5,stv,6,0.7876746012984952,1.0,0.8064043915827996,1.0,1.0,1.0,1.0,1.0,0.9,0.9666666666666667,0.0,0.8640625,1.0,0.9444444444444443
moray_2022_ward5,ranked-pairs,6,1.0,1.0,1.0,1.0,1.0,1.0,1.0,1.0,1.0,1.0,1.0,1.0,1.0,1.0
dumgal_2022_ward10,borda,6,1.0,1.0,1.0,1.0,1.0,1.0,1.0,1.0,1.0,1.0,1.0,1.0,1.0,1.0
dumgal_2022_ward10,3-approval,6,1.0,1.0,1.0,1.0,1.0,1.0,1.0,1.0,1.0,1.0,1.0,1.0,1.0,1.0
dumgal_2022_ward10,2-approval,6,0.846776671091178,1.0,0.8924731182795698,1.0,1.0,1.0,1.0,1.0,0.7,0.8833333333333333,0.0,0.7442708333333333,1.0,1.0
dumgal_2022_ward10,plurality,6,0.7427550203128709,1.0,0.7322246733412523,1.0,0.7850681549435454,1.0,0.8022598870056497,1.0,0.7,0.8333333333333334,0.0,0.7083333333333333,1.0,0.9444444444444443
dumgal_2022_ward10,stv,6,0.7427550203128709,1.0,0.7322246733412523,1.0,0.7850681549435454,1.0,0.8022598870056497,1.0,0.7,0.8333333333333334,0.0,0.7083333333333333,1.0,0.9444444444444443
dumgal_2022_ward10,ranked-pairs,6,1.0,1.0,1.0,1.0,1.0,1.0,1.0,1.0,1.0,1.0,1.0,1.0,1.0,1.0
perth_kinross_2022_ward2,borda,7,0.9389564363532313,1.0,0.9818341634925288,1.0,1.0,1.0,1.0,1.0,0.8666666666666667,0.9714285714285714,0.0,0.9377604166666667,1.0,1.0
perth_kinross_2022_ward2,3-approval,7,1.0,1.0,1.0,1.0,1.0,1.0,1.0,1.0,0.9333333333333333,0.9714285714285714,0.0,0.8802083333333333,1.0,1.0
perth_kinross_2022_ward2,2-approval,7,0.8128339600465875,1.0,0.84506273867976,1.0,0.8128339600465875,1.0,0.84506273867976,1.0,0.9333333333333333,0.9714285714285714,0.0,0.8169270833333333,1.0,1.0
perth_kinross_2022_ward2,plurality,7,0.8470448538844964,1.0,0.892822163145376,1.0,0.8470448538844964,1.0,0.892822163145376,1.0,0.8,0.9047619047619048,0.0,0.7604166666666669,1.0,0.9523809523809524
perth_kinross_2022_ward2,stv,7,0.8470448538844964,1.0,0.892822163145376,1.0,0.9038885648203161,1.0,0.9557611681364755,1.0,0.7333333333333334,0.8571428571428572,0.0,0.7669270833333335,1.0,0.9047619047619048
perth_kinross_2022_ward2,ranked-pairs,7,1.0,1.0,1.0,1.0,1.0,1.0,1.0,1.0,1.0,1.0,1.0,1.0,1.0,1.0
renfrewshire_2012_ward11,borda,7,0.9472330570734506,1.0,0.9863845446182152,1.0,1.0,1.0,1.0,1.0,1.0,1.0,1.0,1.0,1.0,1.0
renfrewshire_2012_ward11,3-approval,7,0.8477230153058389,1.0,0.8937028591475179,1.0,1.0,1.0,1.0,1.0,0.8666666666666667,0.9333333333333333,0.0,0.9088541666666666,1.0,1.0
renfrewshire_2012_ward11,2-approval,7,0.9472330570734506,1.0,0.9863845446182152,1.0,1.0,1.0,1.0,1.0,0.9333333333333333,0.9619047619047619,0.0,0.9382812500000001,1.0,1.0
renfrewshire_2012_ward11,plurality,7,0.8372909256807349,1.0,0.8798537349817169,1.0,1.0,1.0,1.0,1.0,0.8666666666666667,0.9523809523809523,0.0,0.8763020833333333,1.0,1.0
renfrewshire_2012_ward11,stv,7,0.8372909256807349,1.0,0.8798537349817169,1.0,1.0,1.0,1.0,1.0,0.8666666666666667,0.9523809523809523,0.0,0.8763020833333333,1.0,1.0
renfrewshire_2012_ward11,ranked-pairs,7,1.0,1.0,1.0,1.0,1.0,1.0,1.0,1.0,1.0,1.0,1.0,1.0,1.0,1.0
highland_2017_ward13,borda,7,0.9062833454848361,1.0,0.95787700084246,1.0,1.0,1.0,1.0,1.0,1.0,1.0,1.0,1.0,1.0,1.0
highland_2017_ward13,3-approval,7,0.9062833454848361,1.0,0.95787700084246,1.0,1.0,1.0,1.0,1.0,1.0,1.0,0.6666666666666667,0.9830729166666666,1.0,1.0
highland_2017_ward13,2-approval,7,0.7987245009545813,1.0,0.8236986659691341,1.0,1.0,1.0,1.0,1.0,0.9333333333333333,0.9619047619047619,0.0,0.9041666666666667,1.0,1.0
highland_2017_ward13,plurality,7,0.7743294447148018,1.0,0.7849462365591396,1.0,1.0,1.0,1.0,1.0,0.8666666666666667,0.9428571428571428,0.0,0.8656249999999999,1.0,0.9285714285714286
highland_2017_ward13,stv,7,0.7929254065651093,1.0,0.8146798542425819,1.0,1.0,1.0,1.0,1.0,0.8666666666666667,0.9619047619047619,0.0,0.8674479166666667,1.0,1.0
highland_2017_ward13,ranked-pairs,7,1.0,1.0,1.0,1.0,1.0,1.0,1.0,1.0,1.0,1.0,1.0,1.0,1.0,1.0
aberdeenshire_2022_ward14,borda,7,0.8600397477166666,1.0,0.909198712519058,1.0,1.0,1.0,1.0,1.0,1.0,1.0,0.0,0.9796875,1.0,1.0
aberdeenshire_2022_ward14,3-approval,7,0.8600397477166666,1.0,0.909198712519058,1.0,1.0,1.0,1.0,1.0,0.9333333333333333,0.9904761904761905,0.8333333333333334,0.9822916666666667,1.0,0.9523809523809523
aberdeenshire_2022_ward14,2-approval,7,0.8361737162132256,1.0,0.8783333333333334,1.0,1.0,1.0,1.0,1.0,0.9333333333333333,0.9714285714285714,0.0,0.8859374999999999,1.0,1.0
aberdeenshire_2022_ward14,plurality,7,0.8361737162132256,1.0,0.8783333333333334,1.0,1.0,1.0,1.0,1.0,0.8666666666666667,0.9523809523809523,0.0,0.9239583333333333,1.0,0.9523809523809524
aberdeenshire_2022_ward14,stv,7,0.9083434363306291,1.0,0.9596591897061382,1.0,1.0,1.0,1.0,1.0,0.9333333333333333,0.9809523809523809,0.0,0.9390625,1.0,0.9047619047619048
aberdeenshire_2022_ward14,ranked-pairs,7,1.0,1.0,1.0,1.0,1.0,1.0,1.0,1.0,1.0,1.0,1.0,1.0,1.0,1.0
clackmannanshire_2022_ward3,borda,7,0.8876779450540114,1.0,0.940226171243942,1.0,1.0,1.0,1.0,1.0,0.9333333333333333,0.9714285714285714,0.0,0.9463541666666667,1.0,1.0
clackmannanshire_2022_ward3,3-approval,7,0.9135719205873618,1.0,0.9640228945216681,1.0,1.0,1.0,1.0,1.0,0.8666666666666667,0.9333333333333333,0.0,0.90625,1.0,1.0
clackmannanshire_2022_ward3,2-approval,7,0.8301295980711175,1.0,0.8699883223043988,1.0,1.0,1.0,1.0,1.0,0.8,0.9238095238095239,0.0,0.8971354166666666,1.0,1.0
clackmannanshire_2022_ward3,plurality,7,0.6836142043433537,1.0,0.6295793758480326,1.0,0.6836142043433537,1.0,0.6295793758480326,1.0,0.8,0.8857142857142857,0.0,0.7171875,1.0,0.7142857142857143
clackmannanshire_2022_ward3,stv,7,0.7106373419537719,1.0,0.6767888307155324,1.0,1.0,1.0,1.0,1.0,0.8,0.9333333333333333,0.0,0.8036458333333334,1.0,0.9285714285714286
clackmannanshire_2022_ward3,ranked-pairs,7,1.0,1.0,1.0,1.0,1.0,1.0,1.0,1.0,1.0,1.0,1.0,1.0,1.0,1.0
north_lanarkshire_2017_ward6,borda,7,1.0,1.0,1.0,1.0,1.0,1.0,1.0,1.0,1.0,1.0,1.0,1.0,1.0,1.0
north_lanarkshire_2017_ward6,3-approval,7,1.0,1.0,1.0,1.0,1.0,1.0,1.0,1.0,1.0,1.0,1.0,1.0,1.0,1.0
north_lanarkshire_2017_ward6,2-approval,7,0.8434924262215413,1.0,0.8881636205395996,1.0,1.0,1.0,1.0,1.0,0.9333333333333333,0.9809523809523809,0.0,0.9609375,1.0,1.0
north_lanarkshire_2017_ward6,plurality,7,0.7131311698570635,1.0,0.6811313444401395,1.0,1.0,1.0,1.0,1.0,0.8,0.9523809523809523,0.0,0.8692708333333332,1.0,0.9285714285714286
north_lanarkshire_2017_ward6,stv,7,0.7131311698570635,1.0,0.6811313444401395,1.0,1.0,1.0,1.0,1.0,0.8666666666666667,0.9619047619047619,0.0,0.8934895833333333,1.0,0.9285714285714286
north_lanarkshire_2017_ward6,ranked-pairs,7,1.0,1.0,1.0,1.0,1.0,1.0,1.0,1.0,1.0,1.0,1.0,1.0,1.0,1.0
aberdeenshire_2012_ward8,borda,7,1.0,1.0,1.0,1.0,1.0,1.0,1.0,1.0,1.0,1.0,1.0,1.0,1.0,1.0
aberdeenshire_2012_ward8,3-approval,7,1.0,1.0,1.0,1.0,1.0,1.0,1.0,1.0,1.0,1.0,0.8333333333333334,0.9986979166666666,1.0,1.0
aberdeenshire_2012_ward8,2-approval,7,0.9041078115503394,1.0,0.9559568377009469,1.0,0.9041078115503394,1.0,0.9559568377009469,1.0,0.9333333333333333,0.9809523809523809,0.0,0.9182291666666667,1.0,1.0
aberdeenshire_2012_ward8,plurality,7,0.7144766103600154,1.0,0.683472327520849,1.0,0.805698779480923,1.0,0.8343659644774887,1.0,0.6666666666666667,0.9238095238095239,0.0,0.7723958333333334,1.0,0.9047619047619048
aberdeenshire_2012_ward8,stv,7,0.7823891542439259,1.0,0.7979757085020244,1.0,0.9041078115503394,1.0,0.9559568377009469,1.0,0.8,0.9333333333333333,0.0,0.8361979166666667,1.0,0.9047619047619048
aberdeenshire_2012_ward8,ranked-pairs,7,1.0,1.0,1.0,1.0,1.0,1.0,1.0,1.0,1.0,1.0,1.0,1.0,1.0,1.0
north_ayrshire_2017_ward9,borda,7,0.8764739369113508,1.0,0.9283071230342275,1.0,0.8764739369113508,1.0,0.9283071230342275,1.0,0.9333333333333333,0.9904761904761905,0.8333333333333334,0.99453125,1.0,0.9285714285714286
north_ayrshire_2017_ward9,3-approval,7,0.8764739369113508,1.0,0.9283071230342275,1.0,0.8764739369113508,1.0,0.9283071230342275,1.0,1.0,1.0,0.8333333333333334,0.99609375,1.0,1.0
north_ayrshire_2017_ward9,2-approval,7,1.0,1.0,1.0,1.0,1.0,1.0,1.0,1.0,1.0,1.0,0.0,0.971875,1.0,1.0
north_ayrshire_2017_ward9,plurality,7,0.7522834934625794,1.0,0.748374921367163,1.0,0.7522834934625794,1.0,0.748374921367163,1.0,0.6666666666666667,0.9047619047619048,0.0,0.8466145833333333,1.0,0.8571428571428571
north_ayrshire_2017_ward9,stv,7,0.7613335795191275,1.0,0.7635363790186126,1.0,0.8764739369113508,1.0,0.9283071230342275,1.0,0.8,0.9428571428571428,0.0,0.878125,1.0,0.9285714285714286
north_ayrshire_2017_ward9,ranked-pairs,7,1.0,1.0,1.0,1.0,1.0,1.0,1.0,1.0,1.0,1.0,1.0,1.0,1.0,1.0
aberdeenshire_2022_ward13,borda,7,1.0,1.0,1.0,1.0,1.0,1.0,1.0,1.0,0.9333333333333333,0.9714285714285714,0.0,0.9575520833333333,1.0,0.8571428571428571
aberdeenshire_2022_ward13,3-approval,7,1.0,1.0,1.0,1.0,1.0,1.0,1.0,1.0,0.9333333333333333,0.9714285714285714,0.0,0.9567708333333333,1.0,0.8571428571428571
aberdeenshire_2022_ward13,2-approval,7,0.8544752448267099,1.0,0.9023170528421406,1.0,1.0,1.0,1.0,1.0,0.9333333333333333,0.9904761904761905,0.0,0.9338541666666667,1.0,1.0
aberdeenshire_2022_ward13,plurality,7,0.7997864650621733,1.0,0.8253358925143955,1.0,1.0,1.0,1.0,1.0,0.8,0.9333333333333333,0.0,0.8828124999999999,1.0,0.9047619047619048
aberdeenshire_2022_ward13,stv,7,0.7997864650621733,1.0,0.8253358925143955,1.0,1.0,1.0,1.0,1.0,0.8666666666666667,0.9619047619047619,0.0,0.9278645833333333,1.0,0.9523809523809523
aberdeenshire_2022_ward13,ranked-pairs,7,1.0,1.0,1.0,1.0,1.0,1.0,1.0,1.0,1.0,1.0,1.0,1.0,1.0,1.0
north_lanarkshire_2017_ward21,borda,7,0.9119972535461739,1.0,0.9627329192546583,1.0,0.9458852837240871,1.0,0.9856868563449118,1.0,0.9333333333333333,0.9809523809523809,0.0,0.94765625,1.0,0.9523809523809523
north_lanarkshire_2017_ward21,3-approval,7,0.9458852837240871,1.0,0.9856868563449118,1.0,0.9458852837240871,1.0,0.9856868563449118,1.0,0.8666666666666667,0.9238095238095239,0.0,0.8684895833333333,1.0,0.8571428571428571
north_lanarkshire_2017_ward21,2-approval,7,0.8079750017491815,1.0,0.8378029079159934,1.0,0.9458852837240871,1.0,0.9856868563449118,1.0,0.9333333333333333,0.9619047619047619,0.0,0.8677083333333333,1.0,0.9285714285714286
north_lanarkshire_2017_ward21,plurality,7,0.7552652912649545,1.0,0.7533908754623921,1.0,0.8079750017491815,1.0,0.8378029079159934,1.0,0.8666666666666667,0.9238095238095239,0.0,0.8268229166666666,1.0,0.869047619047619
north_lanarkshire_2017_ward21,stv,7,0.7552652912649545,1.0,0.7533908754623921,1.0,0.8079750017491815,1.0,0.8378029079159934,1.0,0.8666666666666667,0.9523809523809523,0.0,0.8335937499999999,1.0,0.9047619047619048
north_lanarkshire_2017_ward21,ranked-pairs,7,1.0,1.0,1.0,1.0,1.0,1.0,1.0,1.0,1.0,1.0,1.0,1.0,1.0,1.0
highland_2017_ward11,borda,7,0.8904834890580251,1.0,0.9430626311057838,1.0,1.0,1.0,1.0,1.0,1.0,1.0,0.0,0.9869791666666666,1.0,1.0
highland_2017_ward11,3-approval,7,0.8904834890580251,1.0,0.9430626311057838,1.0,1.0,1.0,1.0,1.0,0.9333333333333333,0.9809523809523809,0.0,0.9424479166666667,1.0,1.0
highland_2017_ward11,2-approval,7,0.8904834890580251,1.0,0.9430626311057838,1.0,1.0,1.0,1.0,1.0,1.0,1.0,0.0,0.9614583333333333,1.0,1.0
highland_2017_ward11,plurality,7,0.7350124028527527,1.0,0.7189819724284199,1.0,1.0,1.0,1.0,1.0,0.9333333333333333,0.9619047619047619,0.0,0.9114583333333334,1.0,1.0
highland_2017_ward11,stv,7,0.7384811933723063,1.0,0.7249268422452779,1.0,1.0,1.0,1.0,1.0,0.9333333333333333,0.9904761904761905,0.0,0.9458333333333333,1.0,1.0
highland_2017_ward11,ranked-pairs,7,1.0,1.0,1.0,1.0,1.0,1.0,1.0,1.0,1.0,1.0,1.0,1.0,1.0,1.0
sc_borders_2017_ward9,borda,7,1.0,1.0,1.0,1.0,1.0,1.0,1.0,1.0,0.9333333333333333,0.9904761904761905,0.9,0.9986979166666666,1.0,1.0
sc_borders_2017_ward9,3-approval,7,0.9539859305310983,1.0,0.9896238651102466,1.0,1.0,1.0,1.0,1.0,0.9333333333333333,0.9619047619047619,0.0,0.95625,1.0,1.0
sc_borders_2017_ward9,2-approval,7,0.9539859305310983,1.0,0.9896238651102466,1.0,1.0,1.0,1.0,1.0,1.0,1.0,0.0,0.9703125,1.0,1.0
sc_borders_2017_ward9,plurality,7,0.7527404219345498,1.0,0.7491448118586088,1.0,0.7527404219345498,1.0,0.7491448118586088,1.0,0.8666666666666667,0.9809523809523809,0.0,0.8932291666666666,1.0,1.0
sc_borders_2017_ward9,stv,7,0.7527404219345498,1.0,0.7491448118586088,1.0,0.7527404219345498,1.0,0.7491448118586088,1.0,0.8,0.9428571428571428,0.0,0.8674479166666667,1.0,0.8571428571428571
sc_borders_2017_ward9,ranked-pairs,7,1.0,1.0,1.0,1.0,1.0,1.0,1.0,1.0,1.0,1.0,1.0,1.0,1.0,1.0
highland_2012_ward21,borda,7,1.0,1.0,1.0,1.0,1.0,1.0,1.0,1.0,0.9333333333333333,0.9904761904761905,0.0,0.9799479166666667,1.0,1.0
highland_2012_ward21,3-approval,7,0.9176299791541042,1.0,0.9672498878420814,1.0,1.0,1.0,1.0,1.0,1.0,1.0,1.0,1.0,1.0,1.0
highland_2012_ward21,2-approval,7,1.0,1.0,1.0,1.0,1.0,1.0,1.0,1.0,1.0,1.0,0.0,0.9765625,1.0,1.0
highland_2012_ward21,plurality,7,0.9049623912063496,1.0,0.9567157518964747,1.0,1.0,1.0,1.0,1.0,0.8666666666666667,0.9523809523809523,0.0,0.9385416666666666,1.0,1.0
highland_2012_ward21,stv,7,0.8902655709837283,1.0,0.9428444838280905,1.0,1.0,1.0,1.0,1.0,0.8666666666666667,0.9523809523809523,0.0,0.9013020833333333,1.0,1.0
highland_2012_ward21,ranked-pairs,7,1.0,1.0,1.0,1.0,1.0,1.0,1.0,1.0,1.0,1.0,1.0,1.0,1.0,1.0
south_lanarkshire_2022_ward5,borda,7,0.893062937660425,1.0,0.9456167681631497,1.0,1.0,1.0,1.0,1.0,0.9333333333333333,0.9904761904761905,0.6666666666666667,0.9872395833333333,1.0,1.0
south_lanarkshire_2022_ward5,3-approval,7,0.893062937660425,1.0,0.9456167681631497,1.0,1.0,1.0,1.0,1.0,0.9333333333333333,0.9523809523809523,0.6666666666666667,0.9700520833333334,1.0,1.0
south_lanarkshire_2022_ward5,2-approval,7,0.8800459952170202,1.0,0.9322081575246132,1.0,1.0,1.0,1.0,1.0,0.9333333333333333,0.9714285714285714,0.0,0.9278645833333333,1.0,1.0
south_lanarkshire_2022_ward5,plurality,7,0.7683571808163631,1.0,0.7751647499676962,1.0,0.7683571808163631,1.0,0.7751647499676962,1.0,0.8,0.9047619047619048,0.0,0.8708333333333332,1.0,0.7857142857142857
south_lanarkshire_2022_ward5,stv,7,0.8800459952170202,1.0,0.9322081575246132,1.0,1.0,1.0,1.0,1.0,0.7333333333333334,0.8952380952380953,0.0,0.9039062499999999,1.0,1.0
south_lanarkshire_2022_ward5,ranked-pairs,7,1.0,1.0,1.0,1.0,1.0,1.0,1.0,1.0,1.0,1.0,1.0,1.0,1.0,1.0
shetland_2012_ward7,borda,7,0.9305977509920673,1.0,0.9766016713091921,1.0,1.0,1.0,1.0,1.0,0.9333333333333333,0.9904761904761905,0.0,0.9703125,1.0,1.0
shetland_2012_ward7,3-approval,7,0.9305977509920673,1.0,0.9766016713091921,1.0,1.0,1.0,1.0,1.0,0.9333333333333333,0.9809523809523809,0.0,0.9588541666666667,1.0,1.0
shetland_2012_ward7,2-approval,7,0.9305977509920673,1.0,0.9766016713091921,1.0,1.0,1.0,1.0,1.0,1.0,1.0,0.0,0.9700520833333334,1.0,1.0
shetland_2012_ward7,plurality,7,0.9305977509920673,1.0,0.9766016713091921,1.0,1.0,1.0,1.0,1.0,1.0,1.0,0.0,0.9921875,1.0,1.0
shetland_2012_ward7,stv,7,0.9305977509920673,1.0,0.9766016713091921,1.0,1.0,1.0,1.0,1.0,1.0,1.0,0.0,0.9895833333333334,1.0,1.0
shetland_2012_ward7,ranked-pairs,7,1.0,1.0,1.0,1.0,1.0,1.0,1.0,1.0,1.0,1.0,1.0,1.0,1.0,1.0
east_dunbartonshire_2012_ward8,borda,7,0.9105362484334023,1.0,0.9615173172072566,1.0,1.0,1.0,1.0,1.0,0.9333333333333333,0.9904761904761905,0.0,0.9677083333333333,1.0,1.0
east_dunbartonshire_2012_ward8,3-approval,7,0.9377557377138936,1.0,0.9811215991116047,1.0,1.0,1.0,1.0,1.0,0.9333333333333333,0.9714285714285714,0.8333333333333334,0.9783854166666667,1.0,1.0
east_dunbartonshire_2012_ward8,2-approval,7,0.8478310397024911,1.0,0.8938428874734606,1.0,1.0,1.0,1.0,1.0,0.8,0.8952380952380953,0.0,0.89453125,1.0,1.0
east_dunbartonshire_2012_ward8,plurality,7,0.7877868094422708,1.0,0.8065822784810126,1.0,0.7877868094422708,1.0,0.8065822784810126,1.0,0.8666666666666667,0.9809523809523809,0.0,0.8856770833333333,1.0,0.9285714285714286
east_dunbartonshire_2012_ward8,stv,7,0.7877868094422708,1.0,0.8065822784810126,1.0,0.7877868094422708,1.0,0.8065822784810126,1.0,0.8666666666666667,0.9428571428571428,0.0,0.8580729166666666,1.0,0.9285714285714286
east_dunbartonshire_2012_ward8,ranked-pairs,7,1.0,1.0,1.0,1.0,1.0,1.0,1.0,1.0,1.0,1.0,1.0,1.0,1.0,1.0
north_ayrshire_2017_ward5,borda,7,0.9224112092602499,1.0,0.9708697461506453,1.0,1.0,1.0,1.0,1.0,0.8666666666666667,0.9523809523809523,0.0,0.9302083333333333,1.0,1.0
north_ayrshire_2017_ward5,3-approval,7,0.9270000981409188,1.0,0.9741558982909546,1.0,1.0,1.0,1.0,1.0,0.9333333333333333,0.9714285714285714,0.0,0.8846354166666666,1.0,1.0
north_ayrshire_2017_ward5,2-approval,7,0.9224112092602499,1.0,0.9708697461506453,1.0,1.0,1.0,1.0,1.0,0.9333333333333333,0.9904761904761905,0.0,0.92265625,1.0,1.0
north_ayrshire_2017_ward5,plurality,7,0.880105675985694,1.0,0.9322725418196655,1.0,1.0,1.0,1.0,1.0,0.8666666666666667,0.9333333333333333,0.0,0.8557291666666667,1.0,1.0
north_ayrshire_2017_ward5,stv,7,0.880105675985694,1.0,0.9322725418196655,1.0,1.0,1.0,1.0,1.0,0.8666666666666667,0.9619047619047619,0.0,0.8786458333333332,1.0,0.9285714285714286
north_ayrshire_2017_ward5,ranked-pairs,7,1.0,1.0,1.0,1.0,1.0,1.0,1.0,1.0,1.0,1.0,1.0,1.0,1.0,1.0
highland_2022_dingwall,borda,7,0.9487550748380054,1.0,0.9871520342612418,1.0,1.0,1.0,1.0,1.0,0.8666666666666667,0.9428571428571428,0.0,0.9244791666666667,1.0,1.0
highland_2022_dingwall,3-approval,7,0.8580156508856674,1.0,0.9067187178960345,1.0,1.0,1.0,1.0,1.0,0.9333333333333333,0.9904761904761905,0.0,0.8947916666666667,1.0,1.0
highland_2022_dingwall,2-approval,7,0.9487550748380054,1.0,0.9871520342612418,1.0,1.0,1.0,1.0,1.0,1.0,1.0,0.0,0.9033854166666666,1.0,1.0
highland_2022_dingwall,plurality,7,0.7263159765710663,1.0,0.7040029379360999,1.0,0.7263159765710663,1.0,0.7040029379360999,1.0,0.8,0.9523809523809523,0.0,0.8861979166666667,1.0,0.9047619047619048
highland_2022_dingwall,stv,7,0.9210478156685961,1.0,0.9698577796646147,1.0,1.0,1.0,1.0,1.0,0.9333333333333333,0.9809523809523809,0.0,0.9489583333333333,1.0,1.0
highland_2022_dingwall,ranked-pairs,7,1.0,1.0,1.0,1.0,1.0,1.0,1.0,1.0,1.0,1.0,1.0,1.0,1.0,1.0
north_ayrshire_2022_ardrossan,borda,7,0.9020566606352637,1.0,0.9541108986615678,1.0,1.0,1.0,1.0,1.0,1.0,1.0,1.0,1.0,1.0,1.0
north_ayrshire_2022_ardrossan,3-approval,7,0.9020566606352637,1.0,0.9541108986615678,1.0,1.0,1.0,1.0,1.0,1.0,1.0,1.0,1.0,1.0,1.0
north_ayrshire_2022_ardrossan,2-approval,7,0.8543450711316507,1.0,0.9021536825312416,1.0,1.0,1.0,1.0,1.0,0.8666666666666667,0.9428571428571428,0.0,0.8888020833333333,1.0,1.0
north_ayrshire_2022_ardrossan,plurality,7,0.7457095622571951,1.0,0.7372510927634774,1.0,0.7457095622571951,1.0,0.7372510927634774,1.0,0.8,0.9333333333333333,0.0,0.8760416666666666,1.0,0.9285714285714286
north_ayrshire_2022_ardrossan,stv,7,0.7457095622571951,1.0,0.7372510927634774,1.0,0.7457095622571951,1.0,0.7372510927634774,1.0,0.8666666666666667,0.9619047619047619,0.0,0.921875,1.0,0.9285714285714286
north_ayrshire_2022_ardrossan,ranked-pairs,7,1.0,1.0,1.0,1.0,1.0,1.0,1.0,1.0,1.0,1.0,1.0,1.0,1.0,1.0
inverclyde_2012_ward5,borda,7,1.0,1.0,1.0,1.0,1.0,1.0,1.0,1.0,1.0,1.0,1.0,1.0,1.0,1.0
inverclyde_2012_ward5,3-approval,7,0.8851413526508541,1.0,0.9376098418277682,1.0,1.0,1.0,1.0,1.0,0.9333333333333333,0.9523809523809523,0.0,0.9557291666666666,1.0,1.0
inverclyde_2012_ward5,2-approval,7,0.8851413526508541,1.0,0.9376098418277682,1.0,1.0,1.0,1.0,1.0,1.0,1.0,0.0,0.96328125,1.0,1.0
inverclyde_2012_ward5,plurality,7,0.7684772024052811,1.0,0.7753623188405798,1.0,1.0,1.0,1.0,1.0,0.8666666666666667,0.9714285714285714,0.0,0.9229166666666667,1.0,1.0
inverclyde_2012_ward5,stv,7,0.7526300908787854,1.0,0.7489589530041643,1.0,1.0,1.0,1.0,1.0,0.8666666666666667,0.9809523809523809,0.0,0.9104166666666667,1.0,1.0
inverclyde_2012_ward5,ranked-pairs,7,1.0,1.0,1.0,1.0,1.0,1.0,1.0,1.0,1.0,1.0,1.0,1.0,1.0,1.0
angus_2017_ward5,borda,7,0.9580542739607418,1.0,0.9913674710614088,1.0,1.0,1.0,1.0,1.0,1.0,1.0,1.0,1.0,1.0,1.0
angus_2017_ward5,3-approval,7,0.9580542739607418,1.0,0.9913674710614088,1.0,1.0,1.0,1.0,1.0,1.0,1.0,1.0,1.0,1.0,1.0
angus_2017_ward5,2-approval,7,0.8493302092199029,1.0,0.8957788569293988,1.0,0.8493302092199029,1.0,0.8957788569293988,1.0,0.9333333333333333,0.9809523809523809,0.0,0.9575520833333333,1.0,0.8571428571428571
angus_2017_ward5,plurality,7,0.7274040254119777,1.0,0.7058823529411766,1.0,0.8493302092199029,1.0,0.8957788569293988,1.0,0.9333333333333333,0.9809523809523809,0.0,0.8872395833333333,1.0,1.0
angus_2017_ward5,stv,7,0.7274040254119777,1.0,0.7058823529411766,1.0,0.8493302092199029,1.0,0.8957788569293988,1.0,0.9333333333333333,0.9809523809523809,0.0,0.8846354166666667,1.0,1.0
angus_2017_ward5,ranked-pairs,7,1.0,1.0,1.0,1.0,1.0,1.0,1.0,1.0,1.0,1.0,1.0,1.0,1.0,1.0
north_lanarkshire_2012_ward5,borda,7,1.0,1.0,1.0,1.0,1.0,1.0,1.0,1.0,1.0,1.0,1.0,1.0,1.0,1.0
north_lanarkshire_2012_ward5,3-approval,7,1.0,1.0,1.0,1.0,1.0,1.0,1.0,1.0,1.0,1.0,1.0,1.0,1.0,1.0
north_lanarkshire_2012_ward5,2-approval,7,0.7873465393279427,1.0,0.8058840496106143,1.0,0.8115111327173891,1.0,0.8430968501619076,1.0,0.8666666666666667,0.9238095238095239,0.0,0.8432291666666666,1.0,0.9047619047619048
north_lanarkshire_2012_ward5,plurality,7,0.7366030999390757,1.0,0.7217104358586555,1.0,1.0,1.0,1.0,1.0,0.8,0.9428571428571428,0.0,0.8549479166666667,1.0,0.9523809523809523
north_lanarkshire_2012_ward5,stv,7,0.7994595742687375,1.0,0.8248324103759836,1.0,1.0,1.0,1.0,1.0,0.8,0.9523809523809523,0.0,0.8591145833333332,1.0,0.9523809523809523
north_lanarkshire_2012_ward5,ranked-pairs,7,1.0,1.0,1.0,1.0,1.0,1.0,1.0,1.0,1.0,1.0,1.0,1.0,1.0,1.0
shetland_2012_ward2,borda,7,1.0,1.0,1.0,1.0,1.0,1.0,1.0,1.0,1.0,1.0,1.0,1.0,1.0,1.0
shetland_2012_ward2,3-approval,7,1.0,1.0,1.0,1.0,1.0,1.0,1.0,1.0,1.0,1.0,1.0,1.0,1.0,1.0
shetland_2012_ward2,2-approval,7,1.0,1.0,1.0,1.0,1.0,1.0,1.0,1.0,1.0,1.0,1.0,1.0,1.0,1.0
shetland_2012_ward2,plurality,7,1.0,1.0,1.0,1.0,1.0,1.0,1.0,1.0,1.0,1.0,1.0,1.0,1.0,1.0
shetland_2012_ward2,stv,7,1.0,1.0,1.0,1.0,1.0,1.0,1.0,1.0,1.0,1.0,1.0,1.0,1.0,1.0
shetland_2012_ward2,ranked-pairs,7,1.0,1.0,1.0,1.0,1.0,1.0,1.0,1.0,1.0,1.0,1.0,1.0,1.0,1.0
eilean_siar_2012_ward4,borda,7,0.9762194689600934,1.0,0.9972144846796657,1.0,1.0,1.0,1.0,1.0,0.9333333333333333,0.9904761904761905,0.0,0.9598958333333333,1.0,1.0
eilean_siar_2012_ward4,3-approval,7,0.9762194689600934,1.0,0.9972144846796657,1.0,1.0,1.0,1.0,1.0,0.9333333333333333,0.9809523809523809,0.0,0.9221354166666667,1.0,0.9285714285714286
eilean_siar_2012_ward4,2-approval,7,1.0,1.0,1.0,1.0,1.0,1.0,1.0,1.0,1.0,1.0,0.0,0.9276041666666667,1.0,1.0
eilean_siar_2012_ward4,plurality,7,0.8443750265970775,1.0,0.8893280632411067,1.0,1.0,1.0,1.0,1.0,0.8666666666666667,0.9619047619047619,0.0,0.9002604166666667,1.0,0.9285714285714286
eilean_siar_2012_ward4,stv,7,0.8443750265970775,1.0,0.8893280632411067,1.0,1.0,1.0,1.0,1.0,0.8666666666666667,0.9523809523809523,0.0,0.91640625,1.0,1.0
eilean_siar_2012_ward4,ranked-pairs,7,1.0,1.0,1.0,1.0,1.0,1.0,1.0,1.0,1.0,1.0,1.0,1.0,1.0,1.0
sc_borders_2017_ward5,borda,7,0.9053244237652947,1.0,0.9570354457572502,1.0,1.0,1.0,1.0,1.0,0.9333333333333333,0.9619047619047619,0.0,0.9216145833333333,1.0,0.9285714285714286
sc_borders_2017_ward5,3-approval,7,0.9053244237652947,1.0,0.9570354457572502,1.0,1.0,1.0,1.0,1.0,0.8666666666666667,0.9047619047619048,0.0,0.9088541666666666,1.0,1.0
sc_borders_2017_ward5,2-approval,7,0.852867697782662,1.0,0.9002920317062996,1.0,0.8777176386185542,1.0,0.9296759161194661,1.0,0.9333333333333333,0.9809523809523809,0.0,0.8624999999999999,1.0,1.0
sc_borders_2017_ward5,plurality,7,0.7614888237128261,1.0,0.7637947725072604,1.0,0.7614888237128261,1.0,0.7637947725072604,1.0,0.8666666666666667,0.9142857142857143,0.0,0.8549479166666666,1.0,0.9285714285714286
sc_borders_2017_ward5,stv,7,0.7614888237128261,1.0,0.7637947725072604,1.0,0.7614888237128261,1.0,0.7637947725072604,1.0,0.8,0.9238095238095239,0.0,0.8484375,1.0,0.8571428571428571
sc_borders_2017_ward5,ranked-pairs,7,1.0,1.0,1.0,1.0,1.0,1.0,1.0,1.0,1.0,1.0,1.0,1.0,1.0,1.0
eilean_siar_2012_ward5,borda,7,0.9677497125329353,1.0,0.9948849104859335,1.0,1.0,1.0,1.0,1.0,1.0,1.0,1.0,1.0,1.0,1.0
eilean_siar_2012_ward5,3-approval,7,0.9677497125329353,1.0,0.9948849104859335,1.0,1.0,1.0,1.0,1.0,0.9333333333333333,0.9904761904761905,0.8333333333333334,0.9973958333333334,1.0,1.0
eilean_siar_2012_ward5,2-approval,7,0.9677497125329353,1.0,0.9948849104859335,1.0,1.0,1.0,1.0,1.0,0.8666666666666667,0.9714285714285714,0.6666666666666667,0.98515625,1.0,1.0
eilean_siar_2012_ward5,plurality,7,0.7751361880722724,1.0,0.7862595419847328,1.0,0.8729268341678819,1.0,0.9243421052631581,1.0,0.8666666666666667,0.9238095238095239,0.0,0.8106770833333333,1.0,0.7619047619047619
eilean_siar_2012_ward5,stv,7,0.7751361880722724,1.0,0.7862595419847328,1.0,0.9104461252981466,1.0,0.961441743503772,1.0,0.8666666666666667,0.9523809523809523,0.0,0.8351562499999999,1.0,0.8095238095238095
eilean_siar_2012_ward5,ranked-pairs,7,1.0,1.0,1.0,1.0,1.0,1.0,1.0,1.0,1.0,1.0,1.0,1.0,1.0,1.0
south_lanarkshire_2017_ward19,borda,7,1.0,1.0,1.0,1.0,1.0,1.0,1.0,1.0,0.9333333333333333,0.9714285714285714,0.6666666666666667,0.984375,1.0,1.0
south_lanarkshire_2017_ward19,3-approval,7,1.0,1.0,1.0,1.0,1.0,1.0,1.0,1.0,1.0,1.0,0.0,0.9424479166666667,1.0,1.0
south_lanarkshire_2017_ward19,2-approval,7,0.8576048279781943,1.0,0.9062121007950411,1.0,1.0,1.0,1.0,1.0,0.8666666666666667,0.9333333333333333,0.0,0.8838541666666666,1.0,1.0
south_lanarkshire_2017_ward19,plurality,7,0.7404446864281493,1.0,0.7282834453268173,1.0,0.8234793392951373,1.0,0.8605813494673156,1.0,0.8,0.9238095238095237,0.0,0.8466145833333333,1.0,0.9523809523809524
south_lanarkshire_2017_ward19,stv,7,0.7404446864281493,1.0,0.7282834453268173,1.0,0.7404446864281493,1.0,0.7282834453268173,1.0,0.8,0.9238095238095239,0.0,0.84453125,1.0,0.9047619047619048
south_lanarkshire_2017_ward19,ranked-pairs,7,1.0,1.0,1.0,1.0,1.0,1.0,1.0,1.0,1.0,1.0,1.0,1.0,1.0,1.0
renfrewshire_2017_ward2,borda,7,0.9057564856423459,1.0,0.9574155653450808,1.0,1.0,1.0,1.0,1.0,0.9333333333333333,0.9809523809523809,0.6666666666666667,0.9838541666666667,1.0,0.9285714285714286
renfrewshire_2017_ward2,3-approval,7,0.9057564856423459,1.0,0.9574155653450808,1.0,1.0,1.0,1.0,1.0,1.0,1.0,0.0,0.9658854166666666,1.0,1.0
renfrewshire_2017_ward2,2-approval,7,1.0,1.0,1.0,1.0,1.0,1.0,1.0,1.0,1.0,1.0,0.0,0.95546875,1.0,1.0
renfrewshire_2017_ward2,plurality,7,0.6870478510709354,1.0,0.6355828220858897,1.0,0.6870478510709354,1.0,0.6355828220858897,1.0,0.8,0.9047619047619048,0.0,0.8520833333333333,1.0,0.7619047619047619
renfrewshire_2017_ward2,stv,7,0.7039978126513566,1.0,0.6652092442223613,1.0,1.0,1.0,1.0,1.0,0.8666666666666667,0.9428571428571428,0.0,0.9005208333333333,1.0,0.9285714285714286
renfrewshire_2017_ward2,ranked-pairs,7,1.0,1.0,1.0,1.0,1.0,1.0,1.0,1.0,1.0,1.0,1.0,1.0,1.0,1.0
north_ayrshire_2017_ward10,borda,7,0.906430244769312,1.0,0.958005249343832,1.0,1.0,1.0,1.0,1.0,0.9333333333333333,0.9714285714285714,0.0,0.9635416666666666,1.0,1.0
north_ayrshire_2017_ward10,3-approval,7,1.0,1.0,1.0,1.0,1.0,1.0,1.0,1.0,0.8,0.8952380952380953,0.0,0.8890625,1.0,1.0
north_ayrshire_2017_ward10,2-approval,7,0.9139217395697247,1.0,0.9643066120538325,1.0,0.9387288566165156,1.0,0.9817001180637545,1.0,0.9333333333333333,0.9809523809523809,0.0,0.8549479166666666,1.0,1.0
north_ayrshire_2017_ward10,plurality,7,0.7211298388195537,1.0,0.6950265084574601,1.0,0.7211298388195537,1.0,0.6950265084574601,1.0,0.7333333333333334,0.8952380952380953,0.0,0.8309895833333334,1.0,0.7857142857142857
north_ayrshire_2017_ward10,stv,7,0.7409085313379323,1.0,0.729075457120783,1.0,0.7409085313379323,1.0,0.729075457120783,1.0,0.7333333333333334,0.9333333333333333,0.0,0.85234375,1.0,0.8571428571428571
north_ayrshire_2017_ward10,ranked-pairs,7,1.0,1.0,1.0,1.0,1.0,1.0,1.0,1.0,1.0,1.0,1.0,1.0,1.0,1.0
moray_2012_ward5,borda,7,0.948521483307758,1.0,0.9870356519571178,1.0,1.0,1.0,1.0,1.0,0.9333333333333333,0.9809523809523809,0.0,0.9609375,1.0,1.0
moray_2012_ward5,3-approval,7,1.0,1.0,1.0,1.0,1.0,1.0,1.0,1.0,1.0,1.0,1.0,1.0,1.0,1.0
moray_2012_ward5,2-approval,7,0.8889647938861766,1.0,0.9415347137637028,1.0,1.0,1.0,1.0,1.0,1.0,1.0,0.0,0.89140625,1.0,1.0
moray_2012_ward5,plurality,7,0.7602404720528123,1.0,0.7617152961980548,1.0,0.7987892550580545,1.0,0.8237986270022882,1.0,0.8666666666666667,0.9238095238095239,0.0,0.81875,1.0,0.9523809523809524
moray_2012_ward5,stv,7,0.7602404720528123,1.0,0.7617152961980548,1.0,0.7602404720528123,1.0,0.7617152961980548,1.0,0.8,0.8857142857142857,0.0,0.8192708333333334,1.0,0.9166666666666666
moray_2012_ward5,ranked-pairs,7,1.0,1.0,1.0,1.0,1.0,1.0,1.0,1.0,1.0,1.0,1.0,1.0,1.0,1.0
inverclyde_2017_ward6,borda,7,1.0,1.0,1.0,1.0,1.0,1.0,1.0,1.0,0.9333333333333333,0.9523809523809523,0.0,0.9557291666666666,1.0,1.0
inverclyde_2017_ward6,3-approval,7,1.0,1.0,1.0,1.0,1.0,1.0,1.0,1.0,0.9333333333333333,0.9714285714285714,0.0,0.91640625,1.0,1.0
inverclyde_2017_ward6,2-approval,7,0.8745518570768227,1.0,0.9261697625205737,1.0,0.9801023926741234,1.0,0.9980487804878049,1.0,0.9333333333333333,0.9523809523809523,0.0,0.8427083333333333,1.0,1.0
inverclyde_2017_ward6,plurality,7,0.7584311820543997,1.0,0.7586947187634178,1.0,1.0,1.0,1.0,1.0,0.7333333333333334,0.9238095238095239,0.0,0.8447916666666666,1.0,0.9285714285714286
inverclyde_2017_ward6,stv,7,0.7584311820543997,1.0,0.7586947187634178,1.0,1.0,1.0,1.0,1.0,0.8,0.9714285714285714,0.0,0.8953125,1.0,0.9285714285714286
inverclyde_2017_ward6,ranked-pairs,7,1.0,1.0,1.0,1.0,1.0,1.0,1.0,1.0,1.0,1.0,1.0,1.0,1.0,1.0
north_ayrshire_2012_ward6,borda,7,1.0,1.0,1.0,1.0,1.0,1.0,1.0,1.0,1.0,1.0,1.0,1.0,1.0,1.0
north_ayrshire_2012_ward6,3-approval,7,1.0,1.0,1.0,1.0,1.0,1.0,1.0,1.0,1.0,1.0,1.0,1.0,1.0,1.0
north_ayrshire_2012_ward6,2-approval,7,0.8142993370386702,1.0,0.8472310630171866,1.0,1.0,1.0,1.0,1.0,0.8666666666666667,0.9428571428571428,0.0,0.9151041666666666,1.0,1.0
north_ayrshire_2012_ward6,plurality,7,0.8142993370386702,1.0,0.8472310630171866,1.0,1.0,1.0,1.0,1.0,0.9333333333333333,0.9904761904761905,0.0,0.9520833333333333,1.0,1.0
north_ayrshire_2012_ward6,stv,7,0.8142993370386702,1.0,0.8472310630171866,1.0,1.0,1.0,1.0,1.0,0.8666666666666667,0.9714285714285714,0.0,0.9385416666666667,1.0,1.0
north_ayrshire_2012_ward6,ranked-pairs,7,1.0,1.0,1.0,1.0,1.0,1.0,1.0,1.0,1.0,1.0,1.0,1.0,1.0,1.0
orkney_2012_ward3,borda,7,1.0,1.0,1.0,1.0,1.0,1.0,1.0,1.0,1.0,1.0,1.0,1.0,1.0,1.0
orkney_2012_ward3,3-approval,7,1.0,1.0,1.0,1.0,1.0,1.0,1.0,1.0,1.0,1.0,1.0,1.0,1.0,1.0
orkney_2012_ward3,2-approval,7,1.0,1.0,1.0,1.0,1.0,1.0,1.0,1.0,1.0,1.0,1.0,1.0,1.0,1.0
orkney_2012_ward3,plurality,7,0.8086148858395776,1.0,0.8387650085763293,1.0,0.8086148858395776,1.0,0.8387650085763293,1.0,0.8666666666666667,0.9619047619047619,0.0,0.91171875,1.0,0.8571428571428571
orkney_2012_ward3,stv,7,0.8086148858395776,1.0,0.8387650085763293,1.0,0.8086148858395776,1.0,0.8387650085763293,1.0,0.9333333333333333,0.9714285714285714,0.0,0.9575520833333333,1.0,0.8095238095238095
orkney_2012_ward3,ranked-pairs,7,1.0,1.0,1.0,1.0,1.0,1.0,1.0,1.0,1.0,1.0,1.0,1.0,1.0,1.0
north_lanarkshire_2022_ward20,borda,7,0.8388067922563935,1.0,0.8819053919947073,1.0,1.0,1.0,1.0,1.0,1.0,1.0,1.0,1.0,1.0,1.0
north_lanarkshire_2022_ward20,3-approval,7,1.0,1.0,1.0,1.0,1.0,1.0,1.0,1.0,0.9333333333333333,0.9809523809523809,0.0,0.9671875,1.0,1.0
north_lanarkshire_2022_ward20,2-approval,7,0.8937497270383337,1.0,0.9462880602121108,1.0,1.0,1.0,1.0,1.0,0.9333333333333333,0.9904761904761905,0.0,0.9153645833333334,1.0,1.0
north_lanarkshire_2022_ward20,plurality,7,0.7578740411156764,1.0,0.7577630156032751,1.0,1.0,1.0,1.0,1.0,0.8666666666666667,0.9428571428571428,0.0,0.8932291666666666,1.0,0.9523809523809523
north_lanarkshire_2022_ward20,stv,7,0.7578740411156764,1.0,0.7577630156032751,1.0,1.0,1.0,1.0,1.0,0.8666666666666667,0.9428571428571428,0.0,0.8890624999999999,1.0,0.9523809523809523
north_lanarkshire_2022_ward20,ranked-pairs,7,1.0,1.0,1.0,1.0,1.0,1.0,1.0,1.0,1.0,1.0,1.0,1.0,1.0,1.0
south_lanarkshire_2017_ward2,borda,7,0.9626715095687267,1.0,0.993155149934811,1.0,0.9626715095687267,1.0,0.993155149934811,1.0,1.0,1.0,0.6666666666666667,0.9973958333333334,1.0,1.0
south_lanarkshire_2017_ward2,3-approval,7,0.9626715095687267,1.0,0.993155149934811,1.0,0.9626715095687267,1.0,0.993155149934811,1.0,0.9333333333333333,0.9714285714285714,0.6666666666666667,0.9716145833333334,1.0,1.0
south_lanarkshire_2017_ward2,2-approval,7,0.9584590135161808,1.0,0.9915323237257777,1.0,1.0,1.0,1.0,1.0,0.9333333333333333,0.9809523809523809,0.0,0.90390625,1.0,1.0
south_lanarkshire_2017_ward2,plurality,7,0.7853889312397294,1.0,0.8027712264150942,1.0,1.0,1.0,1.0,1.0,0.8666666666666667,0.9238095238095239,0.0,0.89140625,1.0,1.0
south_lanarkshire_2017_ward2,stv,7,0.7853889312397294,1.0,0.8027712264150942,1.0,1.0,1.0,1.0,1.0,0.8,0.9142857142857143,0.0,0.8960937499999999,1.0,1.0
south_lanarkshire_2017_ward2,ranked-pairs,7,1.0,1.0,1.0,1.0,1.0,1.0,1.0,1.0,1.0,1.0,1.0,1.0,1.0,1.0
north_lanarkshire_2022_ward11,borda,7,1.0,1.0,1.0,1.0,1.0,1.0,1.0,1.0,1.0,1.0,1.0,1.0,1.0,1.0
north_lanarkshire_2022_ward11,3-approval,7,1.0,1.0,1.0,1.0,1.0,1.0,1.0,1.0,1.0,1.0,1.0,1.0,1.0,1.0
north_lanarkshire_2022_ward11,2-approval,7,0.7439521692051143,1.0,0.7342632331902719,1.0,1.0,1.0,1.0,1.0,0.8,0.9428571428571428,0.0,0.8828124999999999,1.0,1.0
north_lanarkshire_2022_ward11,plurality,7,0.7439521692051143,1.0,0.7342632331902719,1.0,1.0,1.0,1.0,1.0,0.8666666666666667,0.9714285714285714,0.0,0.90625,1.0,1.0
north_lanarkshire_2022_ward11,stv,7,0.7439521692051143,1.0,0.7342632331902719,1.0,1.0,1.0,1.0,1.0,0.8,0.9333333333333333,0.0,0.88359375,1.0,1.0
north_lanarkshire_2022_ward11,ranked-pairs,7,1.0,1.0,1.0,1.0,1.0,1.0,1.0,1.0,1.0,1.0,1.0,1.0,1.0,1.0
highland_2012_ward6,borda,7,1.0,1.0,1.0,1.0,1.0,1.0,1.0,1.0,0.9333333333333333,0.9809523809523809,0.0,0.9528645833333333,1.0,1.0
highland_2012_ward6,3-approval,7,0.8995365174800198,1.0,0.9517960602549246,1.0,1.0,1.0,1.0,1.0,1.0,1.0,0.0,0.965625,1.0,1.0
highland_2012_ward6,2-approval,7,0.8995365174800198,1.0,0.9517960602549246,1.0,1.0,1.0,1.0,1.0,0.9333333333333333,0.9904761904761905,0.0,0.97109375,1.0,1.0
highland_2012_ward6,plurality,7,0.7304250778607108,1.0,0.7110930516050387,1.0,1.0,1.0,1.0,1.0,0.8666666666666667,0.9523809523809523,0.0,0.93125,1.0,0.9523809523809523
highland_2012_ward6,stv,7,0.7304250778607108,1.0,0.7110930516050387,1.0,1.0,1.0,1.0,1.0,0.8,0.8952380952380953,0.0,0.9229166666666666,1.0,0.9523809523809523
highland_2012_ward6,ranked-pairs,7,1.0,1.0,1.0,1.0,1.0,1.0,1.0,1.0,1.0,1.0,1.0,1.0,1.0,1.0
east_dunbartonshire_2022_ward3,borda,7,1.0,1.0,1.0,1.0,1.0,1.0,1.0,1.0,1.0,1.0,1.0,1.0,1.0,1.0
east_dunbartonshire_2022_ward3,3-approval,7,1.0,1.0,1.0,1.0,1.0,1.0,1.0,1.0,0.9333333333333333,0.9523809523809523,0.0,0.9518229166666666,1.0,1.0
east_dunbartonshire_2022_ward3,2-approval,7,0.8029571920039685,1.0,0.8301968108030455,1.0,0.8029571920039685,1.0,0.8301968108030455,1.0,0.8666666666666667,0.9428571428571428,0.0,0.8843749999999999,1.0,0.738095238095238
east_dunbartonshire_2022_ward3,plurality,7,0.7025900148943938,1.0,0.6627512398851475,1.0,0.8029571920039685,1.0,0.8301968108030455,1.0,0.8,0.9047619047619048,0.0,0.8247395833333333,1.0,1.0
east_dunbartonshire_2022_ward3,stv,7,0.7025900148943938,1.0,0.6627512398851475,1.0,0.8029571920039685,1.0,0.8301968108030455,1.0,0.8666666666666667,0.9238095238095239,0.0,0.86796875,1.0,0.9285714285714286
east_dunbartonshire_2022_ward3,ranked-pairs,7,1.0,1.0,1.0,1.0,1.0,1.0,1.0,1.0,1.0,1.0,1.0,1.0,1.0,1.0
sc_borders_2022_ward9,borda,7,1.0,1.0,1.0,1.0,1.0,1.0,1.0,1.0,1.0,1.0,1.0,1.0,1.0,1.0
sc_borders_2022_ward9,3-approval,7,1.0,1.0,1.0,1.0,1.0,1.0,1.0,1.0,1.0,1.0,0.8333333333333334,0.9822916666666667,1.0,1.0
sc_borders_2022_ward9,2-approval,7,0.7962892990815366,1.0,0.8199273482096525,1.0,0.7962892990815366,1.0,0.8199273482096525,1.0,0.9333333333333333,0.9714285714285714,0.0,0.9497395833333333,1.0,0.8095238095238095
sc_borders_2022_ward9,plurality,7,0.736074813849341,1.0,0.7208047105004909,1.0,0.7962892990815366,1.0,0.8199273482096525,1.0,0.9333333333333333,0.9809523809523809,0.0,0.921875,1.0,1.0
sc_borders_2022_ward9,stv,7,0.736074813849341,1.0,0.7208047105004909,1.0,0.7962892990815366,1.0,0.8199273482096525,1.0,0.9333333333333333,0.9714285714285714,0.0,0.9286458333333334,1.0,0.9285714285714286
sc_borders_2022_ward9,ranked-pairs,7,1.0,1.0,1.0,1.0,1.0,1.0,1.0,1.0,1.0,1.0,1.0,1.0,1.0,1.0
west_dunbartonshire_2017_ward1,borda,7,1.0,1.0,1.0,1.0,1.0,1.0,1.0,1.0,1.0,1.0,1.0,1.0,1.0,1.0
west_dunbartonshire_2017_ward1,3-approval,7,0.9807254455931387,1.0,0.9981689173723964,1.0,1.0,1.0,1.0,1.0,0.9333333333333333,0.9809523809523809,0.0,0.94921875,1.0,1.0
west_dunbartonshire_2017_ward1,2-approval,7,0.8948509333829975,1.0,0.9473566807941112,1.0,0.8948509333829975,1.0,0.9473566807941112,1.0,0.8666666666666667,0.9333333333333333,0.0,0.8708333333333332,1.0,0.8809523809523808
west_dunbartonshire_2017_ward1,plurality,7,0.7217686138077645,1.0,0.6961336700990868,1.0,0.7217686138077645,1.0,0.6961336700990868,1.0,0.8,0.9238095238095239,0.0,0.8205729166666667,1.0,0.8571428571428571
west_dunbartonshire_2017_ward1,stv,7,0.7217686138077645,1.0,0.6961336700990868,1.0,0.7217686138077645,1.0,0.6961336700990868,1.0,0.8,0.9142857142857143,0.0,0.8135416666666667,1.0,0.8571428571428571
west_dunbartonshire_2017_ward1,ranked-pairs,7,1.0,1.0,1.0,1.0,1.0,1.0,1.0,1.0,1.0,1.0,1.0,1.0,1.0,1.0
west_dunbartonshire_2012_ward5,borda,7,1.0,1.0,1.0,1.0,1.0,1.0,1.0,1.0,1.0,1.0,0.6666666666666667,0.9940104166666667,1.0,1.0
west_dunbartonshire_2012_ward5,3-approval,7,1.0,1.0,1.0,1.0,1.0,1.0,1.0,1.0,1.0,1.0,1.0,1.0,1.0,1.0
west_dunbartonshire_2012_ward5,2-approval,7,0.9622512321120836,1.0,0.9930008748906387,1.0,1.0,1.0,1.0,1.0,0.9333333333333333,0.9619047619047619,0.0,0.95625,1.0,1.0
west_dunbartonshire_2012_ward5,plurality,7,0.6729960172880135,1.0,0.611032531824611,1.0,0.8711855115068151,1.0,0.9223628691983122,1.0,0.8666666666666667,0.9523809523809523,0.0,0.8927083333333333,1.0,0.9523809523809523
west_dunbartonshire_2012_ward5,stv,7,0.7861601879093739,1.0,0.8039992080776085,1.0,0.8711855115068151,1.0,0.9223628691983122,1.0,0.8666666666666667,0.9619047619047619,0.0,0.9192708333333334,1.0,0.9523809523809523
west_dunbartonshire_2012_ward5,ranked-pairs,7,1.0,1.0,1.0,1.0,1.0,1.0,1.0,1.0,1.0,1.0,1.0,1.0,1.0,1.0
east_lothian_2022_ward6,borda,7,0.8844387914102595,1.0,0.9368765818073547,1.0,0.8844387914102595,1.0,0.9368765818073547,1.0,0.9333333333333333,0.9714285714285714,0.0,0.9645833333333333,1.0,0.9523809523809523
east_lothian_2022_ward6,3-approval,7,0.8844387914102595,1.0,0.9368765818073547,1.0,0.8844387914102595,1.0,0.9368765818073547,1.0,0.9333333333333333,0.9714285714285714,0.0,0.9625,1.0,1.0
east_lothian_2022_ward6,2-approval,7,0.794597029662329,1.0,0.8172929180053081,1.0,1.0,1.0,1.0,1.0,0.8666666666666667,0.9428571428571428,0.0,0.8635416666666667,1.0,1.0
east_lothian_2022_ward6,plurality,7,0.7729402419900805,1.0,0.7826801863524254,1.0,0.7729402419900805,1.0,0.7826801863524254,1.0,0.8,0.9333333333333333,0.0,0.8856770833333333,1.0,0.9285714285714286
east_lothian_2022_ward6,stv,7,0.7729402419900805,1.0,0.7826801863524254,1.0,0.7729402419900805,1.0,0.7826801863524254,1.0,0.8,0.9523809523809523,0.0,0.9002604166666667,1.0,0.9285714285714286
east_lothian_2022_ward6,ranked-pairs,7,1.0,1.0,1.0,1.0,1.0,1.0,1.0,1.0,1.0,1.0,1.0,1.0,1.0,1.0
edinburgh_2012_ward8,borda,7,1.0,1.0,1.0,1.0,1.0,1.0,1.0,1.0,1.0,1.0,1.0,1.0,1.0,1.0
edinburgh_2012_ward8,3-approval,7,1.0,1.0,1.0,1.0,1.0,1.0,1.0,1.0,1.0,1.0,1.0,1.0,1.0,1.0
edinburgh_2012_ward8,2-approval,7,0.963971959789539,1.0,0.9936217710215797,1.0,0.963971959789539,1.0,0.9936217710215797,1.0,0.9333333333333333,0.9714285714285714,0.0,0.9575520833333333,1.0,0.8333333333333333
edinburgh_2012_ward8,plurality,7,0.963971959789539,1.0,0.9936217710215797,1.0,0.963971959789539,1.0,0.9936217710215797,1.0,1.0,1.0,0.0,0.9802083333333333,1.0,1.0
edinburgh_2012_ward8,stv,7,0.963971959789539,1.0,0.9936217710215797,1.0,0.963971959789539,1.0,0.9936217710215797,1.0,1.0,1.0,0.0,0.9822916666666667,1.0,0.9285714285714286
edinburgh_2012_ward8,ranked-pairs,7,1.0,1.0,1.0,1.0,1.0,1.0,1.0,1.0,1.0,1.0,1.0,1.0,1.0,1.0
east_lothian_2012_ward3,borda,7,1.0,1.0,1.0,1.0,1.0,1.0,1.0,1.0,1.0,1.0,1.0,1.0,1.0,1.0
east_lothian_2012_ward3,3-approval,7,1.0,1.0,1.0,1.0,1.0,1.0,1.0,1.0,0.9333333333333333,0.9809523809523809,0.8333333333333334,0.9817708333333334,1.0,1.0
east_lothian_2012_ward3,2-approval,7,0.8597128473349568,1.0,0.9087999999999999,1.0,1.0,1.0,1.0,1.0,0.9333333333333333,0.9809523809523809,0.0,0.9734375,1.0,1.0
east_lothian_2012_ward3,plurality,7,0.7096631009282343,1.0,0.6750912664981747,1.0,1.0,1.0,1.0,1.0,0.9333333333333333,0.9809523809523809,0.0,0.9609375,1.0,1.0
east_lothian_2012_ward3,stv,7,1.0,1.0,1.0,1.0,1.0,1.0,1.0,1.0,0.9333333333333333,0.9809523809523809,0.6666666666666667,0.9791666666666666,1.0,1.0
east_lothian_2012_ward3,ranked-pairs,7,1.0,1.0,1.0,1.0,1.0,1.0,1.0,1.0,1.0,1.0,1.0,1.0,1.0,1.0
edinburgh_2012_ward7,borda,7,0.924893231408429,1.0,0.9726701957404901,1.0,1.0,1.0,1.0,1.0,0.9333333333333333,0.9904761904761905,0.8333333333333334,0.99453125,1.0,1.0
edinburgh_2012_ward7,3-approval,7,0.924893231408429,1.0,0.9726701957404901,1.0,1.0,1.0,1.0,1.0,0.9333333333333333,0.9904761904761905,0.8333333333333334,0.9786458333333333,1.0,1.0
edinburgh_2012_ward7,2-approval,7,0.924893231408429,1.0,0.9726701957404901,1.0,1.0,1.0,1.0,1.0,0.9333333333333333,0.9904761904761905,0.6666666666666667,0.96328125,1.0,1.0
edinburgh_2012_ward7,plurality,7,0.7381199541277293,1.0,0.7243086193909396,1.0,1.0,1.0,1.0,1.0,0.8666666666666667,0.9619047619047619,0.0,0.8726562499999999,1.0,1.0
edinburgh_2012_ward7,stv,7,0.7381199541277293,1.0,0.7243086193909396,1.0,1.0,1.0,1.0,1.0,0.8,0.9238095238095239,0.0,0.8807291666666666,1.0,1.0
edinburgh_2012_ward7,ranked-pairs,7,1.0,1.0,1.0,1.0,1.0,1.0,1.0,1.0,1.0,1.0,1.0,1.0,1.0,1.0
glasgow_2017_ward15,borda,7,0.9487879482825355,1.0,0.9871683717704179,1.0,1.0,1.0,1.0,1.0,0.9333333333333333,0.9619047619047619,0.0,0.9510416666666667,1.0,1.0
glasgow_2017_ward15,3-approval,7,0.9169343097229701,1.0,0.9667067101424406,1.0,1.0,1.0,1.0,1.0,1.0,1.0,0.0,0.96015625,1.0,1.0
glasgow_2017_ward15,2-approval,7,0.7651580131619319,1.0,0.76988416988417,1.0,1.0,1.0,1.0,1.0,0.8666666666666667,0.9523809523809523,0.0,0.91015625,1.0,1.0
glasgow_2017_ward15,plurality,7,0.6455661713681629,1.0,0.5634379263301501,1.0,1.0,1.0,1.0,1.0,0.8666666666666667,0.9523809523809523,0.0,0.8611979166666666,1.0,1.0
glasgow_2017_ward15,stv,7,0.6455661713681629,1.0,0.5634379263301501,1.0,1.0,1.0,1.0,1.0,0.8666666666666667,0.9333333333333333,0.0,0.8151041666666666,1.0,0.9285714285714286
glasgow_2017_ward15,ranked-pairs,7,1.0,1.0,1.0,1.0,1.0,1.0,1.0,1.0,1.0,1.0,1.0,1.0,1.0,1.0
glasgow_2017_ward12,borda,7,0.8892871019484825,1.0,0.9418604651162793,1.0,0.9817465345825735,1.0,0.9983575786015955,1.0,0.9333333333333333,0.9619047619047619,0.0,0.9500000000000001,1.0,1.0
glasgow_2017_ward12,3-approval,7,0.7880109742973277,1.0,0.8069375198896787,1.0,0.9817465345825735,1.0,0.9983575786015955,1.0,0.9333333333333333,0.9714285714285714,0.0,0.9020833333333333,1.0,1.0
glasgow_2017_ward12,2-approval,7,0.7412693543433082,1.0,0.7296913078797725,1.0,0.8384164996285243,1.0,0.8813783962889332,1.0,0.7333333333333334,0.9238095238095239,0.0,0.7919270833333333,1.0,0.8095238095238095
glasgow_2017_ward12,plurality,7,0.7412693543433082,1.0,0.7296913078797725,1.0,0.7412693543433082,1.0,0.7296913078797725,1.0,0.8,0.9523809523809523,0.0,0.8317708333333332,1.0,0.9285714285714286
glasgow_2017_ward12,stv,7,0.7412693543433082,1.0,0.7296913078797725,1.0,0.7412693543433082,1.0,0.7296913078797725,1.0,0.8,0.9523809523809523,0.0,0.8338541666666666,1.0,0.9285714285714286
glasgow_2017_ward12,ranked-pairs,7,1.0,1.0,1.0,1.0,1.0,1.0,1.0,1.0,1.0,1.0,1.0,1.0,1.0,1.0
shetland_2012_ward6,borda,7,1.0,1.0,1.0,1.0,1.0,1.0,1.0,1.0,1.0,1.0,1.0,1.0,1.0,1.0
shetland_2012_ward6,3-approval,7,0.9392586711394711,1.0,0.982011447260834,1.0,1.0,1.0,1.0,1.0,0.9333333333333333,0.9619047619047619,0.8333333333333334,0.9770833333333333,1.0,1.0
shetland_2012_ward6,2-approval,7,0.820330899351523,1.0,0.8560490045941808,1.0,1.0,1.0,1.0,1.0,0.8,0.9333333333333333,0.0,0.9059895833333333,1.0,1.0
shetland_2012_ward6,plurality,7,0.7344000063478098,1.0,0.7179305457122608,1.0,1.0,1.0,1.0,1.0,0.9333333333333333,0.9809523809523809,0.0,0.8981770833333333,1.0,1.0
shetland_2012_ward6,stv,7,0.820330899351523,1.0,0.8560490045941808,1.0,1.0,1.0,1.0,1.0,0.8,0.9523809523809523,0.0,0.896875,1.0,1.0
shetland_2012_ward6,ranked-pairs,7,1.0,1.0,1.0,1.0,1.0,1.0,1.0,1.0,1.0,1.0,1.0,1.0,1.0,1.0
inverclyde_2017_ward4,borda,7,1.0,1.0,1.0,1.0,1.0,1.0,1.0,1.0,1.0,1.0,0.0,0.96875,1.0,1.0
inverclyde_2017_ward4,3-approval,7,1.0,1.0,1.0,1.0,1.0,1.0,1.0,1.0,1.0,1.0,0.0,0.90703125,1.0,1.0
inverclyde_2017_ward4,2-approval,7,0.8579813843643378,1.0,0.9066765031353745,1.0,1.0,1.0,1.0,1.0,0.8666666666666667,0.9428571428571428,0.0,0.8393229166666665,1.0,1.0
inverclyde_2017_ward4,plurality,7,0.7599065629706696,1.0,0.7611584327086881,1.0,0.7599065629706696,1.0,0.7611584327086881,1.0,0.8,0.9238095238095239,0.0,0.8088541666666667,1.0,0.9523809523809523
inverclyde_2017_ward4,stv,7,0.7599065629706696,1.0,0.7611584327086881,1.0,0.8674079800519789,1.0,0.9179962894248609,1.0,0.8,0.9142857142857143,0.0,0.8205729166666667,1.0,0.9523809523809524
inverclyde_2017_ward4,ranked-pairs,7,1.0,1.0,1.0,1.0,1.0,1.0,1.0,1.0,1.0,1.0,1.0,1.0,1.0,1.0
south_lanarkshire_2012_ward12,borda,7,0.9196847173408882,1.0,0.9688298415942768,1.0,1.0,1.0,1.0,1.0,0.9333333333333333,0.9714285714285714,0.0,0.9638020833333333,1.0,1.0
south_lanarkshire_2012_ward12,3-approval,7,0.9196847173408882,1.0,0.9688298415942768,1.0,1.0,1.0,1.0,1.0,0.9333333333333333,0.9809523809523809,0.0,0.9580729166666667,1.0,1.0
south_lanarkshire_2012_ward12,2-approval,7,0.8828535378305623,1.0,0.9352084379708687,1.0,1.0,1.0,1.0,1.0,1.0,1.0,0.0,0.9317708333333333,1.0,1.0
south_lanarkshire_2012_ward12,plurality,7,0.6431548446578554,1.0,0.5592877377579927,1.0,1.0,1.0,1.0,1.0,0.8666666666666667,0.9619047619047619,0.0,0.8828125,1.0,0.9285714285714286
south_lanarkshire_2012_ward12,stv,7,0.7033071507823438,1.0,0.6640034549773266,1.0,1.0,1.0,1.0,1.0,0.9333333333333333,0.9714285714285714,0.0,0.8898437499999999,1.0,1.0
south_lanarkshire_2012_ward12,ranked-pairs,7,1.0,1.0,1.0,1.0,1.0,1.0,1.0,1.0,1.0,1.0,1.0,1.0,1.0,1.0
west_dunbartonshire_2012_ward2,borda,7,0.9061742212624816,1.0,0.9577816158127038,1.0,1.0,1.0,1.0,1.0,0.9333333333333333,0.9904761904761905,0.0,0.9703125,1.0,1.0
west_dunbartonshire_2012_ward2,3-approval,7,1.0,1.0,1.0,1.0,1.0,1.0,1.0,1.0,0.9333333333333333,0.9904761904761905,0.8333333333333334,0.9973958333333334,1.0,1.0
west_dunbartonshire_2012_ward2,2-approval,7,0.8873713425484091,1.0,0.9399125308994106,1.0,1.0,1.0,1.0,1.0,0.9333333333333333,0.9714285714285714,0.0,0.9609375,1.0,1.0
west_dunbartonshire_2012_ward2,plurality,7,0.8734261288085288,1.0,0.9249056603773586,1.0,1.0,1.0,1.0,1.0,0.8666666666666667,0.9333333333333333,0.0,0.8776041666666666,1.0,0.9047619047619048
west_dunbartonshire_2012_ward2,stv,7,0.8734261288085288,1.0,0.9249056603773586,1.0,1.0,1.0,1.0,1.0,0.8666666666666667,0.9428571428571428,0.0,0.8940104166666666,1.0,0.9523809523809523
west_dunbartonshire_2012_ward2,ranked-pairs,7,1.0,1.0,1.0,1.0,1.0,1.0,1.0,1.0,1.0,1.0,1.0,1.0,1.0,1.0
midlothian_2012_ward5,borda,7,0.9080027310306265,1.0,0.9593668792818333,1.0,1.0,1.0,1.0,1.0,0.9333333333333333,0.9809523809523809,0.0,0.9609375,1.0,0.9285714285714286
midlothian_2012_ward5,3-approval,7,1.0,1.0,1.0,1.0,1.0,1.0,1.0,1.0,1.0,1.0,0.8333333333333334,0.99609375,1.0,1.0
midlothian_2012_ward5,2-approval,7,1.0,1.0,1.0,1.0,1.0,1.0,1.0,1.0,1.0,1.0,0.6666666666666667,0.9919270833333333,1.0,1.0
midlothian_2012_ward5,plurality,7,0.730669809540952,1.0,0.7115146512587702,1.0,0.8725499681913951,1.0,0.9239155648341452,1.0,0.7333333333333334,0.9333333333333333,0.0,0.8786458333333333,1.0,0.7857142857142857
midlothian_2012_ward5,stv,7,0.730669809540952,1.0,0.7115146512587702,1.0,0.730669809540952,1.0,0.7115146512587702,1.0,0.8,0.9333333333333333,0.0,0.8859374999999999,1.0,0.8095238095238095
midlothian_2012_ward5,ranked-pairs,7,1.0,1.0,1.0,1.0,1.0,1.0,1.0,1.0,1.0,1.0,1.0,1.0,1.0,1.0
aberdeen_2022_ward8,borda,7,0.9162271731911076,1.0,0.9661503155479058,1.0,1.0,1.0,1.0,1.0,1.0,1.0,1.0,1.0,1.0,1.0
aberdeen_2022_ward8,3-approval,7,1.0,1.0,1.0,1.0,1.0,1.0,1.0,1.0,0.9333333333333333,0.9809523809523809,0.0,0.9479166666666667,1.0,1.0
aberdeen_2022_ward8,2-approval,7,0.9162271731911076,1.0,0.9661503155479058,1.0,1.0,1.0,1.0,1.0,0.9333333333333333,0.9619047619047619,0.6666666666666667,0.9653645833333333,1.0,0.9166666666666667
aberdeen_2022_ward8,plurality,7,0.9162271731911076,1.0,0.9661503155479058,1.0,1.0,1.0,1.0,1.0,0.8666666666666667,0.9714285714285714,0.0,0.94375,1.0,1.0
aberdeen_2022_ward8,stv,7,0.7757287626167053,1.0,0.7872229465449804,1.0,0.7757287626167053,1.0,0.7872229465449804,1.0,0.8,0.9333333333333333,0.0,0.9205729166666666,1.0,0.869047619047619
aberdeen_2022_ward8,ranked-pairs,7,1.0,1.0,1.0,1.0,1.0,1.0,1.0,1.0,1.0,1.0,1.0,1.0,1.0,1.0
dumgal_2022_ward12,borda,7,1.0,1.0,1.0,1.0,1.0,1.0,1.0,1.0,0.9333333333333333,0.9904761904761905,0.9,0.9986979166666666,1.0,1.0
dumgal_2022_ward12,3-approval,7,1.0,1.0,1.0,1.0,1.0,1.0,1.0,1.0,1.0,1.0,0.8333333333333334,0.9869791666666666,1.0,1.0
dumgal_2022_ward12,2-approval,7,0.8260936803157471,1.0,0.864306784660767,1.0,1.0,1.0,1.0,1.0,0.9333333333333333,0.9523809523809523,0.0,0.8755208333333333,1.0,1.0
dumgal_2022_ward12,plurality,7,0.8147888808520407,1.0,0.847953216374269,1.0,0.8147888808520407,1.0,0.847953216374269,1.0,0.8666666666666667,0.9523809523809523,0.0,0.9015624999999999,1.0,0.9285714285714286
dumgal_2022_ward12,stv,7,0.8147888808520407,1.0,0.847953216374269,1.0,0.8147888808520407,1.0,0.847953216374269,1.0,0.8666666666666667,0.9714285714285714,0.0,0.921875,1.0,0.9285714285714286
dumgal_2022_ward12,ranked-pairs,7,1.0,1.0,1.0,1.0,1.0,1.0,1.0,1.0,1.0,1.0,1.0,1.0,1.0,1.0
west_lothian_2017_ward1,borda,7,1.0,1.0,1.0,1.0,1.0,1.0,1.0,1.0,0.8666666666666667,0.9428571428571428,0.0,0.9192708333333334,1.0,0.8095238095238094
west_lothian_2017_ward1,3-approval,7,1.0,1.0,1.0,1.0,1.0,1.0,1.0,1.0,0.8666666666666667,0.9619047619047619,0.0,0.9114583333333333,1.0,0.9047619047619048
west_lothian_2017_ward1,2-approval,7,0.8658441320798952,1.0,0.9161597460989158,1.0,0.8658441320798952,1.0,0.9161597460989158,1.0,0.8666666666666667,0.9428571428571428,0.0,0.85546875,1.0,0.880952380952381
west_lothian_2017_ward1,plurality,7,0.8486179057915426,1.0,0.8948607296979207,1.0,0.8658441320798952,1.0,0.9161597460989158,1.0,0.8,0.9523809523809523,0.0,0.890625,1.0,0.880952380952381
west_lothian_2017_ward1,stv,7,1.0,1.0,1.0,1.0,1.0,1.0,1.0,1.0,0.8666666666666667,0.9523809523809523,0.33333333333333337,0.9286458333333333,1.0,0.8571428571428571
west_lothian_2017_ward1,ranked-pairs,7,1.0,1.0,1.0,1.0,1.0,1.0,1.0,1.0,1.0,1.0,1.0,1.0,1.0,1.0
renfrewshire_2012_ward1,borda,7,1.0,1.0,1.0,1.0,1.0,1.0,1.0,1.0,1.0,1.0,1.0,1.0,1.0,1.0
renfrewshire_2012_ward1,3-approval,7,1.0,1.0,1.0,1.0,1.0,1.0,1.0,1.0,1.0,1.0,1.0,1.0,1.0,1.0
renfrewshire_2012_ward1,2-approval,7,0.8839000531009997,1.0,0.9363117870722435,1.0,1.0,1.0,1.0,1.0,0.9333333333333333,0.9904761904761905,0.0,0.9473958333333333,1.0,1.0
renfrewshire_2012_ward1,plurality,7,0.8839000531009997,1.0,0.9363117870722435,1.0,1.0,1.0,1.0,1.0,0.8666666666666667,0.9619047619047619,0.0,0.9520833333333333,1.0,0.9285714285714286
renfrewshire_2012_ward1,stv,7,0.8839000531009997,1.0,0.9363117870722435,1.0,1.0,1.0,1.0,1.0,0.8666666666666667,0.9619047619047619,0.0,0.934375,1.0,0.9285714285714286
renfrewshire_2012_ward1,ranked-pairs,7,1.0,1.0,1.0,1.0,1.0,1.0,1.0,1.0,1.0,1.0,1.0,1.0,1.0,1.0
highland_2012_ward16,borda,7,1.0,1.0,1.0,1.0,1.0,1.0,1.0,1.0,1.0,1.0,1.0,1.0,1.0,1.0
highland_2012_ward16,3-approval,7,1.0,1.0,1.0,1.0,1.0,1.0,1.0,1.0,1.0,1.0,1.0,1.0,1.0,1.0
highland_2012_ward16,2-approval,7,0.9229133339997369,1.0,0.9712383488681755,1.0,1.0,1.0,1.0,1.0,0.9333333333333333,0.9904761904761905,0.0,0.95859375,1.0,1.0
highland_2012_ward16,plurality,7,0.7872975371671428,1.0,0.805806294218102,1.0,1.0,1.0,1.0,1.0,0.9333333333333333,0.9523809523809523,0.0,0.8307291666666665,1.0,1.0
highland_2012_ward16,stv,7,0.7872975371671428,1.0,0.805806294218102,1.0,1.0,1.0,1.0,1.0,0.8666666666666667,0.9619047619047619,0.0,0.8664062499999999,1.0,1.0
highland_2012_ward16,ranked-pairs,7,1.0,1.0,1.0,1.0,1.0,1.0,1.0,1.0,1.0,1.0,1.0,1.0,1.0,1.0
south_lanarkshire_2022_ward12,borda,7,1.0,1.0,1.0,1.0,1.0,1.0,1.0,1.0,0.9333333333333333,0.9714285714285714,0.0,0.96171875,1.0,1.0
south_lanarkshire_2022_ward12,3-approval,7,0.9081196320796432,1.0,0.9594672843080487,1.0,1.0,1.0,1.0,1.0,0.8666666666666667,0.9333333333333333,0.0,0.9200520833333333,1.0,1.0
south_lanarkshire_2022_ward12,2-approval,7,0.778907780705612,1.0,0.7923728813559324,1.0,0.9239992903765805,1.0,0.9720279720279723,1.0,0.8666666666666667,0.9333333333333333,0.0,0.8841145833333333,1.0,0.8809523809523808
south_lanarkshire_2022_ward12,plurality,7,0.6136443833593301,1.0,0.5091422625241564,1.0,0.9239992903765805,1.0,0.9720279720279723,1.0,0.8,0.9428571428571428,0.0,0.8106770833333333,1.0,0.9285714285714286
south_lanarkshire_2022_ward12,stv,7,0.6136443833593301,1.0,0.5091422625241564,1.0,0.9239992903765805,1.0,0.9720279720279723,1.0,0.6666666666666667,0.8476190476190476,0.0,0.7875000000000001,1.0,0.7857142857142857
south_lanarkshire_2022_ward12,ranked-pairs,7,1.0,1.0,1.0,1.0,1.0,1.0,1.0,1.0,1.0,1.0,1.0,1.0,1.0,1.0
renfrewshire_2012_ward2,borda,7,1.0,1.0,1.0,1.0,1.0,1.0,1.0,1.0,0.9333333333333333,0.9904761904761905,0.6666666666666667,0.990625,1.0,1.0
renfrewshire_2012_ward2,3-approval,7,1.0,1.0,1.0,1.0,1.0,1.0,1.0,1.0,1.0,1.0,0.0,0.9752604166666666,1.0,1.0
renfrewshire_2012_ward2,2-approval,7,0.8723044692787595,1.0,0.9236371661884795,1.0,1.0,1.0,1.0,1.0,0.8,0.9333333333333333,0.0,0.8833333333333333,1.0,1.0
renfrewshire_2012_ward2,plurality,7,0.8398568578280169,1.0,0.8833189282627485,1.0,1.0,1.0,1.0,1.0,0.8666666666666667,0.9428571428571428,0.0,0.8802083333333333,1.0,0.9285714285714286
renfrewshire_2012_ward2,stv,7,0.8398568578280169,1.0,0.8833189282627485,1.0,1.0,1.0,1.0,1.0,0.8666666666666667,0.9523809523809523,0.0,0.8484375,1.0,0.9285714285714286
renfrewshire_2012_ward2,ranked-pairs,7,1.0,1.0,1.0,1.0,1.0,1.0,1.0,1.0,1.0,1.0,1.0,1.0,1.0,1.0
dumgal_2022_ward3,borda,7,0.959610757061978,1.0,0.9919928825622776,1.0,1.0,1.0,1.0,1.0,0.9333333333333333,0.9809523809523809,0.8333333333333334,0.9919270833333333,1.0,0.9523809523809524
dumgal_2022_ward3,3-approval,7,0.9326039241920286,1.0,0.9779151943462896,1.0,1.0,1.0,1.0,1.0,0.8666666666666667,0.9047619047619048,0.0,0.8895833333333333,1.0,1.0
dumgal_2022_ward3,2-approval,7,0.867568426635511,1.0,0.9181837652602269,1.0,0.896198139928266,1.0,0.948651000870322,1.0,0.8,0.9428571428571428,0.0,0.7841145833333334,1.0,0.9285714285714286
dumgal_2022_ward3,plurality,7,0.896198139928266,1.0,0.948651000870322,1.0,0.896198139928266,1.0,0.948651000870322,1.0,0.7333333333333334,0.9523809523809523,0.0,0.8346354166666666,1.0,0.9285714285714286
dumgal_2022_ward3,stv,7,0.896198139928266,1.0,0.948651000870322,1.0,0.9267643734454982,1.0,0.9739916244214237,1.0,0.8,0.9238095238095239,0.0,0.8072916666666667,1.0,0.8571428571428571
dumgal_2022_ward3,ranked-pairs,7,0.9904861950431068,1.0,0.9995534717570885,1.0,1.0,1.0,1.0,1.0,0.9333333333333333,0.9904761904761905,0.0,0.9703125,1.0,1.0
perth_kinross_2022_ward10,borda,7,0.9003670974855816,1.0,0.9525646520931561,1.0,1.0,1.0,1.0,1.0,0.8666666666666667,0.9619047619047619,0.5,0.9630208333333333,1.0,1.0
perth_kinross_2022_ward10,3-approval,7,0.9235757696648302,1.0,0.9717212523445388,1.0,1.0,1.0,1.0,1.0,0.9333333333333333,0.9714285714285714,0.0,0.9307291666666666,1.0,1.0
perth_kinross_2022_ward10,2-approval,7,0.9003670974855816,1.0,0.9525646520931561,1.0,1.0,1.0,1.0,1.0,0.8666666666666667,0.9619047619047619,0.33333333333333337,0.93984375,1.0,1.0
perth_kinross_2022_ward10,plurality,7,0.8305085628358775,1.0,0.8705173829728989,1.0,1.0,1.0,1.0,1.0,0.8666666666666667,0.9333333333333333,0.0,0.8778645833333333,1.0,0.9523809523809523
perth_kinross_2022_ward10,stv,7,0.8305085628358775,1.0,0.8705173829728989,1.0,1.0,1.0,1.0,1.0,0.8,0.9142857142857143,0.0,0.8486979166666666,1.0,0.9523809523809523
perth_kinross_2022_ward10,ranked-pairs,7,1.0,1.0,1.0,1.0,1.0,1.0,1.0,1.0,1.0,1.0,1.0,1.0,1.0,1.0
dumgal_2012_ward11,borda,7,1.0,1.0,1.0,1.0,1.0,1.0,1.0,1.0,0.9333333333333333,0.9904761904761905,0.0,0.9736979166666667,1.0,1.0
dumgal_2012_ward11,3-approval,7,1.0,1.0,1.0,1.0,1.0,1.0,1.0,1.0,0.9333333333333333,0.9714285714285714,0.0,0.95546875,1.0,0.869047619047619
dumgal_2012_ward11,2-approval,7,0.9456998115198839,1.0,0.985589519650655,1.0,1.0,1.0,1.0,1.0,1.0,1.0,0.0,0.9479166666666666,1.0,1.0
dumgal_2012_ward11,plurality,7,0.7660313315393349,1.0,0.7713283989092324,1.0,1.0,1.0,1.0,1.0,0.8666666666666667,0.9428571428571428,0.0,0.8723958333333333,1.0,1.0
dumgal_2012_ward11,stv,7,0.7121417930436956,1.0,0.6794090489381348,1.0,1.0,1.0,1.0,1.0,0.8666666666666667,0.9142857142857143,0.0,0.8320312499999999,1.0,1.0
dumgal_2012_ward11,ranked-pairs,7,1.0,1.0,1.0,1.0,1.0,1.0,1.0,1.0,1.0,1.0,1.0,1.0,1.0,1.0
midlothian_2012_ward3,borda,7,1.0,1.0,1.0,1.0,1.0,1.0,1.0,1.0,1.0,1.0,1.0,1.0,1.0,1.0
midlothian_2012_ward3,3-approval,7,1.0,1.0,1.0,1.0,1.0,1.0,1.0,1.0,1.0,1.0,1.0,1.0,1.0,1.0
midlothian_2012_ward3,2-approval,7,0.86843384838235,1.0,0.9191919191919193,1.0,1.0,1.0,1.0,1.0,1.0,1.0,0.0,0.9627604166666667,1.0,1.0
midlothian_2012_ward3,plurality,7,0.8326915161052657,1.0,0.8735498839907194,1.0,1.0,1.0,1.0,1.0,0.8666666666666667,0.9619047619047619,0.0,0.8963541666666667,1.0,0.9285714285714286
midlothian_2012_ward3,stv,7,0.8326915161052657,1.0,0.8735498839907194,1.0,1.0,1.0,1.0,1.0,0.8666666666666667,0.9428571428571428,0.0,0.8721354166666666,1.0,0.9285714285714286
midlothian_2012_ward3,ranked-pairs,7,1.0,1.0,1.0,1.0,1.0,1.0,1.0,1.0,1.0,1.0,1.0,1.0,1.0,1.0
moray_2017_ward5,borda,7,1.0,1.0,1.0,1.0,1.0,1.0,1.0,1.0,1.0,1.0,0.0,0.984375,1.0,1.0
moray_2017_ward5,3-approval,7,1.0,1.0,1.0,1.0,1.0,1.0,1.0,1.0,1.0,1.0,0.0,0.9635416666666666,1.0,1.0
moray_2017_ward5,2-approval,7,0.7473893005683899,1.0,0.7401015228426396,1.0,0.7473893005683899,1.0,0.7401015228426396,1.0,0.8,0.8952380952380953,0.0,0.8677083333333333,1.0,0.8214285714285714
moray_2017_ward5,plurality,7,0.705514255331924,1.0,0.6678559844307493,1.0,0.756015260450138,1.0,0.7546493772393789,1.0,0.8666666666666667,0.9714285714285714,0.0,0.9041666666666667,1.0,0.9047619047619048
moray_2017_ward5,stv,7,0.7473893005683899,1.0,0.7401015228426396,1.0,0.756015260450138,1.0,0.7546493772393789,1.0,0.9333333333333333,0.9714285714285714,0.0,0.9427083333333334,1.0,0.9523809523809524
moray_2017_ward5,ranked-pairs,7,1.0,1.0,1.0,1.0,1.0,1.0,1.0,1.0,1.0,1.0,1.0,1.0,1.0,1.0
highland_2012_ward2,borda,7,0.9462784187129624,1.0,0.9858921161825728,1.0,1.0,1.0,1.0,1.0,0.9333333333333333,0.9523809523809523,0.0,0.9557291666666666,1.0,1.0
highland_2012_ward2,3-approval,7,1.0,1.0,1.0,1.0,1.0,1.0,1.0,1.0,1.0,1.0,1.0,1.0,1.0,1.0
highland_2012_ward2,2-approval,7,0.9462784187129624,1.0,0.9858921161825728,1.0,1.0,1.0,1.0,1.0,0.9333333333333333,0.9523809523809523,0.0,0.9557291666666666,1.0,1.0
highland_2012_ward2,plurality,7,0.7387030464848209,1.0,0.7253064167267483,1.0,0.7387030464848209,1.0,0.7253064167267483,1.0,0.9333333333333333,0.9904761904761905,0.0,0.95390625,1.0,0.9285714285714286
highland_2012_ward2,stv,7,0.9462784187129624,1.0,0.9858921161825728,1.0,1.0,1.0,1.0,1.0,1.0,1.0,0.0,0.9776041666666667,1.0,1.0
highland_2012_ward2,ranked-pairs,7,1.0,1.0,1.0,1.0,1.0,1.0,1.0,1.0,1.0,1.0,1.0,1.0,1.0,1.0
highland_2022_aird_and_loch_ness,borda,7,0.9540780245603505,1.0,0.9896650717703352,1.0,1.0,1.0,1.0,1.0,1.0,1.0,0.0,0.9830729166666666,1.0,1.0
highland_2022_aird_and_loch_ness,3-approval,7,0.9540780245603505,1.0,0.9896650717703352,1.0,1.0,1.0,1.0,1.0,0.9333333333333333,0.9904761904761905,0.0,0.9138020833333333,1.0,1.0
highland_2022_aird_and_loch_ness,2-approval,7,0.8271183609268572,1.0,0.86575735821967,1.0,0.8271183609268572,1.0,0.86575735821967,1.0,0.8666666666666667,0.9428571428571428,0.0,0.8690104166666667,1.0,0.8095238095238094
highland_2022_aird_and_loch_ness,plurality,7,0.8066308757889642,1.0,0.835776090411443,1.0,0.8271183609268572,1.0,0.86575735821967,1.0,0.8666666666666667,0.9619047619047619,0.0,0.8817708333333333,1.0,0.9047619047619048
highland_2022_aird_and_loch_ness,stv,7,0.8066308757889642,1.0,0.835776090411443,1.0,0.8271183609268572,1.0,0.86575735821967,1.0,0.8666666666666667,0.9619047619047619,0.0,0.8888020833333333,1.0,0.9047619047619048
highland_2022_aird_and_loch_ness,ranked-pairs,7,1.0,1.0,1.0,1.0,1.0,1.0,1.0,1.0,1.0,1.0,1.0,1.0,1.0,1.0
falkirk_2017_ward4,borda,7,0.9168063837623465,1.0,0.9666063726172257,1.0,1.0,1.0,1.0,1.0,0.9333333333333333,0.9714285714285714,0.0,0.9489583333333333,1.0,1.0
falkirk_2017_ward4,3-approval,7,1.0,1.0,1.0,1.0,1.0,1.0,1.0,1.0,0.9333333333333333,0.9809523809523809,0.0,0.9138020833333333,1.0,1.0
falkirk_2017_ward4,2-approval,7,0.8639218787448437,1.0,0.9138794854434665,1.0,0.888651064439575,1.0,0.9412168658151354,1.0,0.9333333333333333,0.9809523809523809,0.0,0.8765624999999999,1.0,1.0
falkirk_2017_ward4,plurality,7,0.8077694717607723,1.0,0.8374934997399898,1.0,0.888651064439575,1.0,0.9412168658151354,1.0,0.8666666666666667,0.9428571428571428,0.0,0.859375,1.0,0.9047619047619048
falkirk_2017_ward4,stv,7,0.8077694717607723,1.0,0.8374934997399898,1.0,0.888651064439575,1.0,0.9412168658151354,1.0,0.9333333333333333,0.9523809523809523,0.0,0.87734375,1.0,0.9523809523809523
falkirk_2017_ward4,ranked-pairs,7,1.0,1.0,1.0,1.0,1.0,1.0,1.0,1.0,1.0,1.0,1.0,1.0,1.0,1.0
midlothian_2012_ward2,borda,7,1.0,1.0,1.0,1.0,1.0,1.0,1.0,1.0,0.9333333333333333,0.9809523809523809,0.6666666666666667,0.9846354166666667,1.0,1.0
midlothian_2012_ward2,3-approval,7,1.0,1.0,1.0,1.0,1.0,1.0,1.0,1.0,1.0,1.0,0.9,0.99921875,1.0,1.0
midlothian_2012_ward2,2-approval,7,1.0,1.0,1.0,1.0,1.0,1.0,1.0,1.0,1.0,1.0,0.6666666666666667,0.9973958333333334,1.0,1.0
midlothian_2012_ward2,plurality,7,0.6558838359588598,1.0,0.5812663688183638,1.0,0.7568393544269674,1.0,0.7560307955517538,1.0,0.7333333333333334,0.9142857142857143,0.0,0.8348958333333333,1.0,0.8571428571428571
midlothian_2012_ward2,stv,7,0.6558838359588598,1.0,0.5812663688183638,1.0,0.7568393544269674,1.0,0.7560307955517538,1.0,0.7333333333333334,0.8952380952380953,0.0,0.81171875,1.0,0.8571428571428571
midlothian_2012_ward2,ranked-pairs,7,1.0,1.0,1.0,1.0,1.0,1.0,1.0,1.0,1.0,1.0,1.0,1.0,1.0,1.0
south_lanarkshire_2022_ward15,borda,7,1.0,1.0,1.0,1.0,1.0,1.0,1.0,1.0,1.0,1.0,1.0,1.0,1.0,1.0
south_lanarkshire_2022_ward15,3-approval,7,0.8472515685273295,1.0,0.893090909090909,1.0,1.0,1.0,1.0,1.0,0.8666666666666667,0.9047619047619048,0.0,0.9122395833333333,1.0,1.0
south_lanarkshire_2022_ward15,2-approval,7,0.7631417645953061,1.0,0.7665422463522225,1.0,1.0,1.0,1.0,1.0,0.9333333333333333,0.9523809523809523,0.0,0.8901041666666666,1.0,1.0
south_lanarkshire_2022_ward15,plurality,7,0.7631417645953061,1.0,0.7665422463522225,1.0,1.0,1.0,1.0,1.0,0.8666666666666667,0.9428571428571428,0.0,0.8752604166666667,1.0,0.9285714285714286
south_lanarkshire_2022_ward15,stv,7,0.7631417645953061,1.0,0.7665422463522225,1.0,1.0,1.0,1.0,1.0,0.8,0.9047619047619048,0.0,0.8661458333333333,1.0,0.9285714285714286
south_lanarkshire_2022_ward15,ranked-pairs,7,1.0,1.0,1.0,1.0,1.0,1.0,1.0,1.0,1.0,1.0,1.0,1.0,1.0,1.0
sc_borders_2012_ward3,borda,7,1.0,1.0,1.0,1.0,1.0,1.0,1.0,1.0,1.0,1.0,1.0,1.0,1.0,1.0
sc_borders_2012_ward3,3-approval,7,1.0,1.0,1.0,1.0,1.0,1.0,1.0,1.0,1.0,1.0,1.0,1.0,1.0,1.0
sc_borders_2012_ward3,2-approval,7,0.8875086221649586,1.0,0.940053050397878,1.0,1.0,1.0,1.0,1.0,0.9333333333333333,0.9714285714285714,0.0,0.9627604166666667,1.0,1.0
sc_borders_2012_ward3,plurality,7,0.8112994737867448,1.0,0.8427815570672714,1.0,1.0,1.0,1.0,1.0,0.8666666666666667,0.9714285714285714,0.0,0.9182291666666667,1.0,1.0
sc_borders_2012_ward3,stv,7,0.8112994737867448,1.0,0.8427815570672714,1.0,1.0,1.0,1.0,1.0,0.8666666666666667,0.9714285714285714,0.0,0.92421875,1.0,0.9047619047619048
sc_borders_2012_ward3,ranked-pairs,7,1.0,1.0,1.0,1.0,1.0,1.0,1.0,1.0,1.0,1.0,1.0,1.0,1.0,1.0
highland_2017_ward12,borda,7,0.8611094593503623,1.0,0.9104984894259821,1.0,1.0,1.0,1.0,1.0,0.8666666666666667,0.9238095238095239,0.0,0.9125,1.0,1.0
highland_2017_ward12,3-approval,7,0.8611094593503623,1.0,0.9104984894259821,1.0,1.0,1.0,1.0,1.0,0.8666666666666667,0.9523809523809523,0.0,0.9010416666666666,1.0,1.0
highland_2017_ward12,2-approval,7,0.7961971442515996,1.0,0.8197841726618705,1.0,0.8259044579496934,1.0,0.8640383198231392,1.0,0.8666666666666667,0.9333333333333333,0.0,0.8346354166666666,1.0,0.9047619047619048
highland_2017_ward12,plurality,7,0.6956193856934391,1.0,0.6505709624796085,1.0,0.8259044579496934,1.0,0.8640383198231392,1.0,0.8,0.8952380952380953,0.0,0.8213541666666667,1.0,0.9047619047619048
highland_2017_ward12,stv,7,0.6956193856934391,1.0,0.6505709624796085,1.0,0.8259044579496934,1.0,0.8640383198231392,1.0,0.8,0.8857142857142857,0.0,0.8192708333333334,1.0,0.9523809523809524
highland_2017_ward12,ranked-pairs,7,1.0,1.0,1.0,1.0,1.0,1.0,1.0,1.0,1.0,1.0,1.0,1.0,1.0,1.0
midlothian_2022_ward3,borda,7,1.0,1.0,1.0,1.0,1.0,1.0,1.0,1.0,1.0,1.0,1.0,1.0,1.0,1.0
midlothian_2022_ward3,3-approval,7,1.0,1.0,1.0,1.0,1.0,1.0,1.0,1.0,1.0,1.0,0.0,0.9739583333333334,1.0,1.0
midlothian_2022_ward3,2-approval,7,0.7486644711449062,1.0,0.7422617843414929,1.0,1.0,1.0,1.0,1.0,0.9333333333333333,0.9809523809523809,0.0,0.9505208333333334,1.0,1.0
midlothian_2022_ward3,plurality,7,0.7486644711449062,1.0,0.7422617843414929,1.0,1.0,1.0,1.0,1.0,0.9333333333333333,0.9714285714285714,0.0,0.9158854166666667,1.0,0.9285714285714286
midlothian_2022_ward3,stv,7,0.7486644711449062,1.0,0.7422617843414929,1.0,1.0,1.0,1.0,1.0,0.8666666666666667,0.9428571428571428,0.0,0.9065104166666667,1.0,0.9285714285714286
midlothian_2022_ward3,ranked-pairs,7,1.0,1.0,1.0,1.0,1.0,1.0,1.0,1.0,1.0,1.0,1.0,1.0,1.0,1.0
west_lothian_2012_ward5,borda,7,0.9883324800893786,1.0,0.9993285210676516,1.0,1.0,1.0,1.0,1.0,0.8666666666666667,0.9714285714285714,0.0,0.946875,1.0,0.9523809523809523
west_lothian_2012_ward5,3-approval,7,0.9883324800893786,1.0,0.9993285210676516,1.0,1.0,1.0,1.0,1.0,0.9333333333333333,0.9809523809523809,0.0,0.9645833333333333,1.0,0.9047619047619048
west_lothian_2012_ward5,2-approval,7,0.9041407552097329,1.0,0.9559862046313022,1.0,1.0,1.0,1.0,1.0,0.8,0.9428571428571428,0.0,0.8966145833333333,1.0,0.9523809523809523
west_lothian_2012_ward5,plurality,7,1.0,1.0,1.0,1.0,1.0,1.0,1.0,1.0,0.8666666666666667,0.9523809523809523,0.33333333333333337,0.9192708333333333,1.0,0.9047619047619048
west_lothian_2012_ward5,stv,7,0.7232843114839204,1.0,0.6987590928540863,1.0,1.0,1.0,1.0,1.0,0.8666666666666667,0.9333333333333333,0.0,0.8742187499999999,1.0,1.0
west_lothian_2012_ward5,ranked-pairs,7,1.0,1.0,1.0,1.0,1.0,1.0,1.0,1.0,1.0,1.0,1.0,1.0,1.0,1.0
aberdeenshire_2017_ward13,borda,7,1.0,1.0,1.0,1.0,1.0,1.0,1.0,1.0,1.0,1.0,0.6666666666666667,0.9940104166666667,1.0,1.0
aberdeenshire_2017_ward13,3-approval,7,1.0,1.0,1.0,1.0,1.0,1.0,1.0,1.0,0.9333333333333333,0.9619047619047619,0.0,0.9434895833333333,1.0,0.9523809523809524
aberdeenshire_2017_ward13,2-approval,7,0.8661951579038975,1.0,0.9165734377497203,1.0,0.8661951579038975,1.0,0.9165734377497203,1.0,0.9333333333333333,0.9619047619047619,0.6666666666666667,0.96484375,1.0,0.8214285714285714
aberdeenshire_2017_ward13,plurality,7,0.6599639539514834,1.0,0.588344370860927,1.0,1.0,1.0,1.0,1.0,0.8666666666666667,0.9619047619047619,0.0,0.9213541666666667,1.0,0.9523809523809523
aberdeenshire_2017_ward13,stv,7,0.8379911011007564,1.0,0.8808030112923462,1.0,1.0,1.0,1.0,1.0,0.8666666666666667,0.9428571428571428,0.0,0.9348958333333334,1.0,0.9523809523809523
aberdeenshire_2017_ward13,ranked-pairs,7,1.0,1.0,1.0,1.0,1.0,1.0,1.0,1.0,1.0,1.0,1.0,1.0,1.0,1.0
north_lanarkshire_2017_ward1,borda,7,0.9425913187208129,1.0,0.9839106145251397,1.0,1.0,1.0,1.0,1.0,1.0,1.0,1.0,1.0,1.0,1.0
north_lanarkshire_2017_ward1,3-approval,7,0.9425913187208129,1.0,0.9839106145251397,1.0,1.0,1.0,1.0,1.0,1.0,1.0,0.0,0.9598958333333333,1.0,1.0
north_lanarkshire_2017_ward1,2-approval,7,0.9425913187208129,1.0,0.9839106145251397,1.0,1.0,1.0,1.0,1.0,0.9333333333333333,0.9904761904761905,0.0,0.9697916666666667,1.0,1.0
north_lanarkshire_2017_ward1,plurality,7,0.9425913187208129,1.0,0.9839106145251397,1.0,1.0,1.0,1.0,1.0,0.9333333333333333,0.9619047619047619,0.0,0.9651041666666667,1.0,0.9285714285714286
north_lanarkshire_2017_ward1,stv,7,0.9425913187208129,1.0,0.9839106145251397,1.0,1.0,1.0,1.0,1.0,0.9333333333333333,0.9809523809523809,0.0,0.9635416666666666,1.0,0.9285714285714286
north_lanarkshire_2017_ward1,ranked-pairs,7,1.0,1.0,1.0,1.0,1.0,1.0,1.0,1.0,1.0,1.0,1.0,1.0,1.0,1.0
west_dunbartonshire_2012_ward1,borda,7,0.8937346608726476,1.0,0.9462733737160919,1.0,0.8937346608726476,1.0,0.9462733737160919,1.0,1.0,1.0,1.0,1.0,1.0,1.0
west_dunbartonshire_2012_ward1,3-approval,7,0.8937346608726476,1.0,0.9462733737160919,1.0,0.8937346608726476,1.0,0.9462733737160919,1.0,1.0,1.0,0.8333333333333334,0.9869791666666666,1.0,1.0
west_dunbartonshire_2012_ward1,2-approval,7,0.8412646692723522,1.0,0.885204081632653,1.0,1.0,1.0,1.0,1.0,0.9333333333333333,0.9619047619047619,0.0,0.9046875,1.0,0.8571428571428571
west_dunbartonshire_2012_ward1,plurality,7,0.7680966985627135,1.0,0.7747358309317964,1.0,0.7680966985627135,1.0,0.7747358309317964,1.0,0.8666666666666667,0.9714285714285714,0.0,0.9091145833333334,1.0,0.880952380952381
west_dunbartonshire_2012_ward1,stv,7,0.8412646692723522,1.0,0.885204081632653,1.0,1.0,1.0,1.0,1.0,0.9333333333333333,0.9809523809523809,0.0,0.9356770833333333,1.0,0.9285714285714286
west_dunbartonshire_2012_ward1,ranked-pairs,7,1.0,1.0,1.0,1.0,1.0,1.0,1.0,1.0,1.0,1.0,1.0,1.0,1.0,1.0
midlothian_2022_ward1,borda,7,0.9733893399473283,1.0,0.9965136548518301,1.0,1.0,1.0,1.0,1.0,0.9333333333333333,0.9904761904761905,0.8333333333333334,0.99609375,1.0,1.0
midlothian_2022_ward1,3-approval,7,1.0,1.0,1.0,1.0,1.0,1.0,1.0,1.0,1.0,1.0,0.0,0.9674479166666666,1.0,1.0
midlothian_2022_ward1,2-approval,7,0.8152531282697538,1.0,0.8486370157819223,1.0,1.0,1.0,1.0,1.0,0.8666666666666667,0.9333333333333333,0.0,0.86796875,1.0,1.0
midlothian_2022_ward1,plurality,7,0.7080565719522375,1.0,0.672290720311486,1.0,0.7080565719522375,1.0,0.672290720311486,1.0,0.8666666666666667,0.9428571428571428,0.0,0.8760416666666666,1.0,0.9285714285714286
midlothian_2022_ward1,stv,7,0.8152531282697538,1.0,0.8486370157819223,1.0,1.0,1.0,1.0,1.0,0.9333333333333333,0.9714285714285714,0.0,0.9135416666666667,1.0,0.9285714285714286
midlothian_2022_ward1,ranked-pairs,7,1.0,1.0,1.0,1.0,1.0,1.0,1.0,1.0,1.0,1.0,1.0,1.0,1.0,1.0
edinburgh_2012_ward2,borda,7,1.0,1.0,1.0,1.0,1.0,1.0,1.0,1.0,1.0,1.0,1.0,1.0,1.0,1.0
edinburgh_2012_ward2,3-approval,7,0.8528636752284124,1.0,0.9002869440459109,1.0,0.8528636752284124,1.0,0.9002869440459109,1.0,1.0,1.0,0.8333333333333334,0.9822916666666667,1.0,1.0
edinburgh_2012_ward2,2-approval,7,0.8757272770682613,1.0,0.9274799902983263,1.0,1.0,1.0,1.0,1.0,0.9333333333333333,0.9714285714285714,0.0,0.9489583333333333,1.0,1.0
edinburgh_2012_ward2,plurality,7,0.8247754128361682,1.0,0.8624326224513708,1.0,1.0,1.0,1.0,1.0,0.8666666666666667,0.9333333333333333,0.0,0.8455729166666666,1.0,1.0
edinburgh_2012_ward2,stv,7,0.8757272770682613,1.0,0.9274799902983263,1.0,1.0,1.0,1.0,1.0,0.8,0.9142857142857143,0.0,0.9044270833333333,1.0,1.0
edinburgh_2012_ward2,ranked-pairs,7,1.0,1.0,1.0,1.0,1.0,1.0,1.0,1.0,1.0,1.0,1.0,1.0,1.0,1.0
argyll_bute_2022_ward7,borda,7,0.940472769486076,1.0,0.9827151602448687,1.0,1.0,1.0,1.0,1.0,1.0,1.0,0.6666666666666667,0.9940104166666667,1.0,1.0
argyll_bute_2022_ward7,3-approval,7,0.940472769486076,1.0,0.9827151602448687,1.0,1.0,1.0,1.0,1.0,0.9333333333333333,0.9619047619047619,0.6666666666666667,0.9658854166666667,1.0,1.0
argyll_bute_2022_ward7,2-approval,7,0.8236067879575003,1.0,0.8607637715444407,1.0,0.8236067879575003,1.0,0.8607637715444407,1.0,0.8666666666666667,0.9619047619047619,0.0,0.8940104166666667,1.0,0.8095238095238094
argyll_bute_2022_ward7,plurality,7,0.7191264066389148,1.0,0.6915514592933948,1.0,0.8236067879575003,1.0,0.8607637715444407,1.0,0.8666666666666667,0.9523809523809523,0.0,0.87890625,1.0,1.0
argyll_bute_2022_ward7,stv,7,0.8236067879575003,1.0,0.8607637715444407,1.0,0.8236067879575003,1.0,0.8607637715444407,1.0,0.8666666666666667,0.9714285714285714,0.0,0.9372395833333333,1.0,0.9285714285714286
argyll_bute_2022_ward7,ranked-pairs,7,1.0,1.0,1.0,1.0,1.0,1.0,1.0,1.0,1.0,1.0,1.0,1.0,1.0,1.0
east_ayrshire_2017_ward7,borda,7,0.8977836041339008,1.0,0.9501557632398752,1.0,1.0,1.0,1.0,1.0,0.8666666666666667,0.9714285714285714,0.0,0.9364583333333334,1.0,1.0
east_ayrshire_2017_ward7,3-approval,7,0.8977836041339008,1.0,0.9501557632398752,1.0,1.0,1.0,1.0,1.0,0.9333333333333333,0.9333333333333333,0.0,0.8804687499999999,1.0,1.0
east_ayrshire_2017_ward7,2-approval,7,0.8825488244535933,1.0,0.9348856377498452,1.0,1.0,1.0,1.0,1.0,0.9333333333333333,0.9809523809523809,0.0,0.8625,1.0,1.0
east_ayrshire_2017_ward7,plurality,7,0.7362126439343673,1.0,0.7210410557184751,1.0,0.7547465162191777,1.0,0.7525195968645014,1.0,0.7333333333333334,0.9047619047619048,0.0,0.784375,1.0,0.9047619047619048
east_ayrshire_2017_ward7,stv,7,0.7362126439343673,1.0,0.7210410557184751,1.0,0.7547465162191777,1.0,0.7525195968645014,1.0,0.7333333333333334,0.9142857142857143,0.0,0.7848958333333333,1.0,0.9047619047619048
east_ayrshire_2017_ward7,ranked-pairs,7,1.0,1.0,1.0,1.0,1.0,1.0,1.0,1.0,1.0,1.0,1.0,1.0,1.0,1.0
argyll_bute_2012_ward2,borda,7,1.0,1.0,1.0,1.0,1.0,1.0,1.0,1.0,1.0,1.0,1.0,1.0,1.0,1.0
argyll_bute_2012_ward2,3-approval,7,1.0,1.0,1.0,1.0,1.0,1.0,1.0,1.0,1.0,1.0,1.0,1.0,1.0,1.0
argyll_bute_2012_ward2,2-approval,7,1.0,1.0,1.0,1.0,1.0,1.0,1.0,1.0,1.0,1.0,1.0,1.0,1.0,1.0
argyll_bute_2012_ward2,plurality,7,0.8521191613065623,1.0,0.899343544857768,1.0,0.8521191613065623,1.0,0.899343544857768,1.0,0.9333333333333333,0.9619047619047619,0.0,0.9515625,1.0,0.8095238095238094
argyll_bute_2012_ward2,stv,7,1.0,1.0,1.0,1.0,1.0,1.0,1.0,1.0,0.9333333333333333,0.9714285714285714,0.6666666666666667,0.9830729166666666,1.0,1.0
argyll_bute_2012_ward2,ranked-pairs,7,1.0,1.0,1.0,1.0,1.0,1.0,1.0,1.0,1.0,1.0,1.0,1.0,1.0,1.0
clackmannanshire_2017_ward4,borda,7,1.0,1.0,1.0,1.0,1.0,1.0,1.0,1.0,1.0,1.0,1.0,1.0,1.0,1.0
clackmannanshire_2017_ward4,3-approval,7,0.8076767751481922,1.0,0.8373538920666502,1.0,1.0,1.0,1.0,1.0,1.0,1.0,0.8333333333333334,0.9947916666666666,1.0,1.0
clackmannanshire_2017_ward4,2-approval,7,0.727152394614283,1.0,0.7054478301015698,1.0,0.727152394614283,1.0,0.7054478301015698,1.0,0.8666666666666667,0.9333333333333333,0.0,0.8492187499999999,1.0,0.7857142857142857
clackmannanshire_2017_ward4,plurality,7,0.727152394614283,1.0,0.7054478301015698,1.0,0.727152394614283,1.0,0.7054478301015698,1.0,0.8666666666666667,0.9428571428571428,0.0,0.8276041666666667,1.0,1.0
clackmannanshire_2017_ward4,stv,7,0.727152394614283,1.0,0.7054478301015698,1.0,0.727152394614283,1.0,0.7054478301015698,1.0,0.8,0.9333333333333333,0.0,0.8122395833333333,1.0,0.8571428571428571
clackmannanshire_2017_ward4,ranked-pairs,7,1.0,1.0,1.0,1.0,1.0,1.0,1.0,1.0,1.0,1.0,1.0,1.0,1.0,1.0
angus_2017_ward8,borda,7,1.0,1.0,1.0,1.0,1.0,1.0,1.0,1.0,0.8666666666666667,0.9428571428571428,0.0,0.9281250000000001,1.0,1.0
angus_2017_ward8,3-approval,7,1.0,1.0,1.0,1.0,1.0,1.0,1.0,1.0,0.8,0.8857142857142857,0.0,0.8898437499999999,1.0,1.0
angus_2017_ward8,2-approval,7,0.8307964325848369,1.0,0.8709187547456341,1.0,0.8464978830365008,1.0,0.8921098099443272,1.0,0.8,0.8761904761904762,0.0,0.7257812500000002,1.0,0.9047619047619048
angus_2017_ward8,plurality,7,0.9418512002479291,1.0,0.9834976856510365,1.0,1.0,1.0,1.0,1.0,0.8,0.9619047619047619,0.0,0.8953125,1.0,0.9523809523809523
angus_2017_ward8,stv,7,0.9418512002479291,1.0,0.9834976856510365,1.0,1.0,1.0,1.0,1.0,0.8,0.9619047619047619,0.0,0.89921875,1.0,0.9523809523809523
angus_2017_ward8,ranked-pairs,7,1.0,1.0,1.0,1.0,1.0,1.0,1.0,1.0,1.0,1.0,1.0,1.0,1.0,1.0
aberdeenshire_2022_ward3,borda,7,0.9564244225006235,1.0,0.9906878306878306,1.0,1.0,1.0,1.0,1.0,0.9333333333333333,0.9809523809523809,0.0,0.9609375,1.0,1.0
aberdeenshire_2022_ward3,3-approval,7,0.9564244225006235,1.0,0.9906878306878306,1.0,1.0,1.0,1.0,1.0,0.9333333333333333,0.9523809523809523,0.0,0.9455729166666667,1.0,1.0
aberdeenshire_2022_ward3,2-approval,7,0.838284524813256,1.0,0.8811999999999999,1.0,1.0,1.0,1.0,1.0,0.9333333333333333,0.9714285714285714,0.0,0.91796875,1.0,1.0
aberdeenshire_2022_ward3,plurality,7,0.7752930800185938,1.0,0.7865147198480531,1.0,0.7773877323168178,1.0,0.7899143672692673,1.0,0.8,0.9333333333333333,0.0,0.8776041666666666,1.0,0.9047619047619048
aberdeenshire_2022_ward3,stv,7,0.7752930800185938,1.0,0.7865147198480531,1.0,1.0,1.0,1.0,1.0,0.8666666666666667,0.9619047619047619,0.0,0.9364583333333334,1.0,1.0
aberdeenshire_2022_ward3,ranked-pairs,7,1.0,1.0,1.0,1.0,1.0,1.0,1.0,1.0,1.0,1.0,1.0,1.0,1.0,1.0
south_lanarkshire_2017_ward12,borda,7,0.9340347685172864,1.0,0.9788298691300998,1.0,1.0,1.0,1.0,1.0,0.9333333333333333,0.9904761904761905,0.0,0.9791666666666666,1.0,0.9285714285714286
south_lanarkshire_2017_ward12,3-approval,7,0.9334356107674944,1.0,0.9784491052530304,1.0,1.0,1.0,1.0,1.0,0.9333333333333333,0.9809523809523809,0.0,0.9075520833333334,1.0,1.0
south_lanarkshire_2017_ward12,2-approval,7,0.7827135231652501,1.0,0.7984957145355955,1.0,1.0,1.0,1.0,1.0,0.8,0.9142857142857143,0.0,0.8177083333333333,1.0,1.0
south_lanarkshire_2017_ward12,plurality,7,0.6829651315226236,1.0,0.6284447260057014,1.0,0.6829651315226236,1.0,0.6284447260057014,1.0,0.8,0.9333333333333333,0.0,0.7971354166666667,1.0,0.8571428571428571
south_lanarkshire_2017_ward12,stv,7,0.6829651315226236,1.0,0.6284447260057014,1.0,0.6829651315226236,1.0,0.6284447260057014,1.0,0.7333333333333334,0.8952380952380953,0.0,0.7822916666666667,1.0,0.8095238095238094
south_lanarkshire_2017_ward12,ranked-pairs,7,1.0,1.0,1.0,1.0,1.0,1.0,1.0,1.0,1.0,1.0,1.0,1.0,1.0,1.0
angus_2012_ward3,borda,7,0.9363943242437665,1.0,0.9802977232924693,1.0,1.0,1.0,1.0,1.0,0.9333333333333333,0.9619047619047619,0.0,0.9458333333333333,1.0,1.0
angus_2012_ward3,3-approval,7,0.9363943242437665,1.0,0.9802977232924693,1.0,1.0,1.0,1.0,1.0,0.8666666666666667,0.9238095238095239,0.0,0.9096354166666667,1.0,1.0
angus_2012_ward3,2-approval,7,0.973218189597602,1.0,0.9964687706907968,1.0,1.0,1.0,1.0,1.0,0.9333333333333333,0.9809523809523809,0.0,0.8888020833333333,1.0,1.0
angus_2012_ward3,plurality,7,0.7447439709993796,1.0,0.7356101304681505,1.0,1.0,1.0,1.0,1.0,0.8,0.9238095238095239,0.0,0.85234375,1.0,1.0
angus_2012_ward3,stv,7,0.7447439709993796,1.0,0.7356101304681505,1.0,1.0,1.0,1.0,1.0,0.8,0.8952380952380953,0.0,0.8604166666666666,1.0,1.0
angus_2012_ward3,ranked-pairs,7,0.9768079830289597,1.0,0.997350408478693,1.0,1.0,1.0,1.0,1.0,1.0,1.0,0.0,0.9796875,1.0,1.0
edinburgh_2017_ward17,borda,7,0.914504315815728,1.0,0.9647767941231871,1.0,1.0,1.0,1.0,1.0,1.0,1.0,0.0,0.9833333333333333,1.0,1.0
edinburgh_2017_ward17,3-approval,7,0.914504315815728,1.0,0.9647767941231871,1.0,1.0,1.0,1.0,1.0,0.9333333333333333,0.9809523809523809,0.0,0.9302083333333333,1.0,1.0
edinburgh_2017_ward17,2-approval,7,0.7362733367543468,1.0,0.7211451200396007,1.0,1.0,1.0,1.0,1.0,0.8666666666666667,0.9238095238095239,0.0,0.8770833333333333,1.0,0.9166666666666666
edinburgh_2017_ward17,plurality,7,0.7076035202104956,1.0,0.6715006810351735,1.0,0.7177109332100172,1.0,0.6890940004857906,1.0,0.6666666666666667,0.8857142857142857,0.0,0.7875,1.0,0.8214285714285714
edinburgh_2017_ward17,stv,7,0.7076035202104956,1.0,0.6715006810351735,1.0,0.7295469250318812,1.0,0.7095796115709251,1.0,0.7333333333333334,0.8666666666666667,0.0,0.7708333333333334,1.0,0.9523809523809523
edinburgh_2017_ward17,ranked-pairs,7,1.0,1.0,1.0,1.0,1.0,1.0,1.0,1.0,1.0,1.0,1.0,1.0,1.0,1.0
south_ayrshire_2017_ward5,borda,7,0.9357283322433904,1.0,0.9798885388902352,1.0,1.0,1.0,1.0,1.0,0.9333333333333333,0.9714285714285714,0.0,0.9575520833333333,1.0,0.9047619047619048
south_ayrshire_2017_ward5,3-approval,7,1.0,1.0,1.0,1.0,1.0,1.0,1.0,1.0,0.9333333333333333,0.9714285714285714,0.0,0.8937499999999999,1.0,1.0
south_ayrshire_2017_ward5,2-approval,7,0.6315256346094666,1.0,0.5393745290128109,1.0,1.0,1.0,1.0,1.0,0.9333333333333333,0.9714285714285714,0.0,0.8981770833333333,1.0,0.9523809523809523
south_ayrshire_2017_ward5,plurality,7,0.6261010496641191,1.0,0.5301498127340825,1.0,0.6287236399699856,1.0,0.5346041881866842,1.0,0.8,0.9333333333333333,0.0,0.8307291666666666,1.0,0.9047619047619048
south_ayrshire_2017_ward5,stv,7,0.6315256346094666,1.0,0.5393745290128109,1.0,1.0,1.0,1.0,1.0,0.8,0.8952380952380953,0.0,0.8723958333333333,1.0,0.9523809523809523
south_ayrshire_2017_ward5,ranked-pairs,7,1.0,1.0,1.0,1.0,1.0,1.0,1.0,1.0,1.0,1.0,1.0,1.0,1.0,1.0
sc_borders_2022_ward2,borda,7,1.0,1.0,1.0,1.0,1.0,1.0,1.0,1.0,1.0,1.0,0.0,0.97109375,1.0,1.0
sc_borders_2022_ward2,3-approval,7,1.0,1.0,1.0,1.0,1.0,1.0,1.0,1.0,0.9333333333333333,0.9714285714285714,0.0,0.94375,1.0,1.0
sc_borders_2022_ward2,2-approval,7,0.7954925948472813,1.0,0.8186884636819617,1.0,0.9423728646615918,1.0,0.983789260385005,1.0,0.9333333333333333,0.9428571428571428,0.0,0.8174479166666667,1.0,0.9523809523809524
sc_borders_2022_ward2,plurality,7,0.7354049908813406,1.0,0.719655717547866,1.0,0.7836301143756481,1.0,0.7999632285346571,1.0,0.7333333333333334,0.9523809523809523,0.0,0.85546875,1.0,0.9285714285714286
sc_borders_2022_ward2,stv,7,0.7836301143756481,1.0,0.7999632285346571,1.0,0.7836301143756481,1.0,0.7999632285346571,1.0,0.8,0.9523809523809523,0.0,0.8872395833333333,1.0,0.9285714285714286
sc_borders_2022_ward2,ranked-pairs,7,1.0,1.0,1.0,1.0,1.0,1.0,1.0,1.0,1.0,1.0,1.0,1.0,1.0,1.0
clackmannanshire_2022_ward4,borda,7,0.848623507466493,1.0,0.894867962132536,1.0,1.0,1.0,1.0,1.0,0.8666666666666667,0.9809523809523809,0.0,0.9182291666666667,1.0,1.0
clackmannanshire_2022_ward4,3-approval,7,0.848623507466493,1.0,0.894867962132536,1.0,1.0,1.0,1.0,1.0,0.9333333333333333,0.9809523809523809,0.0,0.8877604166666666,1.0,1.0
clackmannanshire_2022_ward4,2-approval,7,0.848623507466493,1.0,0.894867962132536,1.0,1.0,1.0,1.0,1.0,0.9333333333333333,0.9619047619047619,0.0,0.9143229166666667,1.0,1.0
clackmannanshire_2022_ward4,plurality,7,0.8222021781032824,1.0,0.8587487781036169,1.0,1.0,1.0,1.0,1.0,0.8666666666666667,0.9428571428571428,0.0,0.8658854166666666,1.0,0.9523809523809523
clackmannanshire_2022_ward4,stv,7,0.8222021781032824,1.0,0.8587487781036169,1.0,1.0,1.0,1.0,1.0,0.8,0.9238095238095239,0.0,0.8658854166666665,1.0,0.9523809523809523
clackmannanshire_2022_ward4,ranked-pairs,7,1.0,1.0,1.0,1.0,1.0,1.0,1.0,1.0,1.0,1.0,1.0,1.0,1.0,1.0
west_lothian_2017_ward6,borda,7,1.0,1.0,1.0,1.0,1.0,1.0,1.0,1.0,1.0,1.0,1.0,1.0,1.0,1.0
west_lothian_2017_ward6,3-approval,7,1.0,1.0,1.0,1.0,1.0,1.0,1.0,1.0,1.0,1.0,0.6666666666666667,0.9763020833333333,1.0,1.0
west_lothian_2017_ward6,2-approval,7,0.866137781746863,1.0,0.9165058761620768,1.0,1.0,1.0,1.0,1.0,0.9333333333333333,0.9809523809523809,0.0,0.9466145833333334,1.0,1.0
west_lothian_2017_ward6,plurality,7,0.7284693693503179,1.0,0.7077211628633949,1.0,1.0,1.0,1.0,1.0,0.8,0.9238095238095239,0.0,0.8942708333333333,1.0,0.9285714285714286
west_lothian_2017_ward6,stv,7,0.7284693693503179,1.0,0.7077211628633949,1.0,1.0,1.0,1.0,1.0,0.8666666666666667,0.9238095238095239,0.0,0.90859375,1.0,0.9285714285714286
west_lothian_2017_ward6,ranked-pairs,7,1.0,1.0,1.0,1.0,1.0,1.0,1.0,1.0,1.0,1.0,1.0,1.0,1.0,1.0
eilean_siar_2012_ward6,borda,7,1.0,1.0,1.0,1.0,1.0,1.0,1.0,1.0,0.9333333333333333,0.9904761904761905,0.9333333333333333,0.9994791666666667,1.0,1.0
eilean_siar_2012_ward6,3-approval,7,0.8593829713584054,1.0,0.9083969465648855,1.0,0.8593829713584054,1.0,0.9083969465648855,1.0,0.8666666666666667,0.9238095238095239,0.0,0.91328125,1.0,0.8214285714285714
eilean_siar_2012_ward6,2-approval,7,0.8593829713584054,1.0,0.9083969465648855,1.0,0.8593829713584054,1.0,0.9083969465648855,1.0,0.9333333333333333,0.9809523809523809,0.0,0.9291666666666667,1.0,0.9523809523809523
eilean_siar_2012_ward6,plurality,7,0.8554630902408497,1.0,0.9035532994923855,1.0,1.0,1.0,1.0,1.0,0.8666666666666667,0.9619047619047619,0.0,0.9382812500000001,1.0,0.9642857142857143
eilean_siar_2012_ward6,stv,7,0.8593829713584054,1.0,0.9083969465648855,1.0,0.8593829713584054,1.0,0.9083969465648855,1.0,0.9333333333333333,0.9619047619047619,0.0,0.9541666666666667,1.0,0.9523809523809523
eilean_siar_2012_ward6,ranked-pairs,7,1.0,1.0,1.0,1.0,1.0,1.0,1.0,1.0,1.0,1.0,1.0,1.0,1.0,1.0
north_lanarkshire_2017_ward17,borda,7,1.0,1.0,1.0,1.0,1.0,1.0,1.0,1.0,1.0,1.0,1.0,1.0,1.0,1.0
north_lanarkshire_2017_ward17,3-approval,7,0.8522751375251607,1.0,0.8995414756148398,1.0,1.0,1.0,1.0,1.0,0.9333333333333333,0.9523809523809523,0.0,0.94921875,1.0,1.0
north_lanarkshire_2017_ward17,2-approval,7,0.8902903667933387,1.0,0.9428693242379025,1.0,0.9092374330632477,1.0,0.9604215960421596,1.0,0.8,0.9238095238095239,0.0,0.8270833333333334,1.0,0.8095238095238094
north_lanarkshire_2017_ward17,plurality,7,0.7162343044808384,1.0,0.6865284974093264,1.0,0.7216588390409431,1.0,0.6959434313360626,1.0,0.8,0.9047619047619048,0.0,0.7950520833333334,1.0,0.8571428571428571
north_lanarkshire_2017_ward17,stv,7,0.7216588390409431,1.0,0.6959434313360626,1.0,0.7216588390409431,1.0,0.6959434313360626,1.0,0.8,0.9238095238095239,0.0,0.8294270833333334,1.0,0.8571428571428571
north_lanarkshire_2017_ward17,ranked-pairs,7,1.0,1.0,1.0,1.0,1.0,1.0,1.0,1.0,1.0,1.0,1.0,1.0,1.0,1.0
falkirk_2022_ward8,borda,7,0.9278394719750992,1.0,0.974736842105263,1.0,1.0,1.0,1.0,1.0,0.9333333333333333,0.9809523809523809,0.0,0.9763020833333333,1.0,1.0
falkirk_2022_ward8,3-approval,7,0.9278394719750992,1.0,0.974736842105263,1.0,1.0,1.0,1.0,1.0,0.9333333333333333,0.9523809523809523,0.0,0.9296875,1.0,1.0
falkirk_2022_ward8,2-approval,7,0.8651605932593386,1.0,0.9153517727863373,1.0,1.0,1.0,1.0,1.0,0.9333333333333333,0.9809523809523809,0.33333333333333337,0.9302083333333333,1.0,1.0
falkirk_2022_ward8,plurality,7,0.784877617706006,1.0,0.8019559902200488,1.0,0.784877617706006,1.0,0.8019559902200488,1.0,0.8666666666666667,0.9333333333333333,0.0,0.8937499999999999,1.0,0.9285714285714286
falkirk_2022_ward8,stv,7,0.7695503768577525,1.0,0.7771271098863245,1.0,0.784877617706006,1.0,0.8019559902200488,1.0,0.8666666666666667,0.9333333333333333,0.0,0.8799479166666666,1.0,0.9285714285714286
falkirk_2022_ward8,ranked-pairs,7,1.0,1.0,1.0,1.0,1.0,1.0,1.0,1.0,1.0,1.0,1.0,1.0,1.0,1.0
highland_2012_ward5,borda,7,1.0,1.0,1.0,1.0,1.0,1.0,1.0,1.0,1.0,1.0,1.0,1.0,1.0,1.0
highland_2012_ward5,3-approval,7,1.0,1.0,1.0,1.0,1.0,1.0,1.0,1.0,1.0,1.0,1.0,1.0,1.0,1.0
highland_2012_ward5,2-approval,7,0.8474187588639129,1.0,0.8933080808080808,1.0,0.8474187588639129,1.0,0.8933080808080808,1.0,0.8666666666666667,0.9428571428571428,0.0,0.9158854166666667,1.0,0.7142857142857143
highland_2012_ward5,plurality,7,0.8474187588639129,1.0,0.8933080808080808,1.0,0.8474187588639129,1.0,0.8933080808080808,1.0,1.0,1.0,0.0,0.96484375,1.0,1.0
highland_2012_ward5,stv,7,0.8474187588639129,1.0,0.8933080808080808,1.0,0.8474187588639129,1.0,0.8933080808080808,1.0,0.9333333333333333,0.9809523809523809,0.0,0.9567708333333333,1.0,0.8571428571428571
highland_2012_ward5,ranked-pairs,7,1.0,1.0,1.0,1.0,1.0,1.0,1.0,1.0,1.0,1.0,1.0,1.0,1.0,1.0
edinburgh_2022_ward9,borda,7,0.8975041715237422,1.0,0.9498920086393088,1.0,0.9029941479538992,1.0,0.9549588566478996,1.0,1.0,1.0,1.0,1.0,1.0,1.0
edinburgh_2022_ward9,3-approval,7,0.8975041715237422,1.0,0.9498920086393088,1.0,0.9029941479538992,1.0,0.9549588566478996,1.0,0.9333333333333333,0.9904761904761905,0.8,0.9721354166666667,1.0,1.0
edinburgh_2022_ward9,2-approval,7,0.8563366723263686,1.0,0.9046413502109704,1.0,1.0,1.0,1.0,1.0,0.8666666666666667,0.9428571428571428,0.0,0.8645833333333333,1.0,1.0
edinburgh_2022_ward9,plurality,7,0.701548781713192,1.0,0.6609327568760923,1.0,0.7545320012684393,1.0,0.7521591460456089,1.0,0.8666666666666667,0.9428571428571428,0.0,0.7994791666666667,1.0,0.9285714285714286
edinburgh_2022_ward9,stv,7,0.701548781713192,1.0,0.6609327568760923,1.0,0.7545320012684393,1.0,0.7521591460456089,1.0,0.8,0.9523809523809523,0.0,0.7973958333333334,1.0,0.7857142857142857
edinburgh_2022_ward9,ranked-pairs,7,1.0,1.0,1.0,1.0,1.0,1.0,1.0,1.0,1.0,1.0,1.0,1.0,1.0,1.0
aberdeenshire_2017_ward18,borda,7,1.0,1.0,1.0,1.0,1.0,1.0,1.0,1.0,1.0,1.0,0.0,0.98203125,1.0,1.0
aberdeenshire_2017_ward18,3-approval,7,1.0,1.0,1.0,1.0,1.0,1.0,1.0,1.0,1.0,1.0,0.0,0.9463541666666667,1.0,1.0
aberdeenshire_2017_ward18,2-approval,7,0.8956729616037875,1.0,0.9481481481481481,1.0,1.0,1.0,1.0,1.0,1.0,1.0,0.0,0.9403645833333334,1.0,1.0
aberdeenshire_2017_ward18,plurality,7,0.7565599571596489,1.0,0.7555626191989827,1.0,1.0,1.0,1.0,1.0,0.8,0.9619047619047619,0.0,0.8752604166666667,1.0,1.0
aberdeenshire_2017_ward18,stv,7,0.7565599571596489,1.0,0.7555626191989827,1.0,1.0,1.0,1.0,1.0,0.8666666666666667,0.9523809523809523,0.0,0.8799479166666666,1.0,1.0
aberdeenshire_2017_ward18,ranked-pairs,7,1.0,1.0,1.0,1.0,1.0,1.0,1.0,1.0,1.0,1.0,1.0,1.0,1.0,1.0
falkirk_2012_ward7,borda,7,1.0,1.0,1.0,1.0,1.0,1.0,1.0,1.0,1.0,1.0,1.0,1.0,1.0,1.0
falkirk_2012_ward7,3-approval,7,1.0,1.0,1.0,1.0,1.0,1.0,1.0,1.0,1.0,1.0,1.0,1.0,1.0,1.0
falkirk_2012_ward7,2-approval,7,0.7737825438200863,1.0,0.7840548219956543,1.0,1.0,1.0,1.0,1.0,0.9333333333333333,0.9619047619047619,0.0,0.95625,1.0,1.0
falkirk_2012_ward7,plurality,7,0.6823572873604159,1.0,0.6273822228998324,1.0,0.7365461997203856,1.0,0.7216129032258064,1.0,0.7333333333333334,0.9238095238095239,0.0,0.8421875,1.0,0.9523809523809523
falkirk_2012_ward7,stv,7,0.7365461997203856,1.0,0.7216129032258064,1.0,0.7365461997203856,1.0,0.7216129032258064,1.0,0.8,0.9523809523809523,0.0,0.8520833333333333,1.0,0.9523809523809523
falkirk_2012_ward7,ranked-pairs,7,1.0,1.0,1.0,1.0,1.0,1.0,1.0,1.0,1.0,1.0,1.0,1.0,1.0,1.0
north_lanarkshire_2022_ward13,borda,7,0.941797411930963,1.0,0.9834674787905155,1.0,0.941797411930963,1.0,0.9834674787905155,1.0,0.9333333333333333,0.9904761904761905,0.6666666666666667,0.9872395833333333,1.0,0.9523809523809523
north_lanarkshire_2022_ward13,3-approval,7,1.0,1.0,1.0,1.0,1.0,1.0,1.0,1.0,0.9333333333333333,0.9904761904761905,0.0,0.9427083333333334,1.0,0.9642857142857143
north_lanarkshire_2022_ward13,2-approval,7,1.0,1.0,1.0,1.0,1.0,1.0,1.0,1.0,0.9333333333333333,0.9904761904761905,0.0,0.965625,1.0,0.9523809523809524
north_lanarkshire_2022_ward13,plurality,7,0.7177397955891891,1.0,0.689144127454613,1.0,0.941797411930963,1.0,0.9834674787905155,1.0,0.7333333333333334,0.9238095238095239,0.0,0.8434895833333333,1.0,0.9523809523809523
north_lanarkshire_2022_ward13,stv,7,0.7177397955891891,1.0,0.689144127454613,1.0,0.941797411930963,1.0,0.9834674787905155,1.0,0.7333333333333334,0.9047619047619048,0.0,0.8611979166666666,1.0,0.9523809523809523
north_lanarkshire_2022_ward13,ranked-pairs,7,1.0,1.0,1.0,1.0,1.0,1.0,1.0,1.0,1.0,1.0,1.0,1.0,1.0,1.0
south_lanarkshire_2022_ward18,borda,7,0.8450973095261878,1.0,0.8902775523453985,1.0,1.0,1.0,1.0,1.0,0.9333333333333333,0.9714285714285714,0.0,0.9541666666666667,1.0,1.0
south_lanarkshire_2022_ward18,3-approval,7,0.894317806099724,1.0,0.9468405215646941,1.0,1.0,1.0,1.0,1.0,1.0,1.0,0.0,0.9697916666666667,1.0,1.0
south_lanarkshire_2022_ward18,2-approval,7,0.8450973095261878,1.0,0.8902775523453985,1.0,1.0,1.0,1.0,1.0,0.9333333333333333,0.9714285714285714,0.0,0.9190104166666667,1.0,1.0
south_lanarkshire_2022_ward18,plurality,7,0.6781182425997955,1.0,0.6199749617471138,1.0,0.6781182425997955,1.0,0.6199749617471138,1.0,0.8,0.9428571428571428,0.0,0.7786458333333334,1.0,0.9047619047619048
south_lanarkshire_2022_ward18,stv,7,0.6781182425997955,1.0,0.6199749617471138,1.0,0.7661498173003544,1.0,0.7715241861880134,1.0,0.8,0.9428571428571428,0.0,0.8453124999999999,1.0,0.9523809523809523
south_lanarkshire_2022_ward18,ranked-pairs,7,1.0,1.0,1.0,1.0,1.0,1.0,1.0,1.0,1.0,1.0,1.0,1.0,1.0,1.0
perth_kinross_2012_ward4,borda,7,1.0,1.0,1.0,1.0,1.0,1.0,1.0,1.0,1.0,1.0,1.0,1.0,1.0,1.0
perth_kinross_2012_ward4,3-approval,7,1.0,1.0,1.0,1.0,1.0,1.0,1.0,1.0,1.0,1.0,1.0,1.0,1.0,1.0
perth_kinross_2012_ward4,2-approval,7,1.0,1.0,1.0,1.0,1.0,1.0,1.0,1.0,1.0,1.0,1.0,1.0,1.0,1.0
perth_kinross_2012_ward4,plurality,7,0.7573838519886011,1.0,0.7569426751592356,1.0,1.0,1.0,1.0,1.0,0.9333333333333333,0.9714285714285714,0.0,0.9458333333333333,1.0,1.0
perth_kinross_2012_ward4,stv,7,0.7573838519886011,1.0,0.7569426751592356,1.0,1.0,1.0,1.0,1.0,0.9333333333333333,0.9714285714285714,0.0,0.9497395833333333,1.0,1.0
perth_kinross_2012_ward4,ranked-pairs,7,1.0,1.0,1.0,1.0,1.0,1.0,1.0,1.0,1.0,1.0,1.0,1.0,1.0,1.0
dundee_2017_ward1,borda,7,0.9010720563907672,1.0,0.9532126261817016,1.0,1.0,1.0,1.0,1.0,1.0,1.0,0.6666666666666667,0.978125,1.0,1.0
dundee_2017_ward1,3-approval,7,0.9010720563907672,1.0,0.9532126261817016,1.0,1.0,1.0,1.0,1.0,1.0,1.0,0.0,0.9200520833333333,1.0,1.0
dundee_2017_ward1,2-approval,7,0.8909803839455865,1.0,0.9435586734693877,1.0,1.0,1.0,1.0,1.0,0.9333333333333333,0.9809523809523809,0.0,0.9192708333333334,1.0,1.0
dundee_2017_ward1,plurality,7,0.7835238868365919,1.0,0.7997932969142182,1.0,0.7835238868365919,1.0,0.7997932969142182,1.0,0.7333333333333334,0.9333333333333333,0.0,0.8354166666666666,1.0,0.9523809523809523
dundee_2017_ward1,stv,7,0.8909803839455865,1.0,0.9435586734693877,1.0,1.0,1.0,1.0,1.0,0.9333333333333333,0.9714285714285714,0.0,0.9283854166666667,1.0,0.9047619047619048
dundee_2017_ward1,ranked-pairs,7,1.0,1.0,1.0,1.0,1.0,1.0,1.0,1.0,1.0,1.0,1.0,1.0,1.0,1.0
aberdeen_2022_ward5,borda,7,0.9343638801557523,1.0,0.9790376369699856,1.0,1.0,1.0,1.0,1.0,0.9333333333333333,0.9714285714285714,0.6666666666666667,0.9723958333333333,1.0,1.0
aberdeen_2022_ward5,3-approval,7,1.0,1.0,1.0,1.0,1.0,1.0,1.0,1.0,0.9333333333333333,0.9809523809523809,0.0,0.9588541666666667,1.0,1.0
aberdeen_2022_ward5,2-approval,7,0.8428581390757548,1.0,0.8873239436619716,1.0,1.0,1.0,1.0,1.0,0.8666666666666667,0.9619047619047619,0.0,0.8981770833333332,1.0,1.0
aberdeen_2022_ward5,plurality,7,0.6628749066215869,1.0,0.5934023782125047,1.0,0.6628749066215869,1.0,0.5934023782125047,1.0,0.8666666666666667,0.9809523809523809,0.0,0.8763020833333333,1.0,0.9285714285714286
aberdeen_2022_ward5,stv,7,0.8428581390757548,1.0,0.8873239436619716,1.0,1.0,1.0,1.0,1.0,0.8666666666666667,0.9714285714285714,0.0,0.8953125,1.0,0.9285714285714286
aberdeen_2022_ward5,ranked-pairs,7,1.0,1.0,1.0,1.0,1.0,1.0,1.0,1.0,1.0,1.0,1.0,1.0,1.0,1.0
aberdeen_2017_ward3,borda,7,1.0,1.0,1.0,1.0,1.0,1.0,1.0,1.0,0.9333333333333333,0.9809523809523809,0.6666666666666667,0.9861979166666667,1.0,1.0
aberdeen_2017_ward3,3-approval,7,1.0,1.0,1.0,1.0,1.0,1.0,1.0,1.0,1.0,1.0,1.0,1.0,1.0,1.0
aberdeen_2017_ward3,2-approval,7,0.9384452632610236,1.0,0.981532416502947,1.0,1.0,1.0,1.0,1.0,1.0,1.0,0.0,0.9697916666666667,1.0,1.0
aberdeen_2017_ward3,plurality,7,0.8217812206491425,1.0,0.8581429624170965,1.0,0.8217812206491425,1.0,0.8581429624170965,1.0,0.8666666666666667,0.9619047619047619,0.0,0.9067708333333333,1.0,0.9285714285714286
aberdeen_2017_ward3,stv,7,0.8217812206491425,1.0,0.8581429624170965,1.0,0.8217812206491425,1.0,0.8581429624170965,1.0,0.8666666666666667,0.9619047619047619,0.0,0.9075520833333334,1.0,0.9285714285714286
aberdeen_2017_ward3,ranked-pairs,7,1.0,1.0,1.0,1.0,1.0,1.0,1.0,1.0,1.0,1.0,1.0,1.0,1.0,1.0
falkirk_2022_ward4,borda,7,0.8624309867893406,1.0,0.9120937666489081,1.0,0.8905719255305081,1.0,0.9431510557661074,1.0,0.8666666666666667,0.9714285714285714,0.0,0.9333333333333333,1.0,1.0
falkirk_2022_ward4,3-approval,7,0.8905719255305081,1.0,0.9431510557661074,1.0,0.8905719255305081,1.0,0.9431510557661074,1.0,0.9333333333333333,0.9619047619047619,0.0,0.8911458333333333,1.0,0.8571428571428571
falkirk_2022_ward4,2-approval,7,0.8313633910853799,1.0,0.8717079530638854,1.0,0.8905719255305081,1.0,0.9431510557661074,1.0,0.8666666666666667,0.9619047619047619,0.0,0.8583333333333333,1.0,1.0
falkirk_2022_ward4,plurality,7,0.8624309867893406,1.0,0.9120937666489081,1.0,0.8905719255305081,1.0,0.9431510557661074,1.0,0.8666666666666667,0.9523809523809523,0.0,0.8796875,1.0,0.9523809523809523
falkirk_2022_ward4,stv,7,0.8624309867893406,1.0,0.9120937666489081,1.0,0.8905719255305081,1.0,0.9431510557661074,1.0,0.8666666666666667,0.9333333333333333,0.0,0.8770833333333332,1.0,0.9523809523809523
falkirk_2022_ward4,ranked-pairs,7,1.0,1.0,1.0,1.0,1.0,1.0,1.0,1.0,1.0,1.0,1.0,1.0,1.0,1.0
east_lothian_2012_ward4,borda,7,0.9534166352788974,1.0,0.9893673577884105,1.0,1.0,1.0,1.0,1.0,1.0,1.0,1.0,1.0,1.0,1.0
east_lothian_2012_ward4,3-approval,7,0.9534166352788974,1.0,0.9893673577884105,1.0,1.0,1.0,1.0,1.0,1.0,1.0,0.8333333333333334,0.9815104166666667,1.0,1.0
east_lothian_2012_ward4,2-approval,7,0.6827887069954356,1.0,0.6281363306744018,1.0,0.6827887069954356,1.0,0.6281363306744018,1.0,0.8666666666666667,0.9619047619047619,0.0,0.90625,1.0,0.9047619047619048
east_lothian_2012_ward4,plurality,7,0.6827887069954356,1.0,0.6281363306744018,1.0,0.6827887069954356,1.0,0.6281363306744018,1.0,0.8666666666666667,0.9523809523809523,0.0,0.9286458333333334,1.0,0.9047619047619048
east_lothian_2012_ward4,stv,7,0.9534166352788974,1.0,0.9893673577884105,1.0,1.0,1.0,1.0,1.0,0.8666666666666667,0.9619047619047619,0.0,0.9473958333333333,1.0,0.9523809523809524
east_lothian_2012_ward4,ranked-pairs,7,1.0,1.0,1.0,1.0,1.0,1.0,1.0,1.0,1.0,1.0,1.0,1.0,1.0,1.0
south_lanarkshire_2017_ward18,borda,7,0.9470062555012204,1.0,0.9862683243644461,1.0,1.0,1.0,1.0,1.0,0.9333333333333333,0.9714285714285714,0.0,0.9588541666666667,1.0,1.0
south_lanarkshire_2017_ward18,3-approval,7,1.0,1.0,1.0,1.0,1.0,1.0,1.0,1.0,0.8666666666666667,0.9333333333333333,0.0,0.9098958333333333,1.0,1.0
south_lanarkshire_2017_ward18,2-approval,7,0.8835787961466227,1.0,0.935973955507325,1.0,1.0,1.0,1.0,1.0,0.8666666666666667,0.9333333333333333,0.0,0.8489583333333333,1.0,1.0
south_lanarkshire_2017_ward18,plurality,7,0.7120919396952761,1.0,0.6793222466269219,1.0,0.7481184944088177,1.0,0.7413372376769155,1.0,0.8,0.9238095238095239,0.0,0.8213541666666666,1.0,0.9047619047619048
south_lanarkshire_2017_ward18,stv,7,0.7120919396952761,1.0,0.6793222466269219,1.0,0.7481184944088177,1.0,0.7413372376769155,1.0,0.8,0.9142857142857143,0.0,0.815625,1.0,0.9047619047619048
south_lanarkshire_2017_ward18,ranked-pairs,7,1.0,1.0,1.0,1.0,1.0,1.0,1.0,1.0,1.0,1.0,1.0,1.0,1.0,1.0
fife_2012_ward4,borda,7,1.0,1.0,1.0,1.0,1.0,1.0,1.0,1.0,0.8666666666666667,0.9619047619047619,0.0,0.9500000000000001,1.0,1.0
fife_2012_ward4,3-approval,7,0.98814791734017,1.0,0.9993071193486922,1.0,1.0,1.0,1.0,1.0,0.9333333333333333,0.9904761904761905,0.0,0.94921875,1.0,1.0
fife_2012_ward4,2-approval,7,0.8188077436824994,1.0,0.8538387407645359,1.0,1.0,1.0,1.0,1.0,0.9333333333333333,0.9619047619047619,0.0,0.9299479166666667,1.0,1.0
fife_2012_ward4,plurality,7,0.8188077436824994,1.0,0.8538387407645359,1.0,1.0,1.0,1.0,1.0,0.8,0.9238095238095237,0.0,0.8588541666666666,1.0,0.9523809523809523
fife_2012_ward4,stv,7,0.8188077436824994,1.0,0.8538387407645359,1.0,1.0,1.0,1.0,1.0,0.8,0.9238095238095237,0.0,0.84921875,1.0,0.9523809523809523
fife_2012_ward4,ranked-pairs,7,1.0,1.0,1.0,1.0,1.0,1.0,1.0,1.0,1.0,1.0,1.0,1.0,1.0,1.0
highland_2017_ward4,borda,7,0.9893312272473161,1.0,0.9994385176866929,1.0,1.0,1.0,1.0,1.0,1.0,1.0,1.0,1.0,1.0,1.0
highland_2017_ward4,3-approval,7,0.9893312272473161,1.0,0.9994385176866929,1.0,1.0,1.0,1.0,1.0,0.9333333333333333,0.9809523809523809,0.8333333333333334,0.978125,1.0,1.0
highland_2017_ward4,2-approval,7,0.9893312272473161,1.0,0.9994385176866929,1.0,1.0,1.0,1.0,1.0,1.0,1.0,0.6666666666666667,0.9796875,1.0,1.0
highland_2017_ward4,plurality,7,0.7575476619834199,1.0,0.7572168763878608,1.0,0.7575476619834199,1.0,0.7572168763878608,1.0,0.9333333333333333,0.9714285714285714,0.0,0.9505208333333334,1.0,0.8095238095238095
highland_2017_ward4,stv,7,0.9893312272473161,1.0,0.9994385176866929,1.0,1.0,1.0,1.0,1.0,1.0,1.0,0.0,0.9921875,1.0,1.0
highland_2017_ward4,ranked-pairs,7,1.0,1.0,1.0,1.0,1.0,1.0,1.0,1.0,1.0,1.0,1.0,1.0,1.0,1.0
south_lanarkshire_2022_ward10,borda,7,1.0,1.0,1.0,1.0,1.0,1.0,1.0,1.0,0.9333333333333333,0.9619047619047619,0.0,0.95625,1.0,1.0
south_lanarkshire_2022_ward10,3-approval,7,0.8905600551839339,1.0,0.9431391905231984,1.0,1.0,1.0,1.0,1.0,0.9333333333333333,0.9523809523809523,0.0,0.903125,1.0,1.0
south_lanarkshire_2022_ward10,2-approval,7,0.8579398617802176,1.0,0.9066253390158853,1.0,1.0,1.0,1.0,1.0,0.9333333333333333,0.9904761904761905,0.0,0.90078125,1.0,1.0
south_lanarkshire_2022_ward10,plurality,7,0.6902337189822394,1.0,0.6411539102884776,1.0,0.6902337189822394,1.0,0.6411539102884776,1.0,0.7333333333333334,0.9333333333333333,0.0,0.8427083333333332,1.0,0.9285714285714286
south_lanarkshire_2022_ward10,stv,7,0.6902337189822394,1.0,0.6411539102884776,1.0,0.7949732621391443,1.0,0.8178795714813446,1.0,0.8,0.9523809523809523,0.0,0.8700520833333333,1.0,0.9285714285714286
south_lanarkshire_2022_ward10,ranked-pairs,7,1.0,1.0,1.0,1.0,1.0,1.0,1.0,1.0,1.0,1.0,1.0,1.0,1.0,1.0
highland_2022_inverness_south,borda,7,0.9523465693142823,1.0,0.9888769285970578,1.0,1.0,1.0,1.0,1.0,0.9333333333333333,0.9619047619047619,0.6666666666666667,0.9846354166666667,1.0,1.0
highland_2022_inverness_south,3-approval,7,0.9523465693142823,1.0,0.9888769285970578,1.0,0.9828963056643799,1.0,0.9985577789796287,1.0,0.9333333333333333,0.9714285714285714,0.0,0.9385416666666667,1.0,0.869047619047619
highland_2022_inverness_south,2-approval,7,0.7908607448867725,1.0,0.811437908496732,1.0,0.8645947183018826,1.0,0.9146804835924006,1.0,0.8666666666666667,0.9333333333333333,0.0,0.8218749999999999,1.0,0.9523809523809523
highland_2022_inverness_south,plurality,7,0.7908607448867725,1.0,0.811437908496732,1.0,0.8645947183018826,1.0,0.9146804835924006,1.0,0.8666666666666667,0.9809523809523809,0.0,0.9065104166666667,1.0,0.9523809523809523
highland_2022_inverness_south,stv,7,0.8645947183018826,1.0,0.9146804835924006,1.0,0.8645947183018826,1.0,0.9146804835924006,1.0,0.8666666666666667,0.9714285714285714,0.0,0.9111979166666667,1.0,0.9523809523809523
highland_2022_inverness_south,ranked-pairs,7,1.0,1.0,1.0,1.0,1.0,1.0,1.0,1.0,1.0,1.0,1.0,1.0,1.0,1.0
dumgal_2017_ward5,borda,7,0.9428139055868207,1.0,0.9840338107536981,1.0,1.0,1.0,1.0,1.0,0.9333333333333333,0.9904761904761905,0.6666666666666667,0.98984375,1.0,1.0
dumgal_2017_ward5,3-approval,7,1.0,1.0,1.0,1.0,1.0,1.0,1.0,1.0,0.9333333333333333,0.9809523809523809,0.0,0.9286458333333333,1.0,1.0
dumgal_2017_ward5,2-approval,7,0.8944870362856943,1.0,0.9470046082949308,1.0,1.0,1.0,1.0,1.0,0.9333333333333333,0.9523809523809523,0.0,0.909375,1.0,1.0
dumgal_2017_ward5,plurality,7,1.0,1.0,1.0,1.0,1.0,1.0,1.0,1.0,0.9333333333333333,0.9714285714285714,0.6666666666666667,0.9395833333333333,1.0,1.0
dumgal_2017_ward5,stv,7,0.9428139055868207,1.0,0.9840338107536981,1.0,1.0,1.0,1.0,1.0,0.8666666666666667,0.9619047619047619,0.0,0.92421875,1.0,1.0
dumgal_2017_ward5,ranked-pairs,7,1.0,1.0,1.0,1.0,1.0,1.0,1.0,1.0,1.0,1.0,1.0,1.0,1.0,1.0
midlothian_2022_ward4,borda,7,1.0,1.0,1.0,1.0,1.0,1.0,1.0,1.0,0.9333333333333333,0.9809523809523809,0.6666666666666667,0.9875,1.0,1.0
midlothian_2022_ward4,3-approval,7,1.0,1.0,1.0,1.0,1.0,1.0,1.0,1.0,1.0,1.0,0.0,0.9731770833333333,1.0,1.0
midlothian_2022_ward4,2-approval,7,0.7895844032589019,1.0,0.8094259286448392,1.0,1.0,1.0,1.0,1.0,0.8,0.9142857142857143,0.0,0.8447916666666666,1.0,1.0
midlothian_2022_ward4,plurality,7,0.727734266682906,1.0,0.7064525062309609,1.0,0.727734266682906,1.0,0.7064525062309609,1.0,0.8666666666666667,0.9142857142857143,0.0,0.83671875,1.0,0.880952380952381
midlothian_2022_ward4,stv,7,0.7361821034824924,1.0,0.7209886887306243,1.0,0.7361821034824924,1.0,0.7209886887306243,1.0,0.8666666666666667,0.9428571428571428,0.0,0.8692708333333332,1.0,0.8809523809523808
midlothian_2022_ward4,ranked-pairs,7,1.0,1.0,1.0,1.0,1.0,1.0,1.0,1.0,1.0,1.0,1.0,1.0,1.0,1.0
stirling_2017_ward3,borda,7,0.8950228831769673,1.0,0.9475226796929518,1.0,1.0,1.0,1.0,1.0,0.8666666666666667,0.9809523809523809,0.0,0.9158854166666667,1.0,1.0
stirling_2017_ward3,3-approval,7,0.8950228831769673,1.0,0.9475226796929518,1.0,1.0,1.0,1.0,1.0,0.8666666666666667,0.9238095238095239,0.0,0.7906250000000001,1.0,1.0
stirling_2017_ward3,2-approval,7,0.8650154487084039,1.0,0.9151797968707108,1.0,0.9517506341682908,1.0,0.9885991164315234,1.0,0.9333333333333333,0.9523809523809523,0.0,0.78671875,1.0,1.0
stirling_2017_ward3,plurality,7,0.8650154487084039,1.0,0.9151797968707108,1.0,0.8650154487084039,1.0,0.9151797968707108,1.0,0.8,0.9142857142857143,0.0,0.8252604166666666,1.0,0.9523809523809523
stirling_2017_ward3,stv,7,0.9488176790507383,1.0,0.9871831387069212,1.0,1.0,1.0,1.0,1.0,0.7333333333333334,0.8952380952380953,0.0,0.8205729166666667,1.0,0.8571428571428571
stirling_2017_ward3,ranked-pairs,7,1.0,1.0,1.0,1.0,1.0,1.0,1.0,1.0,1.0,1.0,1.0,1.0,1.0,1.0
aberdeenshire_2017_ward17,borda,7,1.0,1.0,1.0,1.0,1.0,1.0,1.0,1.0,1.0,1.0,1.0,1.0,1.0,1.0
aberdeenshire_2017_ward17,3-approval,7,1.0,1.0,1.0,1.0,1.0,1.0,1.0,1.0,1.0,1.0,0.8333333333333334,0.9815104166666667,1.0,1.0
aberdeenshire_2017_ward17,2-approval,7,0.8378801993970606,1.0,0.8806528391703501,1.0,1.0,1.0,1.0,1.0,0.9333333333333333,0.9809523809523809,0.0,0.9463541666666667,1.0,1.0
aberdeenshire_2017_ward17,plurality,7,0.8201098233563149,1.0,0.855728904546217,1.0,1.0,1.0,1.0,1.0,0.9333333333333333,0.9714285714285714,0.0,0.9320312500000001,1.0,0.9523809523809523
aberdeenshire_2017_ward17,stv,7,0.8201098233563149,1.0,0.855728904546217,1.0,1.0,1.0,1.0,1.0,0.9333333333333333,0.9714285714285714,0.0,0.9372395833333333,1.0,0.9523809523809523
aberdeenshire_2017_ward17,ranked-pairs,7,1.0,1.0,1.0,1.0,1.0,1.0,1.0,1.0,1.0,1.0,1.0,1.0,1.0,1.0
shetland_2012_ward3,borda,7,0.9565828605532911,1.0,0.9907550077041603,1.0,1.0,1.0,1.0,1.0,0.9333333333333333,0.9904761904761905,0.0,0.96640625,1.0,1.0
shetland_2012_ward3,3-approval,7,0.9565828605532911,1.0,0.9907550077041603,1.0,1.0,1.0,1.0,1.0,1.0,1.0,0.0,0.9463541666666667,1.0,1.0
shetland_2012_ward3,2-approval,7,0.9565828605532911,1.0,0.9907550077041603,1.0,1.0,1.0,1.0,1.0,1.0,1.0,0.0,0.96640625,1.0,1.0
shetland_2012_ward3,plurality,7,0.767351178724337,1.0,0.7735072065888814,1.0,0.767351178724337,1.0,0.7735072065888814,1.0,0.8666666666666667,0.9333333333333333,0.0,0.9036458333333334,1.0,0.8095238095238095
shetland_2012_ward3,stv,7,0.848283135219045,1.0,0.8944281524926687,1.0,1.0,1.0,1.0,1.0,0.9333333333333333,0.9714285714285714,0.0,0.9403645833333334,1.0,1.0
shetland_2012_ward3,ranked-pairs,7,1.0,1.0,1.0,1.0,1.0,1.0,1.0,1.0,1.0,1.0,1.0,1.0,1.0,1.0
fife_2012_ward17,borda,7,1.0,1.0,1.0,1.0,1.0,1.0,1.0,1.0,0.9333333333333333,0.9904761904761905,0.9,0.9986979166666666,1.0,0.9285714285714286
fife_2012_ward17,3-approval,7,1.0,1.0,1.0,1.0,1.0,1.0,1.0,1.0,1.0,1.0,0.8333333333333334,0.9908854166666666,1.0,1.0
fife_2012_ward17,2-approval,7,0.872222123167713,1.0,0.9235436893203881,1.0,0.883674728737157,1.0,0.9360749185667752,1.0,0.8666666666666667,0.9428571428571428,0.0,0.8726562499999999,1.0,0.8809523809523808
fife_2012_ward17,plurality,7,0.7327288725673915,1.0,0.7150586113615869,1.0,0.7620365107440709,1.0,0.7647058823529411,1.0,0.7333333333333334,0.9238095238095239,0.0,0.7549479166666667,1.0,0.8571428571428571
fife_2012_ward17,stv,7,0.7327288725673915,1.0,0.7150586113615869,1.0,0.7620365107440709,1.0,0.7647058823529411,1.0,0.7333333333333334,0.8761904761904762,0.0,0.7307291666666668,1.0,0.8571428571428571
fife_2012_ward17,ranked-pairs,7,1.0,1.0,1.0,1.0,1.0,1.0,1.0,1.0,1.0,1.0,1.0,1.0,1.0,1.0
edinburgh_2017_ward6,borda,7,1.0,1.0,1.0,1.0,1.0,1.0,1.0,1.0,1.0,1.0,1.0,1.0,1.0,1.0
edinburgh_2017_ward6,3-approval,7,1.0,1.0,1.0,1.0,1.0,1.0,1.0,1.0,0.9333333333333333,0.9619047619047619,0.8333333333333334,0.9770833333333333,1.0,1.0
edinburgh_2017_ward6,2-approval,7,0.8654454766709697,1.0,0.9156889037881326,1.0,0.9185637904164391,1.0,0.967972449418855,1.0,0.8666666666666667,0.9714285714285714,0.0,0.90078125,1.0,0.9285714285714286
edinburgh_2017_ward6,plurality,7,0.7603100842228474,1.0,0.7618313550177278,1.0,0.9185637904164391,1.0,0.967972449418855,1.0,0.8666666666666667,0.9809523809523809,0.0,0.9354166666666667,1.0,1.0
edinburgh_2017_ward6,stv,7,0.7603100842228474,1.0,0.7618313550177278,1.0,0.9185637904164391,1.0,0.967972449418855,1.0,0.8666666666666667,0.9809523809523809,0.0,0.9440104166666666,1.0,1.0
edinburgh_2017_ward6,ranked-pairs,7,1.0,1.0,1.0,1.0,1.0,1.0,1.0,1.0,1.0,1.0,1.0,1.0,1.0,1.0
aberdeenshire_2012_ward19,borda,7,0.951761023952107,1.0,0.9886039886039887,1.0,1.0,1.0,1.0,1.0,0.9333333333333333,0.9714285714285714,0.6666666666666667,0.9786458333333333,1.0,0.9523809523809523
aberdeenshire_2012_ward19,3-approval,7,0.951761023952107,1.0,0.9886039886039887,1.0,1.0,1.0,1.0,1.0,1.0,1.0,0.8333333333333334,0.9885416666666667,1.0,1.0
aberdeenshire_2012_ward19,2-approval,7,0.8199935670736518,1.0,0.8555604785112981,1.0,1.0,1.0,1.0,1.0,0.9333333333333333,0.9619047619047619,0.0,0.8846354166666667,1.0,1.0
aberdeenshire_2012_ward19,plurality,7,0.8464337772166353,1.0,0.8920262028461712,1.0,1.0,1.0,1.0,1.0,0.7333333333333334,0.8476190476190476,0.0,0.8372395833333335,1.0,0.8333333333333333
aberdeenshire_2012_ward19,stv,7,0.8266277131246801,1.0,0.8650634602538411,1.0,0.8266277131246801,1.0,0.8650634602538411,1.0,0.7333333333333334,0.819047619047619,0.0,0.8179687500000001,1.0,0.9047619047619048
aberdeenshire_2012_ward19,ranked-pairs,7,1.0,1.0,1.0,1.0,1.0,1.0,1.0,1.0,1.0,1.0,1.0,1.0,1.0,1.0
edinburgh_2022_ward10,borda,7,1.0,1.0,1.0,1.0,1.0,1.0,1.0,1.0,1.0,1.0,1.0,1.0,1.0,1.0
edinburgh_2022_ward10,3-approval,7,1.0,1.0,1.0,1.0,1.0,1.0,1.0,1.0,1.0,1.0,0.8333333333333334,0.9973958333333334,1.0,1.0
edinburgh_2022_ward10,2-approval,7,1.0,1.0,1.0,1.0,1.0,1.0,1.0,1.0,1.0,1.0,0.6666666666666667,0.9903645833333333,1.0,1.0
edinburgh_2022_ward10,plurality,7,0.821270847416378,1.0,0.8574072804551999,1.0,0.821270847416378,1.0,0.8574072804551999,1.0,0.8666666666666667,0.9523809523809523,0.0,0.9182291666666667,1.0,0.9523809523809523
edinburgh_2022_ward10,stv,7,0.821270847416378,1.0,0.8574072804551999,1.0,0.821270847416378,1.0,0.8574072804551999,1.0,0.8666666666666667,0.9428571428571428,0.0,0.91875,1.0,0.9523809523809523
edinburgh_2022_ward10,ranked-pairs,7,1.0,1.0,1.0,1.0,1.0,1.0,1.0,1.0,1.0,1.0,1.0,1.0,1.0,1.0
argyll_bute_2012_ward9,borda,7,1.0,1.0,1.0,1.0,1.0,1.0,1.0,1.0,0.9333333333333333,0.9904761904761905,0.0,0.9752604166666666,1.0,1.0
argyll_bute_2012_ward9,3-approval,7,0.8484953286675586,1.0,0.894702419882276,1.0,1.0,1.0,1.0,1.0,0.9333333333333333,0.9523809523809523,0.0,0.871875,1.0,1.0
argyll_bute_2012_ward9,2-approval,7,0.8311758057541522,1.0,0.8714470284237725,1.0,0.8311758057541522,1.0,0.8714470284237725,1.0,0.9333333333333333,0.9809523809523809,0.0,0.88359375,1.0,0.8571428571428571
argyll_bute_2012_ward9,plurality,7,0.7272536027390735,1.0,0.7056226081836914,1.0,0.7272536027390735,1.0,0.7056226081836914,1.0,0.8,0.9523809523809523,0.0,0.7520833333333333,1.0,0.9285714285714286
argyll_bute_2012_ward9,stv,7,0.7340035381170551,1.0,0.7172495554238293,1.0,0.8346841483977661,1.0,0.8762953367875647,1.0,0.7333333333333334,0.9142857142857143,0.0,0.7903645833333334,1.0,0.9285714285714286
argyll_bute_2012_ward9,ranked-pairs,7,1.0,1.0,1.0,1.0,1.0,1.0,1.0,1.0,1.0,1.0,1.0,1.0,1.0,1.0
north_lanarkshire_2017_ward15,borda,7,0.9519185186561934,1.0,0.9886777193691871,1.0,1.0,1.0,1.0,1.0,1.0,1.0,1.0,1.0,1.0,1.0
north_lanarkshire_2017_ward15,3-approval,7,1.0,1.0,1.0,1.0,1.0,1.0,1.0,1.0,1.0,1.0,0.0,0.9791666666666666,1.0,1.0
north_lanarkshire_2017_ward15,2-approval,7,0.8630811783520977,1.0,0.9128743679502138,1.0,1.0,1.0,1.0,1.0,0.9333333333333333,0.9523809523809523,0.0,0.9375,1.0,1.0
north_lanarkshire_2017_ward15,plurality,7,0.6745714445711128,1.0,0.6137817883511074,1.0,0.6745714445711128,1.0,0.6137817883511074,1.0,0.8,0.9333333333333333,0.0,0.8580729166666666,1.0,0.9047619047619048
north_lanarkshire_2017_ward15,stv,7,0.7469435970193401,1.0,0.7393457117595048,1.0,0.7469435970193401,1.0,0.7393457117595048,1.0,0.8,0.9523809523809523,0.0,0.8901041666666667,1.0,0.9523809523809524
north_lanarkshire_2017_ward15,ranked-pairs,7,1.0,1.0,1.0,1.0,1.0,1.0,1.0,1.0,1.0,1.0,1.0,1.0,1.0,1.0
argyll_bute_2022_ward10,borda,7,1.0,1.0,1.0,1.0,1.0,1.0,1.0,1.0,0.9333333333333333,0.9904761904761905,0.0,0.9643229166666667,1.0,1.0
argyll_bute_2022_ward10,3-approval,7,0.857305743330617,1.0,0.9058425881216805,1.0,1.0,1.0,1.0,1.0,0.9333333333333333,0.9904761904761905,0.0,0.9614583333333333,1.0,1.0
argyll_bute_2022_ward10,2-approval,7,0.7647216606006688,1.0,0.7691618108471538,1.0,0.7647216606006688,1.0,0.7691618108471538,1.0,0.8666666666666667,0.9333333333333333,0.0,0.7973958333333334,1.0,0.9047619047619049
argyll_bute_2022_ward10,plurality,7,0.7039063451344486,1.0,0.665049567601772,1.0,0.794549747247156,1.0,0.8172191528545122,1.0,0.6666666666666667,0.9142857142857143,0.0,0.8210937500000001,1.0,0.9047619047619049
argyll_bute_2022_ward10,stv,7,0.7039063451344486,1.0,0.665049567601772,1.0,0.794549747247156,1.0,0.8172191528545122,1.0,0.7333333333333334,0.9047619047619048,0.0,0.8455729166666666,1.0,0.9523809523809524
argyll_bute_2022_ward10,ranked-pairs,7,1.0,1.0,1.0,1.0,1.0,1.0,1.0,1.0,1.0,1.0,1.0,1.0,1.0,1.0
stirling_2017_ward6,borda,7,0.9083062461799855,1.0,0.9596273291925468,1.0,1.0,1.0,1.0,1.0,0.9333333333333333,0.9904761904761905,0.6666666666666667,0.9833333333333333,1.0,1.0
stirling_2017_ward6,3-approval,7,1.0,1.0,1.0,1.0,1.0,1.0,1.0,1.0,1.0,1.0,0.0,0.9145833333333333,1.0,1.0
stirling_2017_ward6,2-approval,7,0.8083122934148992,1.0,0.8383102694828843,1.0,1.0,1.0,1.0,1.0,0.9333333333333333,0.9809523809523809,0.0,0.9192708333333334,1.0,1.0
stirling_2017_ward6,plurality,7,0.7110157015500889,1.0,0.6774479397430218,1.0,0.7110157015500889,1.0,0.6774479397430218,1.0,0.8666666666666667,0.9333333333333333,0.0,0.8263020833333334,1.0,0.8571428571428571
stirling_2017_ward6,stv,7,0.7110157015500889,1.0,0.6774479397430218,1.0,0.7110157015500889,1.0,0.6774479397430218,1.0,0.8666666666666667,0.9428571428571428,0.0,0.8739583333333333,1.0,0.8571428571428571
stirling_2017_ward6,ranked-pairs,7,1.0,1.0,1.0,1.0,1.0,1.0,1.0,1.0,1.0,1.0,1.0,1.0,1.0,1.0
shetland_2022_ward6,borda,7,1.0,1.0,1.0,1.0,1.0,1.0,1.0,1.0,1.0,1.0,1.0,1.0,1.0,1.0
shetland_2022_ward6,3-approval,7,1.0,1.0,1.0,1.0,1.0,1.0,1.0,1.0,1.0,1.0,0.8333333333333334,0.978125,1.0,1.0
shetland_2022_ward6,2-approval,7,1.0,1.0,1.0,1.0,1.0,1.0,1.0,1.0,1.0,1.0,0.6666666666666667,0.9869791666666666,1.0,1.0
shetland_2022_ward6,plurality,7,0.8924425823041611,1.0,0.9450072358900145,1.0,1.0,1.0,1.0,1.0,0.8666666666666667,0.9809523809523809,0.0,0.96484375,1.0,0.9523809523809524
shetland_2022_ward6,stv,7,0.8924425823041611,1.0,0.9450072358900145,1.0,1.0,1.0,1.0,1.0,0.9333333333333333,0.9904761904761905,0.0,0.9578125,1.0,1.0
shetland_2022_ward6,ranked-pairs,7,1.0,1.0,1.0,1.0,1.0,1.0,1.0,1.0,1.0,1.0,1.0,1.0,1.0,1.0
highland_2012_ward11,borda,7,1.0,1.0,1.0,1.0,1.0,1.0,1.0,1.0,1.0,1.0,1.0,1.0,1.0,1.0
highland_2012_ward11,3-approval,7,1.0,1.0,1.0,1.0,1.0,1.0,1.0,1.0,1.0,1.0,1.0,1.0,1.0,1.0
highland_2012_ward11,2-approval,7,0.871702378430417,1.0,0.9229525862068968,1.0,1.0,1.0,1.0,1.0,0.9333333333333333,0.9714285714285714,0.0,0.9575520833333333,1.0,1.0
highland_2012_ward11,plurality,7,0.8312325351274639,1.0,0.8715259570005247,1.0,1.0,1.0,1.0,1.0,0.9333333333333333,0.9809523809523809,0.0,0.9520833333333333,1.0,1.0
highland_2012_ward11,stv,7,0.8312325351274639,1.0,0.8715259570005247,1.0,1.0,1.0,1.0,1.0,0.9333333333333333,0.9809523809523809,0.0,0.9520833333333333,1.0,1.0
highland_2012_ward11,ranked-pairs,7,1.0,1.0,1.0,1.0,1.0,1.0,1.0,1.0,1.0,1.0,1.0,1.0,1.0,1.0
glasgow_2017_ward2,borda,7,0.8640952547786283,1.0,0.9140861773619712,1.0,1.0,1.0,1.0,1.0,0.9333333333333333,0.9809523809523809,0.0,0.9484375,1.0,1.0
glasgow_2017_ward2,3-approval,7,1.0,1.0,1.0,1.0,1.0,1.0,1.0,1.0,1.0,1.0,0.0,0.9265625000000001,1.0,1.0
glasgow_2017_ward2,2-approval,7,0.8640952547786283,1.0,0.9140861773619712,1.0,1.0,1.0,1.0,1.0,0.8666666666666667,0.9238095238095239,0.0,0.8927083333333333,1.0,1.0
glasgow_2017_ward2,plurality,7,0.7473633332870366,1.0,0.7400574988021082,1.0,0.7473633332870366,1.0,0.7400574988021082,1.0,0.7333333333333334,0.9142857142857143,0.0,0.8210937500000001,1.0,0.9285714285714286
glasgow_2017_ward2,stv,7,0.7473633332870366,1.0,0.7400574988021082,1.0,0.7473633332870366,1.0,0.7400574988021082,1.0,0.8,0.9142857142857143,0.0,0.83515625,1.0,0.8571428571428571
glasgow_2017_ward2,ranked-pairs,7,1.0,1.0,1.0,1.0,1.0,1.0,1.0,1.0,1.0,1.0,1.0,1.0,1.0,1.0
clackmannanshire_2022_ward5,borda,7,0.9601072206945349,1.0,0.9921875,1.0,1.0,1.0,1.0,1.0,0.9333333333333333,0.9904761904761905,0.0,0.9703125,1.0,0.9285714285714286
clackmannanshire_2022_ward5,3-approval,7,0.9601072206945349,1.0,0.9921875,1.0,1.0,1.0,1.0,1.0,0.9333333333333333,0.9619047619047619,0.0,0.9419270833333333,1.0,1.0
clackmannanshire_2022_ward5,2-approval,7,0.8563236024526827,1.0,0.9046251077276647,1.0,0.8563236024526827,1.0,0.9046251077276647,1.0,0.9333333333333333,0.9809523809523809,0.0,0.8911458333333333,1.0,0.880952380952381
clackmannanshire_2022_ward5,plurality,7,0.8766003582674942,1.0,0.9284467713787087,1.0,1.0,1.0,1.0,1.0,0.8666666666666667,0.9333333333333333,0.0,0.8968749999999999,1.0,0.9285714285714286
clackmannanshire_2022_ward5,stv,7,0.8766003582674942,1.0,0.9284467713787087,1.0,1.0,1.0,1.0,1.0,0.8666666666666667,0.9523809523809523,0.0,0.90703125,1.0,0.9285714285714286
clackmannanshire_2022_ward5,ranked-pairs,7,1.0,1.0,1.0,1.0,1.0,1.0,1.0,1.0,1.0,1.0,1.0,1.0,1.0,1.0
north_ayrshire_2022_irvine_east,borda,7,0.8899894724027505,1.0,0.9425675675675675,1.0,1.0,1.0,1.0,1.0,1.0,1.0,0.6666666666666667,0.99140625,1.0,1.0
north_ayrshire_2022_irvine_east,3-approval,7,1.0,1.0,1.0,1.0,1.0,1.0,1.0,1.0,0.9333333333333333,0.9904761904761905,0.0,0.9255208333333333,1.0,1.0
north_ayrshire_2022_irvine_east,2-approval,7,0.840306521767174,1.0,0.8839223028317341,1.0,1.0,1.0,1.0,1.0,0.8666666666666667,0.9523809523809523,0.0,0.8666666666666666,1.0,1.0
north_ayrshire_2022_irvine_east,plurality,7,0.7248930609824115,1.0,0.701543014161911,1.0,0.7248930609824115,1.0,0.701543014161911,1.0,0.8666666666666667,0.9619047619047619,0.0,0.9020833333333333,1.0,0.9285714285714286
north_ayrshire_2022_irvine_east,stv,7,0.7248930609824115,1.0,0.701543014161911,1.0,0.7248930609824115,1.0,0.701543014161911,1.0,0.8666666666666667,0.9619047619047619,0.0,0.9096354166666667,1.0,0.9285714285714286
north_ayrshire_2022_irvine_east,ranked-pairs,7,1.0,1.0,1.0,1.0,1.0,1.0,1.0,1.0,1.0,1.0,1.0,1.0,1.0,1.0
angus_2022_ward5,borda,7,1.0,1.0,1.0,1.0,1.0,1.0,1.0,1.0,1.0,1.0,0.6666666666666667,0.9953125,1.0,1.0
angus_2022_ward5,3-approval,7,1.0,1.0,1.0,1.0,1.0,1.0,1.0,1.0,1.0,1.0,0.5,0.9807291666666667,1.0,1.0
angus_2022_ward5,2-approval,7,0.9386520003856633,1.0,0.9816547422491286,1.0,1.0,1.0,1.0,1.0,0.9333333333333333,0.9809523809523809,0.0,0.9432291666666667,1.0,1.0
angus_2022_ward5,plurality,7,0.8457297975243143,1.0,0.8911064425770309,1.0,1.0,1.0,1.0,1.0,0.8666666666666667,0.9809523809523809,0.0,0.9276041666666667,1.0,1.0
angus_2022_ward5,stv,7,0.8457297975243143,1.0,0.8911064425770309,1.0,1.0,1.0,1.0,1.0,0.8666666666666667,0.9714285714285714,0.0,0.94609375,1.0,1.0
angus_2022_ward5,ranked-pairs,7,1.0,1.0,1.0,1.0,1.0,1.0,1.0,1.0,1.0,1.0,1.0,1.0,1.0,1.0
fife_2017_ward6,borda,7,0.9279539205469785,1.0,0.9748155685576189,1.0,0.9279539205469785,1.0,0.9748155685576189,1.0,0.8666666666666667,0.9714285714285714,0.0,0.91953125,1.0,0.9523809523809524
fife_2017_ward6,3-approval,7,1.0,1.0,1.0,1.0,1.0,1.0,1.0,1.0,0.9333333333333333,0.9523809523809523,0.0,0.8393229166666666,1.0,0.7857142857142857
fife_2017_ward6,2-approval,7,0.8494694688674401,1.0,0.895957992428868,1.0,1.0,1.0,1.0,1.0,0.8666666666666667,0.9523809523809523,0.0,0.8747395833333333,1.0,1.0
fife_2017_ward6,plurality,7,1.0,1.0,1.0,1.0,1.0,1.0,1.0,1.0,0.9333333333333333,0.9714285714285714,0.16666666666666663,0.9088541666666666,1.0,0.9523809523809523
fife_2017_ward6,stv,7,1.0,1.0,1.0,1.0,1.0,1.0,1.0,1.0,0.8,0.9238095238095239,0.16666666666666663,0.9044270833333333,1.0,0.9047619047619048
fife_2017_ward6,ranked-pairs,7,1.0,1.0,1.0,1.0,1.0,1.0,1.0,1.0,1.0,1.0,1.0,1.0,1.0,1.0
highland_2017_ward21,borda,7,1.0,1.0,1.0,1.0,1.0,1.0,1.0,1.0,1.0,1.0,0.6666666666666667,0.9973958333333334,1.0,1.0
highland_2017_ward21,3-approval,7,0.887776014571573,1.0,0.9403263403263402,1.0,1.0,1.0,1.0,1.0,0.9333333333333333,0.9523809523809523,0.0,0.92890625,1.0,1.0
highland_2017_ward21,2-approval,7,0.7901716153352181,1.0,0.8103523270987387,1.0,0.7901716153352181,1.0,0.8103523270987387,1.0,0.9333333333333333,0.9809523809523809,0.0,0.90390625,1.0,0.9047619047619048
highland_2017_ward21,plurality,7,0.7591111710911461,1.0,0.7598308668076111,1.0,0.7901716153352181,1.0,0.8103523270987387,1.0,0.8,0.9619047619047619,0.0,0.86328125,1.0,0.9523809523809523
highland_2017_ward21,stv,7,0.777506996734169,1.0,0.7901075268817204,1.0,0.7901716153352181,1.0,0.8103523270987387,1.0,0.8,0.9333333333333333,0.0,0.8658854166666665,1.0,0.9047619047619048
highland_2017_ward21,ranked-pairs,7,1.0,1.0,1.0,1.0,1.0,1.0,1.0,1.0,1.0,1.0,1.0,1.0,1.0,1.0
edinburgh_2017_ward2,borda,7,1.0,1.0,1.0,1.0,1.0,1.0,1.0,1.0,1.0,1.0,0.0,0.98203125,1.0,1.0
edinburgh_2017_ward2,3-approval,7,1.0,1.0,1.0,1.0,1.0,1.0,1.0,1.0,1.0,1.0,0.0,0.9364583333333334,1.0,1.0
edinburgh_2017_ward2,2-approval,7,0.7814445981662377,1.0,0.7964594744780503,1.0,0.7814445981662377,1.0,0.7964594744780503,1.0,0.8666666666666667,0.9238095238095239,0.0,0.8747395833333333,1.0,0.8214285714285714
edinburgh_2017_ward2,plurality,7,0.8056681260373527,1.0,0.8343195266272189,1.0,1.0,1.0,1.0,1.0,0.8,0.9238095238095239,0.0,0.8377604166666667,1.0,0.9523809523809523
edinburgh_2017_ward2,stv,7,0.8056681260373527,1.0,0.8343195266272189,1.0,1.0,1.0,1.0,1.0,0.7333333333333334,0.8857142857142857,0.0,0.8416666666666667,1.0,0.9523809523809523
edinburgh_2017_ward2,ranked-pairs,7,1.0,1.0,1.0,1.0,1.0,1.0,1.0,1.0,1.0,1.0,1.0,1.0,1.0,1.0
highland_2022_northwest_and_central_sutherland,borda,7,0.9828482651087447,1.0,0.9985496736765773,1.0,1.0,1.0,1.0,1.0,1.0,1.0,0.0,0.9796875,1.0,1.0
highland_2022_northwest_and_central_sutherland,3-approval,7,0.8485780091447458,1.0,0.8948092127878997,1.0,1.0,1.0,1.0,1.0,0.9333333333333333,0.9904761904761905,0.8333333333333334,0.9802083333333333,1.0,1.0
highland_2022_northwest_and_central_sutherland,2-approval,7,0.9828482651087447,1.0,0.9985496736765773,1.0,1.0,1.0,1.0,1.0,1.0,1.0,0.0,0.9526041666666667,1.0,1.0
highland_2022_northwest_and_central_sutherland,plurality,7,1.0,1.0,1.0,1.0,1.0,1.0,1.0,1.0,1.0,1.0,1.0,1.0,1.0,1.0
highland_2022_northwest_and_central_sutherland,stv,7,1.0,1.0,1.0,1.0,1.0,1.0,1.0,1.0,1.0,1.0,1.0,1.0,1.0,1.0
highland_2022_northwest_and_central_sutherland,ranked-pairs,7,1.0,1.0,1.0,1.0,1.0,1.0,1.0,1.0,1.0,1.0,1.0,1.0,1.0,1.0
aberdeen_2012_ward7,borda,7,1.0,1.0,1.0,1.0,1.0,1.0,1.0,1.0,1.0,1.0,1.0,1.0,1.0,1.0
aberdeen_2012_ward7,3-approval,7,0.9691958118353073,1.0,0.9953319502074689,1.0,1.0,1.0,1.0,1.0,1.0,1.0,0.0,0.97265625,1.0,1.0
aberdeen_2012_ward7,2-approval,7,0.8692515772703526,1.0,0.920139755428001,1.0,1.0,1.0,1.0,1.0,0.9333333333333333,0.9904761904761905,0.0,0.9307291666666667,1.0,1.0
aberdeen_2012_ward7,plurality,7,0.8003820299987735,1.0,0.8262520769048184,1.0,0.8003820299987735,1.0,0.8262520769048184,1.0,0.8,0.9047619047619048,0.0,0.8817708333333333,1.0,0.9285714285714286
aberdeen_2012_ward7,stv,7,0.8003820299987735,1.0,0.8262520769048184,1.0,0.8003820299987735,1.0,0.8262520769048184,1.0,0.8666666666666667,0.9428571428571428,0.0,0.8916666666666666,1.0,0.8571428571428571
aberdeen_2012_ward7,ranked-pairs,7,1.0,1.0,1.0,1.0,1.0,1.0,1.0,1.0,1.0,1.0,1.0,1.0,1.0,1.0
east_dunbartonshire_2017_ward4,borda,7,0.9638769238899543,1.0,0.9935882213251009,1.0,1.0,1.0,1.0,1.0,0.9333333333333333,0.9619047619047619,0.0,0.9302083333333333,1.0,1.0
east_dunbartonshire_2017_ward4,3-approval,7,0.9638769238899543,1.0,0.9935882213251009,1.0,1.0,1.0,1.0,1.0,1.0,1.0,0.0,0.8460937499999999,1.0,1.0
east_dunbartonshire_2017_ward4,2-approval,7,0.8305274079765188,1.0,0.8705436720142603,1.0,1.0,1.0,1.0,1.0,0.8666666666666667,0.9523809523809523,0.0,0.8739583333333333,1.0,1.0
east_dunbartonshire_2017_ward4,plurality,7,0.8305274079765188,1.0,0.8705436720142603,1.0,0.8509213408420259,1.0,0.8978184695376964,1.0,0.7333333333333334,0.9142857142857143,0.0,0.8583333333333333,1.0,0.9523809523809523
east_dunbartonshire_2017_ward4,stv,7,0.8305274079765188,1.0,0.8705436720142603,1.0,1.0,1.0,1.0,1.0,0.8,0.9238095238095239,0.0,0.85390625,1.0,0.8095238095238094
east_dunbartonshire_2017_ward4,ranked-pairs,7,1.0,1.0,1.0,1.0,1.0,1.0,1.0,1.0,1.0,1.0,1.0,1.0,1.0,1.0
stirling_2022_ward4,borda,7,0.8473120965383737,1.0,0.8931695514610086,1.0,1.0,1.0,1.0,1.0,0.9333333333333333,0.9904761904761905,0.0,0.9716145833333333,1.0,1.0
stirling_2022_ward4,3-approval,7,1.0,1.0,1.0,1.0,1.0,1.0,1.0,1.0,0.8666666666666667,0.9523809523809523,0.0,0.9080729166666667,1.0,1.0
stirling_2022_ward4,2-approval,7,0.7538877021208948,1.0,0.7510759166810121,1.0,0.7538877021208948,1.0,0.7510759166810121,1.0,0.8666666666666667,0.9619047619047619,0.0,0.90234375,1.0,0.9047619047619048
stirling_2022_ward4,plurality,7,0.7106940195963738,1.0,0.6768875700626442,1.0,0.7106940195963738,1.0,0.6768875700626442,1.0,0.8,0.9714285714285714,0.0,0.8302083333333333,1.0,0.9523809523809523
stirling_2022_ward4,stv,7,0.7106940195963738,1.0,0.6768875700626442,1.0,0.7538877021208948,1.0,0.7510759166810121,1.0,0.8666666666666667,0.9809523809523809,0.0,0.8518229166666667,1.0,0.9047619047619048
stirling_2022_ward4,ranked-pairs,7,1.0,1.0,1.0,1.0,1.0,1.0,1.0,1.0,1.0,1.0,1.0,1.0,1.0,1.0
fife_2017_ward16,borda,7,1.0,1.0,1.0,1.0,1.0,1.0,1.0,1.0,1.0,1.0,1.0,1.0,1.0,1.0
fife_2017_ward16,3-approval,7,1.0,1.0,1.0,1.0,1.0,1.0,1.0,1.0,0.9333333333333333,0.9904761904761905,0.8333333333333334,0.9713541666666666,1.0,1.0
fife_2017_ward16,2-approval,7,1.0,1.0,1.0,1.0,1.0,1.0,1.0,1.0,0.8666666666666667,0.9714285714285714,0.6666666666666667,0.9736979166666666,1.0,1.0
fife_2017_ward16,plurality,7,1.0,1.0,1.0,1.0,1.0,1.0,1.0,1.0,0.9333333333333333,0.9809523809523809,0.33333333333333337,0.9356770833333333,1.0,0.9285714285714286
fife_2017_ward16,stv,7,1.0,1.0,1.0,1.0,1.0,1.0,1.0,1.0,0.8,0.9333333333333333,0.33333333333333337,0.9361979166666667,1.0,0.9285714285714286
fife_2017_ward16,ranked-pairs,7,1.0,1.0,1.0,1.0,1.0,1.0,1.0,1.0,1.0,1.0,1.0,1.0,1.0,1.0
angus_2012_ward5,borda,7,1.0,1.0,1.0,1.0,1.0,1.0,1.0,1.0,1.0,1.0,1.0,1.0,1.0,1.0
angus_2012_ward5,3-approval,7,1.0,1.0,1.0,1.0,1.0,1.0,1.0,1.0,0.9333333333333333,0.9904761904761905,0.9333333333333333,0.9994791666666667,1.0,1.0
angus_2012_ward5,2-approval,7,0.9484353308592294,1.0,0.9869925992374969,1.0,1.0,1.0,1.0,1.0,0.9333333333333333,0.9809523809523809,0.0,0.9643229166666667,1.0,1.0
angus_2012_ward5,plurality,7,0.817286257612995,1.0,0.8516196447230929,1.0,0.817286257612995,1.0,0.8516196447230929,1.0,0.8,0.9619047619047619,0.0,0.946875,1.0,0.9285714285714286
angus_2012_ward5,stv,7,1.0,1.0,1.0,1.0,1.0,1.0,1.0,1.0,0.8666666666666667,0.9619047619047619,0.6666666666666667,0.9645833333333333,1.0,0.9285714285714286
angus_2012_ward5,ranked-pairs,7,1.0,1.0,1.0,1.0,1.0,1.0,1.0,1.0,1.0,1.0,1.0,1.0,1.0,1.0
orkney_2012_ward5,borda,7,0.9358858860818167,1.0,0.9799857040743386,1.0,1.0,1.0,1.0,1.0,0.9333333333333333,0.9904761904761905,0.0,0.96640625,1.0,1.0
orkney_2012_ward5,3-approval,7,0.9358858860818167,1.0,0.9799857040743386,1.0,1.0,1.0,1.0,1.0,0.9333333333333333,0.9714285714285714,0.0,0.9575520833333333,1.0,1.0
orkney_2012_ward5,2-approval,7,0.846472342424749,1.0,0.8920765027322405,1.0,0.846472342424749,1.0,0.8920765027322405,1.0,0.9333333333333333,0.9809523809523809,0.0,0.9276041666666667,1.0,0.8571428571428571
orkney_2012_ward5,plurality,7,0.7492394119997993,1.0,0.7432347388294523,1.0,0.846472342424749,1.0,0.8920765027322405,1.0,0.8666666666666667,0.9714285714285714,0.0,0.91796875,1.0,0.9285714285714286
orkney_2012_ward5,stv,7,0.7492394119997993,1.0,0.7432347388294523,1.0,0.846472342424749,1.0,0.8920765027322405,1.0,0.8666666666666667,0.9428571428571428,0.0,0.9096354166666667,1.0,0.9285714285714286
orkney_2012_ward5,ranked-pairs,7,1.0,1.0,1.0,1.0,1.0,1.0,1.0,1.0,1.0,1.0,1.0,1.0,1.0,1.0
south_lanarkshire_2017_ward9,borda,7,1.0,1.0,1.0,1.0,1.0,1.0,1.0,1.0,1.0,1.0,1.0,1.0,1.0,1.0
south_lanarkshire_2017_ward9,3-approval,7,1.0,1.0,1.0,1.0,1.0,1.0,1.0,1.0,1.0,1.0,0.8333333333333334,0.9799479166666667,1.0,1.0
south_lanarkshire_2017_ward9,2-approval,7,0.8978140909984041,1.0,0.9501845018450182,1.0,1.0,1.0,1.0,1.0,0.9333333333333333,0.9523809523809523,0.0,0.940625,1.0,0.9523809523809523
south_lanarkshire_2017_ward9,plurality,7,1.0,1.0,1.0,1.0,1.0,1.0,1.0,1.0,0.9333333333333333,0.9714285714285714,0.33333333333333337,0.9500000000000001,1.0,0.9285714285714286
south_lanarkshire_2017_ward9,stv,7,1.0,1.0,1.0,1.0,1.0,1.0,1.0,1.0,0.8666666666666667,0.9619047619047619,0.33333333333333337,0.9502604166666667,1.0,0.9285714285714286
south_lanarkshire_2017_ward9,ranked-pairs,7,1.0,1.0,1.0,1.0,1.0,1.0,1.0,1.0,1.0,1.0,1.0,1.0,1.0,1.0
angus_2022_ward1,borda,7,0.8922964697957504,1.0,0.9448632349773854,1.0,1.0,1.0,1.0,1.0,0.9333333333333333,0.9809523809523809,0.6666666666666667,0.9713541666666666,1.0,0.9285714285714286
angus_2022_ward1,3-approval,7,1.0,1.0,1.0,1.0,1.0,1.0,1.0,1.0,1.0,1.0,0.0,0.9700520833333334,1.0,1.0
angus_2022_ward1,2-approval,7,0.8760513218324121,1.0,0.9278394534585823,1.0,1.0,1.0,1.0,1.0,0.7333333333333334,0.9047619047619048,0.0,0.9125,1.0,0.8809523809523808
angus_2022_ward1,plurality,7,0.8653454885458305,1.0,0.9155706406448877,1.0,0.8653454885458305,1.0,0.9155706406448877,1.0,0.8666666666666667,0.9619047619047619,0.0,0.8619791666666665,1.0,0.9285714285714286
angus_2022_ward1,stv,7,0.8760513218324121,1.0,0.9278394534585823,1.0,1.0,1.0,1.0,1.0,0.7333333333333334,0.9047619047619048,0.0,0.8591145833333332,1.0,0.9285714285714286
angus_2022_ward1,ranked-pairs,7,1.0,1.0,1.0,1.0,1.0,1.0,1.0,1.0,1.0,1.0,1.0,1.0,1.0,1.0
fife_2017_ward10,borda,7,1.0,1.0,1.0,1.0,1.0,1.0,1.0,1.0,1.0,1.0,0.8333333333333334,0.9963541666666667,1.0,1.0
fife_2017_ward10,3-approval,7,1.0,1.0,1.0,1.0,1.0,1.0,1.0,1.0,1.0,1.0,0.8333333333333334,0.9953125,1.0,1.0
fife_2017_ward10,2-approval,7,0.9075607795806333,1.0,0.9589862642677502,1.0,1.0,1.0,1.0,1.0,0.9333333333333333,0.9809523809523809,0.0,0.9661458333333334,1.0,1.0
fife_2017_ward10,plurality,7,0.6438520262914702,1.0,0.5604869779627061,1.0,0.6438520262914702,1.0,0.5604869779627061,1.0,0.8,0.9333333333333333,0.0,0.8671875,1.0,0.8571428571428571
fife_2017_ward10,stv,7,0.7731730866319145,1.0,0.783060397957387,1.0,1.0,1.0,1.0,1.0,0.8666666666666667,0.9238095238095239,0.0,0.8994791666666666,1.0,0.9285714285714286
fife_2017_ward10,ranked-pairs,7,1.0,1.0,1.0,1.0,1.0,1.0,1.0,1.0,1.0,1.0,1.0,1.0,1.0,1.0
angus_2017_ward2,borda,7,0.9550055675417352,1.0,0.9900756143667296,1.0,1.0,1.0,1.0,1.0,0.9333333333333333,0.9904761904761905,0.0,0.9807291666666667,1.0,1.0
angus_2017_ward2,3-approval,7,0.900024711452223,1.0,0.9522484932777006,1.0,1.0,1.0,1.0,1.0,0.9333333333333333,0.9714285714285714,0.0,0.9127604166666666,1.0,1.0
angus_2017_ward2,2-approval,7,0.8666778322958278,1.0,0.9171409059867971,1.0,1.0,1.0,1.0,1.0,0.8666666666666667,0.9428571428571428,0.0,0.8565104166666666,1.0,1.0
angus_2017_ward2,plurality,7,0.6885460635471445,1.0,0.6382026843026649,1.0,0.6885460635471445,1.0,0.6382026843026649,1.0,0.9333333333333333,0.9619047619047619,0.0,0.8776041666666667,1.0,0.8095238095238095
angus_2017_ward2,stv,7,0.6885460635471445,1.0,0.6382026843026649,1.0,0.6885460635471445,1.0,0.6382026843026649,1.0,0.7333333333333334,0.9142857142857143,0.0,0.8161458333333332,1.0,0.8571428571428571
angus_2017_ward2,ranked-pairs,7,1.0,1.0,1.0,1.0,1.0,1.0,1.0,1.0,1.0,1.0,1.0,1.0,1.0,1.0
sc_borders_2022_ward6,borda,7,1.0,1.0,1.0,1.0,1.0,1.0,1.0,1.0,1.0,1.0,0.0,0.9661458333333334,1.0,1.0
sc_borders_2022_ward6,3-approval,7,0.879874611762541,1.0,1.0,1.0,0.879874611762541,1.0,1.0,1.0,0.9333333333333333,1.0,0.8333333333333334,0.9966145833333333,1.0,0.7142857142857143
sc_borders_2022_ward6,2-approval,7,0.8081720865358591,1.0,0.8380994280686318,1.0,1.0,1.0,1.0,1.0,0.9333333333333333,0.9714285714285714,0.0,0.9276041666666667,1.0,1.0
sc_borders_2022_ward6,plurality,7,0.8209117554362536,1.0,0.8568888888888889,1.0,1.0,1.0,1.0,1.0,0.9333333333333333,0.9714285714285714,0.0,0.91875,1.0,1.0
sc_borders_2022_ward6,stv,7,0.8209117554362536,1.0,0.8568888888888889,1.0,1.0,1.0,1.0,1.0,0.9333333333333333,0.9809523809523809,0.0,0.9346354166666667,1.0,0.9285714285714286
sc_borders_2022_ward6,ranked-pairs,7,1.0,1.0,1.0,1.0,1.0,1.0,1.0,1.0,1.0,1.0,1.0,1.0,1.0,1.0
fife_2017_ward2,borda,7,1.0,1.0,1.0,1.0,1.0,1.0,1.0,1.0,1.0,1.0,0.0,0.9731770833333333,1.0,1.0
fife_2017_ward2,3-approval,7,1.0,1.0,1.0,1.0,1.0,1.0,1.0,1.0,1.0,1.0,0.0,0.93046875,1.0,1.0
fife_2017_ward2,2-approval,7,0.85252557455153,1.0,0.8998589562764456,1.0,0.85252557455153,1.0,0.8998589562764456,1.0,0.6666666666666667,0.8761904761904762,0.0,0.7614583333333335,1.0,0.7857142857142857
fife_2017_ward2,plurality,7,0.7631508790536753,1.0,0.7665573770491803,1.0,0.770930756331773,1.0,0.7793923381770144,1.0,0.8,0.9142857142857143,0.0,0.7625000000000001,1.0,0.8571428571428571
fife_2017_ward2,stv,7,0.7631508790536753,1.0,0.7665573770491803,1.0,0.770930756331773,1.0,0.7793923381770144,1.0,0.8,0.9047619047619048,0.0,0.7578125000000001,1.0,0.8571428571428571
fife_2017_ward2,ranked-pairs,7,1.0,1.0,1.0,1.0,1.0,1.0,1.0,1.0,1.0,1.0,1.0,1.0,1.0,1.0
south_lanarkshire_2017_ward7,borda,7,1.0,1.0,1.0,1.0,1.0,1.0,1.0,1.0,1.0,1.0,1.0,1.0,1.0,1.0
south_lanarkshire_2017_ward7,3-approval,7,1.0,1.0,1.0,1.0,1.0,1.0,1.0,1.0,1.0,1.0,0.0,0.9596354166666666,1.0,1.0
south_lanarkshire_2017_ward7,2-approval,7,0.8218323585015964,1.0,0.8582166040314314,1.0,1.0,1.0,1.0,1.0,0.8666666666666667,0.9523809523809523,0.0,0.9028645833333333,1.0,1.0
south_lanarkshire_2017_ward7,plurality,7,0.6705662461870208,1.0,0.606794682422452,1.0,0.6705662461870208,1.0,0.606794682422452,1.0,0.8666666666666667,0.9619047619047619,0.0,0.87109375,1.0,0.8571428571428571
south_lanarkshire_2017_ward7,stv,7,0.6845006536908363,1.0,0.6311291048133153,1.0,1.0,1.0,1.0,1.0,0.8666666666666667,0.9619047619047619,0.0,0.8953125,1.0,0.9285714285714286
south_lanarkshire_2017_ward7,ranked-pairs,7,1.0,1.0,1.0,1.0,1.0,1.0,1.0,1.0,1.0,1.0,1.0,1.0,1.0,1.0
renfrewshire_2012_ward6,borda,7,1.0,1.0,1.0,1.0,1.0,1.0,1.0,1.0,1.0,1.0,1.0,1.0,1.0,1.0
renfrewshire_2012_ward6,3-approval,7,1.0,1.0,1.0,1.0,1.0,1.0,1.0,1.0,1.0,1.0,1.0,1.0,1.0,1.0
renfrewshire_2012_ward6,2-approval,7,1.0,1.0,1.0,1.0,1.0,1.0,1.0,1.0,1.0,1.0,0.6666666666666667,0.9973958333333334,1.0,1.0
renfrewshire_2012_ward6,plurality,7,0.8169786505756399,1.0,0.8511696445017498,1.0,0.862739340327076,1.0,0.912464319695528,1.0,0.8666666666666667,0.9523809523809523,0.0,0.88359375,1.0,0.9523809523809523
renfrewshire_2012_ward6,stv,7,0.8169786505756399,1.0,0.8511696445017498,1.0,0.862739340327076,1.0,0.912464319695528,1.0,0.8666666666666667,0.9619047619047619,0.0,0.8911458333333333,1.0,0.9523809523809523
renfrewshire_2012_ward6,ranked-pairs,7,1.0,1.0,1.0,1.0,1.0,1.0,1.0,1.0,1.0,1.0,1.0,1.0,1.0,1.0
orkney_2017_ward2,borda,7,1.0,1.0,1.0,1.0,1.0,1.0,1.0,1.0,1.0,1.0,1.0,1.0,1.0,1.0
orkney_2017_ward2,3-approval,7,1.0,1.0,1.0,1.0,1.0,1.0,1.0,1.0,1.0,1.0,1.0,1.0,1.0,1.0
orkney_2017_ward2,2-approval,7,1.0,1.0,1.0,1.0,1.0,1.0,1.0,1.0,1.0,1.0,1.0,1.0,1.0,1.0
orkney_2017_ward2,plurality,7,0.8910081139700748,1.0,0.9435862995298858,1.0,1.0,1.0,1.0,1.0,0.9333333333333333,0.9904761904761905,0.0,0.9682291666666667,1.0,1.0
orkney_2017_ward2,stv,7,1.0,1.0,1.0,1.0,1.0,1.0,1.0,1.0,1.0,1.0,1.0,1.0,1.0,1.0
orkney_2017_ward2,ranked-pairs,7,1.0,1.0,1.0,1.0,1.0,1.0,1.0,1.0,1.0,1.0,1.0,1.0,1.0,1.0
falkirk_2022_ward3,borda,7,0.8439415137467527,1.0,0.888756692444973,1.0,1.0,1.0,1.0,1.0,0.9333333333333333,0.9809523809523809,0.0,0.97265625,1.0,1.0
falkirk_2022_ward3,3-approval,7,1.0,1.0,1.0,1.0,1.0,1.0,1.0,1.0,1.0,1.0,0.0,0.9669270833333333,1.0,1.0
falkirk_2022_ward3,2-approval,7,0.8439415137467527,1.0,0.888756692444973,1.0,0.9680305031454386,1.0,0.9949732956330505,1.0,0.8666666666666667,0.9619047619047619,0.0,0.9072916666666667,1.0,0.9047619047619048
falkirk_2022_ward3,plurality,7,0.728178186176013,1.0,0.7072187121924989,1.0,0.7454857530475724,1.0,0.736870897155361,1.0,0.8,0.9238095238095239,0.0,0.8078125,1.0,0.8571428571428571
falkirk_2022_ward3,stv,7,0.7466061793156804,1.0,0.7387732749178532,1.0,1.0,1.0,1.0,1.0,0.8666666666666667,0.9523809523809523,0.0,0.8703124999999999,1.0,0.9523809523809524
falkirk_2022_ward3,ranked-pairs,7,1.0,1.0,1.0,1.0,1.0,1.0,1.0,1.0,1.0,1.0,1.0,1.0,1.0,1.0
edinburgh_2012_ward5,borda,7,1.0,1.0,1.0,1.0,1.0,1.0,1.0,1.0,0.9333333333333333,0.9809523809523809,0.0,0.97421875,1.0,0.9047619047619048
edinburgh_2012_ward5,3-approval,7,1.0,1.0,1.0,1.0,1.0,1.0,1.0,1.0,0.9333333333333333,0.9714285714285714,0.0,0.9526041666666667,1.0,0.8809523809523808
edinburgh_2012_ward5,2-approval,7,0.8157172873713688,1.0,0.8493196707542416,1.0,1.0,1.0,1.0,1.0,0.8,0.9047619047619048,0.0,0.8463541666666665,1.0,1.0
edinburgh_2012_ward5,plurality,7,0.863140348162755,1.0,0.9129452649869682,1.0,0.863140348162755,1.0,0.9129452649869682,1.0,0.8,0.8952380952380953,0.0,0.8380208333333333,1.0,0.9047619047619048
edinburgh_2012_ward5,stv,7,0.863140348162755,1.0,0.9129452649869682,1.0,0.863140348162755,1.0,0.9129452649869682,1.0,0.8,0.8952380952380953,0.0,0.8375,1.0,0.9523809523809524
edinburgh_2012_ward5,ranked-pairs,7,1.0,1.0,1.0,1.0,1.0,1.0,1.0,1.0,1.0,1.0,1.0,1.0,1.0,1.0
argyll_bute_2017_ward3,borda,7,0.9031170220363856,1.0,0.9550694649719184,1.0,1.0,1.0,1.0,1.0,0.9333333333333333,0.9904761904761905,0.0,0.9515625,1.0,1.0
argyll_bute_2017_ward3,3-approval,7,1.0,1.0,1.0,1.0,1.0,1.0,1.0,1.0,1.0,1.0,0.0,0.9059895833333333,1.0,1.0
argyll_bute_2017_ward3,2-approval,7,0.8438493415223489,1.0,0.8886350656767562,1.0,1.0,1.0,1.0,1.0,0.9333333333333333,0.9809523809523809,0.0,0.8924479166666667,1.0,1.0
argyll_bute_2017_ward3,plurality,7,0.7049290289852654,1.0,0.6668346774193548,1.0,0.7049290289852654,1.0,0.6668346774193548,1.0,0.9333333333333333,0.9809523809523809,0.0,0.89296875,1.0,0.9285714285714286
argyll_bute_2017_ward3,stv,7,0.8438493415223489,1.0,0.8886350656767562,1.0,1.0,1.0,1.0,1.0,0.9333333333333333,0.9809523809523809,0.0,0.94453125,1.0,1.0
argyll_bute_2017_ward3,ranked-pairs,7,1.0,1.0,1.0,1.0,1.0,1.0,1.0,1.0,1.0,1.0,1.0,1.0,1.0,1.0
south_lanarkshire_2012_ward19,borda,7,1.0,1.0,1.0,1.0,1.0,1.0,1.0,1.0,1.0,1.0,1.0,1.0,1.0,1.0
south_lanarkshire_2012_ward19,3-approval,7,1.0,1.0,1.0,1.0,1.0,1.0,1.0,1.0,1.0,1.0,1.0,1.0,1.0,1.0
south_lanarkshire_2012_ward19,2-approval,7,0.8083658113343911,1.0,0.8383907262188885,1.0,1.0,1.0,1.0,1.0,0.9333333333333333,0.9619047619047619,0.0,0.95625,1.0,1.0
south_lanarkshire_2012_ward19,plurality,7,0.7773637489580115,1.0,0.7898755186721993,1.0,1.0,1.0,1.0,1.0,0.9333333333333333,0.9619047619047619,0.0,0.9161458333333333,1.0,0.9285714285714286
south_lanarkshire_2012_ward19,stv,7,0.7773637489580115,1.0,0.7898755186721993,1.0,1.0,1.0,1.0,1.0,0.9333333333333333,0.9809523809523809,0.0,0.9184895833333333,1.0,1.0
south_lanarkshire_2012_ward19,ranked-pairs,7,1.0,1.0,1.0,1.0,1.0,1.0,1.0,1.0,1.0,1.0,1.0,1.0,1.0,1.0
inverclyde_2012_ward6,borda,7,0.9109071790249252,1.0,0.9618276460381723,1.0,1.0,1.0,1.0,1.0,0.9333333333333333,0.9809523809523809,0.0,0.9622395833333334,1.0,1.0
inverclyde_2012_ward6,3-approval,7,0.9109071790249252,1.0,0.9618276460381723,1.0,1.0,1.0,1.0,1.0,0.8666666666666667,0.9333333333333333,0.6666666666666667,0.9651041666666667,1.0,1.0
inverclyde_2012_ward6,2-approval,7,0.9069177294597317,1.0,0.9584295612009236,1.0,0.9069177294597317,1.0,0.9584295612009236,1.0,0.9333333333333333,0.9714285714285714,0.0,0.8760416666666666,1.0,0.8095238095238094
inverclyde_2012_ward6,plurality,7,0.9498569217436409,1.0,0.9876941107530033,1.0,1.0,1.0,1.0,1.0,0.7333333333333334,0.8761904761904762,0.0,0.8966145833333333,1.0,0.8571428571428571
inverclyde_2012_ward6,stv,7,0.9109071790249252,1.0,0.9618276460381723,1.0,1.0,1.0,1.0,1.0,0.8,0.9238095238095237,0.0,0.8468749999999999,1.0,0.9285714285714286
inverclyde_2012_ward6,ranked-pairs,7,1.0,1.0,1.0,1.0,1.0,1.0,1.0,1.0,1.0,1.0,1.0,1.0,1.0,1.0
sc_borders_2022_ward8,borda,7,1.0,1.0,1.0,1.0,1.0,1.0,1.0,1.0,1.0,1.0,1.0,1.0,1.0,1.0
sc_borders_2022_ward8,3-approval,7,1.0,1.0,1.0,1.0,1.0,1.0,1.0,1.0,1.0,1.0,0.8333333333333334,0.99453125,1.0,1.0
sc_borders_2022_ward8,2-approval,7,0.8408241165110318,1.0,0.8846153846153848,1.0,1.0,1.0,1.0,1.0,0.9333333333333333,0.9523809523809523,0.0,0.9213541666666667,1.0,1.0
sc_borders_2022_ward8,plurality,7,1.0,1.0,1.0,1.0,1.0,1.0,1.0,1.0,0.9333333333333333,0.9809523809523809,0.6666666666666667,0.9692708333333333,1.0,1.0
sc_borders_2022_ward8,stv,7,1.0,1.0,1.0,1.0,1.0,1.0,1.0,1.0,0.9333333333333333,0.9809523809523809,0.6666666666666667,0.9692708333333333,1.0,1.0
sc_borders_2022_ward8,ranked-pairs,7,1.0,1.0,1.0,1.0,1.0,1.0,1.0,1.0,1.0,1.0,1.0,1.0,1.0,1.0
aberdeen_2022_ward10,borda,7,1.0,1.0,1.0,1.0,1.0,1.0,1.0,1.0,1.0,1.0,1.0,1.0,1.0,1.0
aberdeen_2022_ward10,3-approval,7,1.0,1.0,1.0,1.0,1.0,1.0,1.0,1.0,1.0,1.0,0.8333333333333334,0.9846354166666667,1.0,1.0
aberdeen_2022_ward10,2-approval,7,0.8461637793533644,1.0,0.891673798752904,1.0,1.0,1.0,1.0,1.0,0.9333333333333333,0.9809523809523809,0.0,0.9536458333333333,1.0,1.0
aberdeen_2022_ward10,plurality,7,0.7837258519001106,1.0,0.8001163467132054,1.0,0.8085193694277072,1.0,0.8386215092097445,1.0,0.8666666666666667,0.9523809523809523,0.0,0.9015624999999999,1.0,0.9523809523809523
aberdeen_2022_ward10,stv,7,0.7837258519001106,1.0,0.8001163467132054,1.0,0.8085193694277072,1.0,0.8386215092097445,1.0,0.8666666666666667,0.9428571428571428,0.0,0.9091145833333333,1.0,0.9523809523809523
aberdeen_2022_ward10,ranked-pairs,7,1.0,1.0,1.0,1.0,1.0,1.0,1.0,1.0,1.0,1.0,1.0,1.0,1.0,1.0
sc_borders_2012_ward9,borda,7,0.8480458193651168,1.0,0.8941210880374381,1.0,0.8480458193651168,1.0,0.8941210880374381,1.0,1.0,1.0,0.0,0.9572916666666667,1.0,1.0
sc_borders_2012_ward9,3-approval,7,0.8480458193651168,1.0,0.8941210880374381,1.0,0.8480458193651168,1.0,0.8941210880374381,1.0,0.9333333333333333,0.9619047619047619,0.0,0.95625,1.0,1.0
sc_borders_2012_ward9,2-approval,7,0.8480458193651168,1.0,0.8941210880374381,1.0,0.8730816961277672,1.0,0.924517087667162,1.0,0.9333333333333333,0.9904761904761905,0.0,0.9356770833333333,1.0,0.9285714285714286
sc_borders_2012_ward9,plurality,7,0.8730816961277672,1.0,0.924517087667162,1.0,0.8904151896889713,1.0,0.9429942994299432,1.0,0.8666666666666667,0.9523809523809523,0.0,0.8955729166666666,1.0,0.9285714285714286
sc_borders_2012_ward9,stv,7,0.7722597418159223,1.0,0.7815680880330125,1.0,0.8904151896889713,1.0,0.9429942994299432,1.0,0.8,0.9523809523809523,0.0,0.87734375,1.0,0.9285714285714286
sc_borders_2012_ward9,ranked-pairs,7,0.8904151896889713,1.0,0.9429942994299432,1.0,0.8904151896889713,1.0,0.9429942994299432,1.0,0.8666666666666667,0.9809523809523809,0.0,0.940625,1.0,0.9285714285714286
west_dunbartonshire_2022_ward6,borda,7,0.9101120356853142,1.0,0.9611609939444561,1.0,0.9101120356853142,1.0,0.9611609939444561,1.0,0.9333333333333333,0.9809523809523809,0.6666666666666667,0.9739583333333334,1.0,1.0
west_dunbartonshire_2022_ward6,3-approval,7,1.0,1.0,1.0,1.0,1.0,1.0,1.0,1.0,0.8666666666666667,0.9619047619047619,0.0,0.8903645833333333,1.0,0.9047619047619048
west_dunbartonshire_2022_ward6,2-approval,7,0.7433047524368614,1.0,0.7331610998339178,1.0,0.9101120356853142,1.0,0.9611609939444561,1.0,0.8666666666666667,0.9333333333333333,0.0,0.9044270833333333,1.0,0.9047619047619048
west_dunbartonshire_2022_ward6,plurality,7,0.6173279403814226,1.0,0.5153275250080672,1.0,0.9101120356853142,1.0,0.9611609939444561,1.0,0.8666666666666667,0.9523809523809523,0.0,0.8697916666666666,1.0,0.9523809523809524
west_dunbartonshire_2022_ward6,stv,7,0.8673332620624534,1.0,0.9179089238309168,1.0,0.9101120356853142,1.0,0.9611609939444561,1.0,0.8666666666666667,0.9523809523809523,0.0,0.8908854166666667,1.0,0.9523809523809524
west_dunbartonshire_2022_ward6,ranked-pairs,7,1.0,1.0,1.0,1.0,1.0,1.0,1.0,1.0,1.0,1.0,1.0,1.0,1.0,1.0
north_ayrshire_2017_ward1,borda,7,1.0,1.0,1.0,1.0,1.0,1.0,1.0,1.0,1.0,1.0,0.6666666666666667,0.9947916666666666,1.0,1.0
north_ayrshire_2017_ward1,3-approval,7,1.0,1.0,1.0,1.0,1.0,1.0,1.0,1.0,1.0,1.0,0.0,0.9791666666666666,1.0,1.0
north_ayrshire_2017_ward1,2-approval,7,0.8581452483306936,1.0,0.9068783068783067,1.0,1.0,1.0,1.0,1.0,0.8666666666666667,0.9428571428571428,0.0,0.8770833333333332,1.0,1.0
north_ayrshire_2017_ward1,plurality,7,0.7721181334225234,1.0,0.7813364966389879,1.0,0.7721181334225234,1.0,0.7813364966389879,1.0,0.7333333333333334,0.9238095238095239,0.0,0.8393229166666667,1.0,0.9523809523809523
north_ayrshire_2017_ward1,stv,7,0.7721181334225234,1.0,0.7813364966389879,1.0,0.8578177598509814,1.0,0.9064748201438849,1.0,0.7333333333333334,0.9142857142857143,0.0,0.8286458333333333,1.0,0.9523809523809524
north_ayrshire_2017_ward1,ranked-pairs,7,1.0,1.0,1.0,1.0,1.0,1.0,1.0,1.0,1.0,1.0,1.0,1.0,1.0,1.0
east_dunbartonshire_2017_ward7,borda,7,0.8805383248901485,1.0,0.93273850377488,1.0,0.9611018713070822,1.0,0.9925703166460288,1.0,0.8666666666666667,0.9523809523809523,0.0,0.9486979166666667,1.0,0.8095238095238094
east_dunbartonshire_2017_ward7,3-approval,7,0.9775514742609808,1.0,0.9975172902996986,1.0,0.9775514742609808,1.0,0.9975172902996986,1.0,0.6,0.7904761904761904,0.0,0.6606770833333334,1.0,0.5952380952380952
east_dunbartonshire_2017_ward7,2-approval,7,1.0,1.0,1.0,1.0,1.0,1.0,1.0,1.0,0.9333333333333333,0.9809523809523809,0.0,0.8052083333333333,1.0,0.8571428571428571
east_dunbartonshire_2017_ward7,plurality,7,0.8805383248901485,1.0,0.93273850377488,1.0,0.9611018713070822,1.0,0.9925703166460288,1.0,0.8,0.9238095238095239,0.0,0.8408854166666666,1.0,0.9285714285714286
east_dunbartonshire_2017_ward7,stv,7,0.8805383248901485,1.0,0.93273850377488,1.0,0.9611018713070822,1.0,0.9925703166460288,1.0,0.7333333333333334,0.9047619047619048,0.0,0.8325520833333334,1.0,0.9285714285714286
east_dunbartonshire_2017_ward7,ranked-pairs,7,1.0,1.0,1.0,1.0,1.0,1.0,1.0,1.0,1.0,1.0,1.0,1.0,1.0,1.0
south_lanarkshire_2012_ward18,borda,7,1.0,1.0,1.0,1.0,1.0,1.0,1.0,1.0,1.0,1.0,1.0,1.0,1.0,1.0
south_lanarkshire_2012_ward18,3-approval,7,0.9196268713543565,1.0,0.9687858618315355,1.0,1.0,1.0,1.0,1.0,0.9333333333333333,0.9523809523809523,0.8333333333333334,0.9765625,1.0,1.0
south_lanarkshire_2012_ward18,2-approval,7,1.0,1.0,1.0,1.0,1.0,1.0,1.0,1.0,0.9333333333333333,0.9714285714285714,0.0,0.9752604166666666,1.0,1.0
south_lanarkshire_2012_ward18,plurality,7,0.9178633793079986,1.0,0.9674311926605502,1.0,1.0,1.0,1.0,1.0,0.8666666666666667,0.9523809523809523,0.0,0.93203125,1.0,1.0
south_lanarkshire_2012_ward18,stv,7,0.9178633793079986,1.0,0.9674311926605502,1.0,1.0,1.0,1.0,1.0,0.8666666666666667,0.9523809523809523,0.0,0.9375,1.0,1.0
south_lanarkshire_2012_ward18,ranked-pairs,7,1.0,1.0,1.0,1.0,1.0,1.0,1.0,1.0,1.0,1.0,1.0,1.0,1.0,1.0
aberdeenshire_2012_ward17,borda,7,0.8778689283294026,1.0,0.9298416565164435,1.0,0.8778689283294026,1.0,0.9298416565164435,1.0,0.9333333333333333,0.9809523809523809,0.0,0.9549479166666667,1.0,1.0
aberdeenshire_2012_ward17,3-approval,7,0.9139068655532967,1.0,0.964294569799157,1.0,0.9139068655532967,1.0,0.964294569799157,1.0,0.9333333333333333,0.9523809523809523,0.0,0.9208333333333334,1.0,0.8214285714285714
aberdeenshire_2012_ward17,2-approval,7,0.8778689283294026,1.0,0.9298416565164435,1.0,0.8778689283294026,1.0,0.9298416565164435,1.0,0.8666666666666667,0.9428571428571428,0.0,0.9247395833333333,1.0,0.8214285714285714
aberdeenshire_2012_ward17,plurality,7,0.7852205404797811,1.0,0.8025028441410694,1.0,0.7852205404797811,1.0,0.8025028441410694,1.0,0.7333333333333334,0.9523809523809523,0.0,0.7752604166666668,1.0,0.9047619047619048
aberdeenshire_2012_ward17,stv,7,0.7852205404797811,1.0,0.8025028441410694,1.0,0.7852205404797811,1.0,0.8025028441410694,1.0,0.7333333333333334,0.9238095238095239,0.0,0.7888020833333333,1.0,0.869047619047619
aberdeenshire_2012_ward17,ranked-pairs,7,0.943606809190286,1.0,0.9844689378757514,1.0,0.943606809190286,1.0,0.9844689378757514,1.0,0.9333333333333333,0.9904761904761905,0.0,0.9703125,1.0,0.9523809523809524
aberdeen_2022_ward9,borda,7,0.9846549373976077,1.0,0.9988388969521046,1.0,1.0,1.0,1.0,1.0,1.0,1.0,1.0,1.0,1.0,1.0
aberdeen_2022_ward9,3-approval,7,0.9846549373976077,1.0,0.9988388969521046,1.0,1.0,1.0,1.0,1.0,1.0,1.0,0.8333333333333334,0.9971354166666667,1.0,1.0
aberdeen_2022_ward9,2-approval,7,0.7857371524513032,1.0,0.8033259133167473,1.0,1.0,1.0,1.0,1.0,0.8666666666666667,0.9142857142857143,0.0,0.8721354166666666,1.0,1.0
aberdeen_2022_ward9,plurality,7,0.7643756610149628,1.0,0.7685886734300759,1.0,1.0,1.0,1.0,1.0,0.8,0.9428571428571428,0.0,0.8861979166666666,1.0,0.9285714285714286
aberdeen_2022_ward9,stv,7,0.7643756610149628,1.0,0.7685886734300759,1.0,1.0,1.0,1.0,1.0,0.8,0.9238095238095239,0.0,0.8752604166666667,1.0,1.0
aberdeen_2022_ward9,ranked-pairs,7,1.0,1.0,1.0,1.0,1.0,1.0,1.0,1.0,1.0,1.0,1.0,1.0,1.0,1.0
west_dunbartonshire_2017_ward5,borda,7,0.8778346783698344,1.0,0.9298041496994377,1.0,1.0,1.0,1.0,1.0,1.0,1.0,1.0,1.0,1.0,1.0
west_dunbartonshire_2017_ward5,3-approval,7,0.8778346783698344,1.0,0.9298041496994377,1.0,1.0,1.0,1.0,1.0,0.9333333333333333,0.9714285714285714,0.8333333333333334,0.9690104166666667,1.0,1.0
west_dunbartonshire_2017_ward5,2-approval,7,0.8764751534012624,1.0,0.9283084673512884,1.0,0.8764751534012624,1.0,0.9283084673512884,1.0,0.9333333333333333,0.9809523809523809,0.0,0.9286458333333334,1.0,0.9047619047619048
west_dunbartonshire_2017_ward5,plurality,7,0.6597659936287229,1.0,0.5880006382639221,1.0,1.0,1.0,1.0,1.0,0.8,0.9428571428571428,0.0,0.8604166666666666,1.0,0.9523809523809524
west_dunbartonshire_2017_ward5,stv,7,0.6597659936287229,1.0,0.5880006382639221,1.0,1.0,1.0,1.0,1.0,0.8,0.9333333333333333,0.0,0.8768229166666666,1.0,0.9523809523809524
west_dunbartonshire_2017_ward5,ranked-pairs,7,1.0,1.0,1.0,1.0,1.0,1.0,1.0,1.0,1.0,1.0,1.0,1.0,1.0,1.0
falkirk_2017_ward9,borda,7,0.9268397326822775,1.0,0.9740441950192915,1.0,1.0,1.0,1.0,1.0,0.9333333333333333,0.9904761904761905,0.8333333333333334,0.99609375,1.0,1.0
falkirk_2017_ward9,3-approval,7,1.0,1.0,1.0,1.0,1.0,1.0,1.0,1.0,1.0,1.0,0.0,0.9580729166666667,1.0,1.0
falkirk_2017_ward9,2-approval,7,0.868424955290673,1.0,0.9191815856777494,1.0,1.0,1.0,1.0,1.0,0.8,0.9238095238095239,0.0,0.9265625,1.0,1.0
falkirk_2017_ward9,plurality,7,0.868424955290673,1.0,0.9191815856777494,1.0,1.0,1.0,1.0,1.0,0.8,0.9428571428571428,0.0,0.9065104166666667,1.0,0.9285714285714286
falkirk_2017_ward9,stv,7,0.868424955290673,1.0,0.9191815856777494,1.0,1.0,1.0,1.0,1.0,0.8,0.9333333333333333,0.0,0.9020833333333333,1.0,0.9285714285714286
falkirk_2017_ward9,ranked-pairs,7,1.0,1.0,1.0,1.0,1.0,1.0,1.0,1.0,1.0,1.0,1.0,1.0,1.0,1.0
dumgal_2012_ward12,borda,7,0.8785936159277508,1.0,0.9306332512866412,1.0,1.0,1.0,1.0,1.0,1.0,1.0,1.0,1.0,1.0,1.0
dumgal_2012_ward12,3-approval,7,0.8785936159277508,1.0,0.9306332512866412,1.0,1.0,1.0,1.0,1.0,0.9333333333333333,0.9904761904761905,0.0,0.915625,1.0,1.0
dumgal_2012_ward12,2-approval,7,0.8384162857671337,1.0,0.8813781072830351,1.0,0.8384162857671337,1.0,0.8813781072830351,1.0,0.7333333333333334,0.8285714285714285,0.0,0.7213541666666667,1.0,0.8095238095238094
dumgal_2012_ward12,plurality,7,0.7802322930115939,0.985968894029732,0.7945091514143093,0.9990291047904851,0.7802322930115939,0.9267142712322493,0.7945091514143093,0.9739566452498521,0.6666666666666667,0.8761904761904762,0.0,0.7119791666666667,1.0,0.8809523809523808
dumgal_2012_ward12,stv,7,0.8073869694155258,1.0,0.8369171811794763,1.0,0.8073869694155258,1.0,0.8369171811794763,1.0,0.6666666666666667,0.8571428571428572,0.0,0.72578125,1.0,0.8571428571428571
dumgal_2012_ward12,ranked-pairs,7,0.9534745446269886,1.0,0.9893935900391976,1.0,1.0,1.0,1.0,1.0,0.9333333333333333,0.9904761904761905,0.0,0.9703125,1.0,1.0
north_ayrshire_2017_ward3,borda,7,1.0,1.0,1.0,1.0,1.0,1.0,1.0,1.0,1.0,1.0,0.6666666666666667,0.99140625,1.0,1.0
north_ayrshire_2017_ward3,3-approval,7,1.0,1.0,1.0,1.0,1.0,1.0,1.0,1.0,1.0,1.0,1.0,1.0,1.0,1.0
north_ayrshire_2017_ward3,2-approval,7,0.8824379300982007,1.0,0.9347679892400809,1.0,1.0,1.0,1.0,1.0,0.9333333333333333,0.9904761904761905,0.0,0.96484375,1.0,1.0
north_ayrshire_2017_ward3,plurality,7,0.7193015101899352,1.0,0.6918553366656865,1.0,0.7193015101899352,1.0,0.6918553366656865,1.0,0.8,0.9523809523809523,0.0,0.8739583333333333,1.0,0.9047619047619048
north_ayrshire_2017_ward3,stv,7,0.7193015101899352,1.0,0.6918553366656865,1.0,0.8479594249885345,1.0,0.894009216589862,1.0,0.8666666666666667,0.9619047619047619,0.0,0.9036458333333334,1.0,0.9523809523809523
north_ayrshire_2017_ward3,ranked-pairs,7,1.0,1.0,1.0,1.0,1.0,1.0,1.0,1.0,1.0,1.0,1.0,1.0,1.0,1.0
north_lanarkshire_2012_ward7,borda,7,0.9432706400370204,1.0,0.984285166730548,1.0,0.9432706400370204,1.0,0.984285166730548,1.0,0.8666666666666667,0.9714285714285714,0.0,0.93984375,1.0,0.9047619047619048
north_lanarkshire_2012_ward7,3-approval,7,1.0,1.0,1.0,1.0,1.0,1.0,1.0,1.0,1.0,1.0,0.0,0.9609375,1.0,1.0
north_lanarkshire_2012_ward7,2-approval,7,0.8165766514727515,1.0,0.850580875781948,1.0,0.9432706400370204,1.0,0.984285166730548,1.0,0.7333333333333334,0.9142857142857143,0.0,0.8622395833333333,1.0,0.9047619047619048
north_lanarkshire_2012_ward7,plurality,7,0.8990848842243236,1.0,0.9513758009800226,1.0,0.9432706400370204,1.0,0.984285166730548,1.0,0.8666666666666667,0.9428571428571428,0.0,0.8557291666666667,1.0,0.9523809523809523
north_lanarkshire_2012_ward7,stv,7,0.6821181146193402,1.0,0.6269641734758014,1.0,0.9432706400370204,1.0,0.984285166730548,1.0,0.8,0.9047619047619048,0.0,0.8247395833333333,1.0,0.9523809523809523
north_lanarkshire_2012_ward7,ranked-pairs,7,1.0,1.0,1.0,1.0,1.0,1.0,1.0,1.0,1.0,1.0,1.0,1.0,1.0,1.0
west_lothian_2022_ward7,borda,7,1.0,1.0,1.0,1.0,1.0,1.0,1.0,1.0,1.0,1.0,0.6666666666666667,0.9911458333333333,1.0,1.0
west_lothian_2022_ward7,3-approval,7,1.0,1.0,1.0,1.0,1.0,1.0,1.0,1.0,1.0,1.0,0.6666666666666667,0.990625,1.0,1.0
west_lothian_2022_ward7,2-approval,7,0.8592684721293722,1.0,0.9082568807339448,1.0,1.0,1.0,1.0,1.0,0.9333333333333333,0.9619047619047619,0.0,0.9216145833333333,1.0,1.0
west_lothian_2022_ward7,plurality,7,0.6634413907985662,1.0,0.5943874236715603,1.0,0.7517060835532582,1.0,0.7474013954150647,1.0,0.8,0.9333333333333333,0.0,0.8338541666666667,1.0,0.9523809523809523
west_lothian_2022_ward7,stv,7,0.8592684721293722,1.0,0.9082568807339448,1.0,1.0,1.0,1.0,1.0,0.8,0.9142857142857143,0.0,0.8903645833333332,1.0,0.9047619047619049
west_lothian_2022_ward7,ranked-pairs,7,1.0,1.0,1.0,1.0,1.0,1.0,1.0,1.0,1.0,1.0,1.0,1.0,1.0,1.0
sc_borders_2012_ward10,borda,7,1.0,1.0,1.0,1.0,1.0,1.0,1.0,1.0,1.0,1.0,0.6666666666666667,0.98984375,1.0,1.0
sc_borders_2012_ward10,3-approval,7,1.0,1.0,1.0,1.0,1.0,1.0,1.0,1.0,1.0,1.0,0.8333333333333334,0.9848958333333333,1.0,1.0
sc_borders_2012_ward10,2-approval,7,0.8933464535290843,1.0,0.9458943348185872,1.0,1.0,1.0,1.0,1.0,0.8666666666666667,0.9523809523809523,0.0,0.9083333333333333,1.0,1.0
sc_borders_2012_ward10,plurality,7,0.8470887528007834,1.0,0.8928792569659443,1.0,0.8470887528007834,1.0,0.8928792569659443,1.0,0.8666666666666667,0.9809523809523809,0.0,0.9302083333333333,1.0,0.9285714285714286
sc_borders_2012_ward10,stv,7,0.8470887528007834,1.0,0.8928792569659443,1.0,0.8470887528007834,1.0,0.8928792569659443,1.0,0.8666666666666667,0.9619047619047619,0.0,0.9002604166666667,1.0,0.8571428571428571
sc_borders_2012_ward10,ranked-pairs,7,1.0,1.0,1.0,1.0,1.0,1.0,1.0,1.0,1.0,1.0,1.0,1.0,1.0,1.0
edinburgh_2012_ward1,borda,7,1.0,1.0,1.0,1.0,1.0,1.0,1.0,1.0,1.0,1.0,1.0,1.0,1.0,1.0
edinburgh_2012_ward1,3-approval,7,1.0,1.0,1.0,1.0,1.0,1.0,1.0,1.0,0.9333333333333333,0.9714285714285714,0.0,0.9528645833333333,1.0,1.0
edinburgh_2012_ward1,2-approval,7,0.9605926332598623,1.0,0.992375506314034,1.0,1.0,1.0,1.0,1.0,0.9333333333333333,0.9523809523809523,0.0,0.93359375,1.0,1.0
edinburgh_2012_ward1,plurality,7,0.9605926332598623,1.0,0.992375506314034,1.0,1.0,1.0,1.0,1.0,0.9333333333333333,0.9904761904761905,0.0,0.9890625,1.0,1.0
edinburgh_2012_ward1,stv,7,0.9605926332598623,1.0,0.992375506314034,1.0,1.0,1.0,1.0,1.0,1.0,1.0,0.0,0.9895833333333334,1.0,1.0
edinburgh_2012_ward1,ranked-pairs,7,1.0,1.0,1.0,1.0,1.0,1.0,1.0,1.0,1.0,1.0,1.0,1.0,1.0,1.0
south_lanarkshire_2012_ward17,borda,7,0.9124422980995917,1.0,0.9630996309963099,1.0,1.0,1.0,1.0,1.0,0.8666666666666667,0.9428571428571428,0.0,0.9388020833333334,1.0,0.9285714285714286
south_lanarkshire_2012_ward17,3-approval,7,1.0,1.0,1.0,1.0,1.0,1.0,1.0,1.0,0.9333333333333333,0.9904761904761905,0.0,0.9546875,1.0,0.9523809523809523
south_lanarkshire_2012_ward17,2-approval,7,0.8903563499094375,1.0,0.9429354028760556,1.0,1.0,1.0,1.0,1.0,0.9333333333333333,0.9714285714285714,0.0,0.8830729166666667,1.0,0.9285714285714286
south_lanarkshire_2012_ward17,plurality,7,0.8903563499094375,1.0,0.9429354028760556,1.0,1.0,1.0,1.0,1.0,0.8666666666666667,0.9523809523809523,0.0,0.9020833333333333,1.0,0.880952380952381
south_lanarkshire_2012_ward17,stv,7,0.8903563499094375,1.0,0.9429354028760556,1.0,1.0,1.0,1.0,1.0,0.8666666666666667,0.9333333333333333,0.0,0.8848958333333332,1.0,0.9285714285714286
south_lanarkshire_2012_ward17,ranked-pairs,7,1.0,1.0,1.0,1.0,1.0,1.0,1.0,1.0,1.0,1.0,1.0,1.0,1.0,1.0
renfrewshire_2012_ward3,borda,7,1.0,1.0,1.0,1.0,1.0,1.0,1.0,1.0,1.0,1.0,1.0,1.0,1.0,1.0
renfrewshire_2012_ward3,3-approval,7,1.0,1.0,1.0,1.0,1.0,1.0,1.0,1.0,1.0,1.0,1.0,1.0,1.0,1.0
renfrewshire_2012_ward3,2-approval,7,1.0,1.0,1.0,1.0,1.0,1.0,1.0,1.0,1.0,1.0,0.6666666666666667,0.9973958333333334,1.0,1.0
renfrewshire_2012_ward3,plurality,7,0.6395298788033609,1.0,0.5530617899695206,1.0,0.6395298788033609,1.0,0.5530617899695206,1.0,0.7333333333333334,0.9333333333333333,0.0,0.81953125,1.0,0.9047619047619048
renfrewshire_2012_ward3,stv,7,0.8146175985226319,1.0,0.8477006757870448,1.0,1.0,1.0,1.0,1.0,0.8666666666666667,0.9333333333333333,0.0,0.9151041666666666,1.0,0.9047619047619049
renfrewshire_2012_ward3,ranked-pairs,7,1.0,1.0,1.0,1.0,1.0,1.0,1.0,1.0,1.0,1.0,1.0,1.0,1.0,1.0
west_dunbartonshire_2012_ward4,borda,7,0.9223041249019513,1.0,0.9707908514742354,1.0,1.0,1.0,1.0,1.0,1.0,1.0,0.0,0.9869791666666666,1.0,1.0
west_dunbartonshire_2012_ward4,3-approval,7,0.9223041249019513,1.0,0.9707908514742354,1.0,1.0,1.0,1.0,1.0,1.0,1.0,0.8333333333333334,0.9791666666666666,1.0,1.0
west_dunbartonshire_2012_ward4,2-approval,7,0.9223041249019513,1.0,0.9707908514742354,1.0,1.0,1.0,1.0,1.0,1.0,1.0,0.6666666666666667,0.98046875,1.0,1.0
west_dunbartonshire_2012_ward4,plurality,7,0.6814657952067207,1.0,0.6258240509206637,1.0,1.0,1.0,1.0,1.0,0.8666666666666667,0.9619047619047619,0.0,0.9317708333333333,1.0,0.9285714285714286
west_dunbartonshire_2012_ward4,stv,7,0.8056661225938968,1.0,0.8343164914080534,1.0,1.0,1.0,1.0,1.0,0.9333333333333333,0.9809523809523809,0.0,0.9315104166666667,1.0,1.0
west_dunbartonshire_2012_ward4,ranked-pairs,7,1.0,1.0,1.0,1.0,1.0,1.0,1.0,1.0,1.0,1.0,1.0,1.0,1.0,1.0
highland_2017_ward9,borda,7,0.9289168451688103,1.0,0.9754733218588643,1.0,1.0,1.0,1.0,1.0,0.9333333333333333,0.9904761904761905,0.6666666666666667,0.9890625,1.0,1.0
highland_2017_ward9,3-approval,7,0.9476282255434414,1.0,0.9865858935525748,1.0,1.0,1.0,1.0,1.0,0.9333333333333333,0.9619047619047619,0.0,0.9268229166666667,1.0,1.0
highland_2017_ward9,2-approval,7,0.8617920249415565,1.0,0.9113238967527061,1.0,1.0,1.0,1.0,1.0,0.9333333333333333,0.9428571428571428,0.0,0.8598958333333333,1.0,1.0
highland_2017_ward9,plurality,7,0.7596259938696476,1.0,0.7606903163950143,1.0,0.7596259938696476,1.0,0.7606903163950143,1.0,0.8,0.9619047619047619,0.0,0.8885416666666667,1.0,0.9285714285714286
highland_2017_ward9,stv,7,0.8617920249415565,1.0,0.9113238967527061,1.0,1.0,1.0,1.0,1.0,0.9333333333333333,0.9809523809523809,0.0,0.9247395833333334,1.0,1.0
highland_2017_ward9,ranked-pairs,7,1.0,1.0,1.0,1.0,1.0,1.0,1.0,1.0,1.0,1.0,1.0,1.0,1.0,1.0
moray_2017_ward8,borda,7,1.0,1.0,1.0,1.0,1.0,1.0,1.0,1.0,1.0,1.0,0.6666666666666667,0.9921875,1.0,1.0
moray_2017_ward8,3-approval,7,0.8644377809527689,1.0,0.9144939271255063,1.0,1.0,1.0,1.0,1.0,1.0,1.0,0.0,0.9190104166666667,1.0,1.0
moray_2017_ward8,2-approval,7,1.0,1.0,1.0,1.0,1.0,1.0,1.0,1.0,1.0,1.0,0.0,0.8768229166666667,1.0,1.0
moray_2017_ward8,plurality,7,0.73945688827241,1.0,0.7265955893091866,1.0,0.73945688827241,1.0,0.7265955893091866,1.0,0.8666666666666667,0.9619047619047619,0.0,0.91171875,1.0,0.9047619047619048
moray_2017_ward8,stv,7,0.7655638956508434,1.0,0.7705556387599223,1.0,1.0,1.0,1.0,1.0,0.8666666666666667,0.9714285714285714,0.0,0.93125,1.0,0.9523809523809524
moray_2017_ward8,ranked-pairs,7,1.0,1.0,1.0,1.0,1.0,1.0,1.0,1.0,1.0,1.0,1.0,1.0,1.0,1.0
edinburgh_2017_ward16,borda,7,1.0,1.0,1.0,1.0,1.0,1.0,1.0,1.0,0.9333333333333333,0.9904761904761905,0.9,0.9979166666666667,1.0,1.0
edinburgh_2017_ward16,3-approval,7,0.9202788034351287,1.0,0.9692798388450564,1.0,1.0,1.0,1.0,1.0,0.8666666666666667,0.8952380952380953,0.0,0.8489583333333334,1.0,1.0
edinburgh_2017_ward16,2-approval,7,0.9202788034351287,1.0,0.9692798388450564,1.0,1.0,1.0,1.0,1.0,0.9333333333333333,0.9809523809523809,0.0,0.8994791666666666,1.0,1.0
edinburgh_2017_ward16,plurality,7,0.7470941732515816,1.0,0.7396010973530067,1.0,0.7470941732515816,1.0,0.7396010973530067,1.0,0.8,0.9047619047619048,0.0,0.8174479166666666,1.0,0.9523809523809523
edinburgh_2017_ward16,stv,7,0.7470941732515816,1.0,0.7396010973530067,1.0,0.7470941732515816,1.0,0.7396010973530067,1.0,0.8,0.9142857142857143,0.0,0.8223958333333333,1.0,0.9047619047619048
edinburgh_2017_ward16,ranked-pairs,7,1.0,1.0,1.0,1.0,1.0,1.0,1.0,1.0,1.0,1.0,1.0,1.0,1.0,1.0
inverclyde_2012_ward3,borda,7,0.9468967463302446,1.0,0.9862120365194708,1.0,1.0,1.0,1.0,1.0,0.9333333333333333,0.9809523809523809,0.0,0.96171875,1.0,1.0
inverclyde_2012_ward3,3-approval,7,1.0,1.0,1.0,1.0,1.0,1.0,1.0,1.0,1.0,1.0,0.9,0.99921875,1.0,1.0
inverclyde_2012_ward3,2-approval,7,0.9468967463302446,1.0,0.9862120365194708,1.0,1.0,1.0,1.0,1.0,1.0,1.0,0.0,0.965625,1.0,1.0
inverclyde_2012_ward3,plurality,7,0.7844567058333262,1.0,0.8012842176410949,1.0,0.8627279672540534,1.0,0.9124506637961968,1.0,0.8,0.9523809523809523,0.0,0.8942708333333333,1.0,0.9523809523809523
inverclyde_2012_ward3,stv,7,0.7844567058333262,1.0,0.8012842176410949,1.0,0.8627279672540534,1.0,0.9124506637961968,1.0,0.8,0.9619047619047619,0.0,0.8908854166666667,1.0,0.9523809523809523
inverclyde_2012_ward3,ranked-pairs,7,1.0,1.0,1.0,1.0,1.0,1.0,1.0,1.0,1.0,1.0,1.0,1.0,1.0,1.0
south_lanarkshire_2022_ward8,borda,7,0.9184956420018794,1.0,0.9679199724042774,1.0,1.0,1.0,1.0,1.0,0.9333333333333333,0.9904761904761905,0.0,0.9802083333333333,1.0,0.9285714285714286
south_lanarkshire_2022_ward8,3-approval,7,0.9184956420018794,1.0,0.9679199724042774,1.0,1.0,1.0,1.0,1.0,0.9333333333333333,0.9904761904761905,0.0,0.93828125,1.0,0.9285714285714286
south_lanarkshire_2022_ward8,2-approval,7,0.8441812838435246,1.0,0.8890728476821194,1.0,1.0,1.0,1.0,1.0,0.8666666666666667,0.9809523809523809,0.0,0.9018229166666667,1.0,1.0
south_lanarkshire_2022_ward8,plurality,7,0.6164581656944326,1.0,0.5138649329972138,1.0,0.6164581656944326,1.0,0.5138649329972138,1.0,0.8,0.9238095238095239,0.0,0.8419270833333332,1.0,0.8571428571428571
south_lanarkshire_2022_ward8,stv,7,0.6164581656944326,1.0,0.5138649329972138,1.0,1.0,1.0,1.0,1.0,0.8,0.9142857142857143,0.0,0.8390624999999999,1.0,0.9285714285714286
south_lanarkshire_2022_ward8,ranked-pairs,7,1.0,1.0,1.0,1.0,1.0,1.0,1.0,1.0,1.0,1.0,1.0,1.0,1.0,1.0
fife_2012_ward6,borda,7,1.0,1.0,1.0,1.0,1.0,1.0,1.0,1.0,0.9333333333333333,0.9904761904761905,0.0,0.9763020833333333,1.0,1.0
fife_2012_ward6,3-approval,7,1.0,1.0,1.0,1.0,1.0,1.0,1.0,1.0,0.9333333333333333,0.9904761904761905,0.0,0.9575520833333333,1.0,1.0
fife_2012_ward6,2-approval,7,0.9156584161366828,1.0,0.965699689837621,1.0,1.0,1.0,1.0,1.0,0.9333333333333333,0.9904761904761905,0.0,0.9276041666666667,1.0,1.0
fife_2012_ward6,plurality,7,0.7463288862103339,1.0,0.7383026782833172,1.0,0.7463288862103339,1.0,0.7383026782833172,1.0,0.8,0.9333333333333333,0.0,0.8731770833333332,1.0,0.9523809523809523
fife_2012_ward6,stv,7,0.703711561379424,1.0,0.6647095179233622,1.0,0.7463288862103339,1.0,0.7383026782833172,1.0,0.6,0.8380952380952381,0.0,0.7976562500000001,1.0,0.9523809523809523
fife_2012_ward6,ranked-pairs,7,1.0,1.0,1.0,1.0,1.0,1.0,1.0,1.0,1.0,1.0,1.0,1.0,1.0,1.0
argyll_bute_2017_ward8,borda,7,1.0,1.0,1.0,1.0,1.0,1.0,1.0,1.0,1.0,1.0,0.0,0.9609375,1.0,1.0
argyll_bute_2017_ward8,3-approval,7,1.0,1.0,1.0,1.0,1.0,1.0,1.0,1.0,1.0,1.0,0.0,0.9395833333333333,1.0,1.0
argyll_bute_2017_ward8,2-approval,7,0.8738466555059248,1.0,0.9253789350952194,1.0,0.8738466555059248,1.0,0.9253789350952194,1.0,1.0,1.0,0.0,0.8661458333333333,1.0,1.0
argyll_bute_2017_ward8,plurality,7,0.7941840440254129,1.0,0.8166483314998166,1.0,0.7941840440254129,1.0,0.8166483314998166,1.0,0.8666666666666667,0.9238095238095239,0.0,0.7752604166666668,1.0,0.9285714285714286
argyll_bute_2017_ward8,stv,7,0.7391859791561592,1.0,0.7261324041811845,1.0,0.8712095840933538,1.0,0.9223903764066743,1.0,0.8,0.9142857142857143,0.0,0.7611979166666668,1.0,0.8571428571428571
argyll_bute_2017_ward8,ranked-pairs,7,1.0,1.0,1.0,1.0,1.0,1.0,1.0,1.0,1.0,1.0,1.0,1.0,1.0,1.0
sc_borders_2017_ward7,borda,7,0.9428613474108737,1.0,0.9840600093764651,1.0,1.0,1.0,1.0,1.0,0.9333333333333333,0.9809523809523809,0.0,0.975,1.0,1.0
sc_borders_2017_ward7,3-approval,7,0.9902135676454394,1.0,0.9995275218521145,1.0,1.0,1.0,1.0,1.0,0.8666666666666667,0.9523809523809523,0.0,0.8684895833333333,1.0,1.0
sc_borders_2017_ward7,2-approval,7,0.8102403321515488,1.0,0.8412007831194258,1.0,0.883561822069343,1.0,0.9359560841720037,1.0,0.8,0.9333333333333333,0.0,0.8036458333333333,1.0,0.8571428571428571
sc_borders_2017_ward7,plurality,7,0.7853874732546808,1.0,0.8027689030883919,1.0,0.883561822069343,1.0,0.9359560841720037,1.0,0.8,0.9523809523809523,0.0,0.8611979166666666,1.0,1.0
sc_borders_2017_ward7,stv,7,0.883561822069343,1.0,0.9359560841720037,1.0,0.883561822069343,1.0,0.9359560841720037,1.0,0.8,0.9619047619047619,0.0,0.9130208333333334,1.0,1.0
sc_borders_2017_ward7,ranked-pairs,7,0.9902135676454394,1.0,0.9995275218521145,1.0,1.0,1.0,1.0,1.0,0.9333333333333333,0.9904761904761905,0.0,0.9703125,1.0,1.0
argyll_bute_2017_ward9,borda,7,0.984478073713237,1.0,0.9988119988119987,1.0,1.0,1.0,1.0,1.0,0.9333333333333333,0.9904761904761905,0.0,0.9619791666666666,1.0,1.0
argyll_bute_2017_ward9,3-approval,7,0.940814902261333,1.0,0.9829110194460813,1.0,1.0,1.0,1.0,1.0,1.0,1.0,0.0,0.9270833333333333,1.0,1.0
argyll_bute_2017_ward9,2-approval,7,0.7806274358857981,1.0,0.7951453720992264,1.0,1.0,1.0,1.0,1.0,0.9333333333333333,0.9714285714285714,0.0,0.8809895833333333,1.0,1.0
argyll_bute_2017_ward9,plurality,7,0.7038878719440054,1.0,0.665017318159327,1.0,0.7556129679899067,1.0,0.7539744592129267,1.0,0.9333333333333333,0.9809523809523809,0.0,0.9106770833333333,1.0,1.0
argyll_bute_2017_ward9,stv,7,0.7556129679899067,1.0,0.7539744592129267,1.0,0.7556129679899067,1.0,0.7539744592129267,1.0,0.9333333333333333,0.9809523809523809,0.0,0.9419270833333333,1.0,0.8571428571428571
argyll_bute_2017_ward9,ranked-pairs,7,1.0,1.0,1.0,1.0,1.0,1.0,1.0,1.0,1.0,1.0,1.0,1.0,1.0,1.0
stirling_2017_ward2,borda,7,0.9495086299538421,1.0,0.9875239923224567,1.0,0.9495086299538421,1.0,0.9875239923224567,1.0,1.0,1.0,0.0,0.98359375,1.0,1.0
stirling_2017_ward2,3-approval,7,0.9495086299538421,1.0,0.9875239923224567,1.0,0.9495086299538421,1.0,0.9875239923224567,1.0,1.0,1.0,0.0,0.9153645833333334,1.0,1.0
stirling_2017_ward2,2-approval,7,0.856822065881722,1.0,0.90524379024839,1.0,0.9495086299538421,1.0,0.9875239923224567,1.0,0.8666666666666667,0.9523809523809523,0.0,0.9114583333333334,1.0,1.0
stirling_2017_ward2,plurality,7,0.856822065881722,1.0,0.90524379024839,1.0,1.0,1.0,1.0,1.0,0.8666666666666667,0.9619047619047619,0.0,0.8953125,1.0,0.9285714285714286
stirling_2017_ward2,stv,7,0.856822065881722,1.0,0.90524379024839,1.0,1.0,1.0,1.0,1.0,0.8666666666666667,0.9428571428571428,0.0,0.8890625,1.0,0.9285714285714286
stirling_2017_ward2,ranked-pairs,7,1.0,1.0,1.0,1.0,1.0,1.0,1.0,1.0,1.0,1.0,1.0,1.0,1.0,1.0
south_lanarkshire_2022_ward1,borda,7,0.8799020776173182,1.0,0.9320527897556512,1.0,0.8799020776173182,1.0,0.9320527897556512,1.0,0.8666666666666667,0.9714285714285714,0.6666666666666667,0.9723958333333333,1.0,0.9523809523809524
south_lanarkshire_2022_ward1,3-approval,7,0.9508381926367709,1.0,0.9881672717493611,1.0,1.0,1.0,1.0,1.0,0.9333333333333333,0.9714285714285714,0.0,0.9395833333333333,1.0,1.0
south_lanarkshire_2022_ward1,2-approval,7,1.0,1.0,1.0,1.0,1.0,1.0,1.0,1.0,0.9333333333333333,0.9714285714285714,0.0,0.9692708333333333,1.0,0.9523809523809523
south_lanarkshire_2022_ward1,plurality,7,0.7483819751988207,1.0,0.741783484509365,1.0,0.8799020776173182,1.0,0.9320527897556512,1.0,0.8,0.9047619047619048,0.0,0.8236979166666667,1.0,0.9523809523809524
south_lanarkshire_2022_ward1,stv,7,0.7483819751988207,1.0,0.741783484509365,1.0,0.8799020776173182,1.0,0.9320527897556512,1.0,0.7333333333333334,0.9047619047619048,0.0,0.83671875,1.0,0.9523809523809524
south_lanarkshire_2022_ward1,ranked-pairs,7,1.0,1.0,1.0,1.0,1.0,1.0,1.0,1.0,1.0,1.0,1.0,1.0,1.0,1.0
inverclyde_2022_ward5,borda,7,1.0,1.0,1.0,1.0,1.0,1.0,1.0,1.0,0.9333333333333333,0.9904761904761905,0.6666666666666667,0.990625,1.0,1.0
inverclyde_2022_ward5,3-approval,7,1.0,1.0,1.0,1.0,1.0,1.0,1.0,1.0,1.0,1.0,1.0,1.0,1.0,1.0
inverclyde_2022_ward5,2-approval,7,0.8392420773815417,1.0,0.8824921135646688,1.0,1.0,1.0,1.0,1.0,0.8666666666666667,0.9619047619047619,0.0,0.9177083333333333,1.0,1.0
inverclyde_2022_ward5,plurality,7,0.7502143288447555,1.0,0.7448830409356724,1.0,1.0,1.0,1.0,1.0,0.8,0.9428571428571428,0.0,0.87734375,1.0,1.0
inverclyde_2022_ward5,stv,7,0.7502143288447555,1.0,0.7448830409356724,1.0,1.0,1.0,1.0,1.0,0.8,0.9142857142857143,0.0,0.8546874999999999,1.0,1.0
inverclyde_2022_ward5,ranked-pairs,7,1.0,1.0,1.0,1.0,1.0,1.0,1.0,1.0,1.0,1.0,1.0,1.0,1.0,1.0
north_lanarkshire_2017_ward13,borda,7,1.0,1.0,1.0,1.0,1.0,1.0,1.0,1.0,0.9333333333333333,0.9619047619047619,0.0,0.9645833333333333,1.0,0.8333333333333333
north_lanarkshire_2017_ward13,3-approval,7,1.0,1.0,1.0,1.0,1.0,1.0,1.0,1.0,0.9333333333333333,0.9714285714285714,0.0,0.95078125,1.0,0.8809523809523808
north_lanarkshire_2017_ward13,2-approval,7,0.8544624648284715,1.0,0.9023010184835911,1.0,1.0,1.0,1.0,1.0,0.8666666666666667,0.9619047619047619,0.0,0.8932291666666666,1.0,1.0
north_lanarkshire_2017_ward13,plurality,7,0.6917136448102191,1.0,0.64374185136897,1.0,0.6917136448102191,1.0,0.64374185136897,1.0,0.6666666666666667,0.9238095238095239,0.0,0.7083333333333333,1.0,0.9047619047619048
north_lanarkshire_2017_ward13,stv,7,0.6975724115127127,1.0,0.6539849130862578,1.0,0.8544624648284715,1.0,0.9023010184835911,1.0,0.6666666666666667,0.8952380952380953,0.0,0.7786458333333334,1.0,0.9047619047619048
north_lanarkshire_2017_ward13,ranked-pairs,7,1.0,1.0,1.0,1.0,1.0,1.0,1.0,1.0,1.0,1.0,1.0,1.0,1.0,1.0
dumgal_2022_ward11,borda,7,1.0,1.0,1.0,1.0,1.0,1.0,1.0,1.0,1.0,1.0,1.0,1.0,1.0,1.0
dumgal_2022_ward11,3-approval,7,1.0,1.0,1.0,1.0,1.0,1.0,1.0,1.0,1.0,1.0,0.8333333333333334,0.98515625,1.0,1.0
dumgal_2022_ward11,2-approval,7,0.7916993180362953,1.0,0.812756551941901,1.0,1.0,1.0,1.0,1.0,0.8,0.9047619047619048,0.0,0.8031250000000001,1.0,1.0
dumgal_2022_ward11,plurality,7,0.7871863387736057,1.0,0.8056298160088065,1.0,0.7871863387736057,1.0,0.8056298160088065,1.0,0.8,0.9523809523809523,0.0,0.8695312499999999,1.0,0.9047619047619048
dumgal_2022_ward11,stv,7,0.7663855365807154,1.0,0.7719135802469135,1.0,0.7871863387736057,1.0,0.8056298160088065,1.0,0.8666666666666667,0.9333333333333333,0.0,0.8494791666666666,1.0,0.9047619047619048
dumgal_2022_ward11,ranked-pairs,7,1.0,1.0,1.0,1.0,1.0,1.0,1.0,1.0,1.0,1.0,1.0,1.0,1.0,1.0
glasgow_2022_ward20,borda,7,0.8438115538735312,1.0,0.8885851880775737,1.0,1.0,1.0,1.0,1.0,0.9333333333333333,0.9809523809523809,0.0,0.97265625,1.0,1.0
glasgow_2022_ward20,3-approval,7,1.0,1.0,1.0,1.0,1.0,1.0,1.0,1.0,1.0,1.0,0.8333333333333334,0.9869791666666666,1.0,1.0
glasgow_2022_ward20,2-approval,7,0.8094177312179718,1.0,0.8399695663200609,1.0,0.8672317042303122,1.0,0.9177901136664021,1.0,0.8666666666666667,0.9142857142857143,0.0,0.8294270833333333,1.0,0.8333333333333333
glasgow_2022_ward20,plurality,7,0.6404836728953466,1.0,0.5546983820850745,1.0,0.6404836728953466,1.0,0.5546983820850745,1.0,0.8,0.9333333333333333,0.0,0.8341145833333332,1.0,0.8571428571428571
glasgow_2022_ward20,stv,7,0.6404836728953466,1.0,0.5546983820850745,1.0,0.6404836728953466,1.0,0.5546983820850745,1.0,0.8,0.9047619047619048,0.0,0.828125,1.0,0.8095238095238095
glasgow_2022_ward20,ranked-pairs,7,1.0,1.0,1.0,1.0,1.0,1.0,1.0,1.0,1.0,1.0,1.0,1.0,1.0,1.0
clackmannanshire_2012_ward1,borda,7,1.0,1.0,1.0,1.0,1.0,1.0,1.0,1.0,1.0,1.0,1.0,1.0,1.0,1.0
clackmannanshire_2012_ward1,3-approval,7,1.0,1.0,1.0,1.0,1.0,1.0,1.0,1.0,1.0,1.0,1.0,1.0,1.0,1.0
clackmannanshire_2012_ward1,2-approval,7,0.7492183627493187,1.0,0.7431991294885746,1.0,1.0,1.0,1.0,1.0,0.8666666666666667,0.9523809523809523,0.0,0.9216145833333333,1.0,1.0
clackmannanshire_2012_ward1,plurality,7,0.6437218213585066,1.0,0.5602629656683711,1.0,0.7761741981223724,1.0,0.7879464285714286,1.0,0.8,0.9238095238095239,0.0,0.8513020833333332,1.0,0.9523809523809523
clackmannanshire_2012_ward1,stv,7,0.7761741981223724,1.0,0.7879464285714286,1.0,0.7761741981223724,1.0,0.7879464285714286,1.0,0.8666666666666667,0.9714285714285714,0.0,0.8838541666666666,1.0,0.9523809523809523
clackmannanshire_2012_ward1,ranked-pairs,7,1.0,1.0,1.0,1.0,1.0,1.0,1.0,1.0,1.0,1.0,1.0,1.0,1.0,1.0
highland_2017_ward8,borda,7,0.9064049665881946,1.0,0.957983193277311,1.0,1.0,1.0,1.0,1.0,1.0,1.0,1.0,1.0,1.0,1.0
highland_2017_ward8,3-approval,7,0.9064049665881946,1.0,0.957983193277311,1.0,1.0,1.0,1.0,1.0,1.0,1.0,0.8333333333333334,0.9986979166666666,1.0,1.0
highland_2017_ward8,2-approval,7,0.9786010655146462,1.0,0.9977436823104693,1.0,1.0,1.0,1.0,1.0,1.0,1.0,0.0,0.9598958333333333,1.0,1.0
highland_2017_ward8,plurality,7,0.6923231885891067,1.0,0.6448077280326955,1.0,0.6923231885891067,1.0,0.6448077280326955,1.0,0.8666666666666667,0.9714285714285714,0.0,0.90703125,1.0,0.9047619047619048
highland_2017_ward8,stv,7,0.8081548418435266,1.0,0.8380734897238946,1.0,1.0,1.0,1.0,1.0,0.9333333333333333,0.9714285714285714,0.0,0.9330729166666667,1.0,1.0
highland_2017_ward8,ranked-pairs,7,1.0,1.0,1.0,1.0,1.0,1.0,1.0,1.0,1.0,1.0,1.0,1.0,1.0,1.0
edinburgh_2022_ward6,borda,7,0.9613076833338242,1.0,0.9926483458778225,1.0,0.9613076833338242,1.0,0.9926483458778225,1.0,0.9333333333333333,0.9809523809523809,0.0,0.9609375,1.0,0.9047619047619049
edinburgh_2022_ward6,3-approval,7,0.9613076833338242,1.0,0.9926483458778225,1.0,0.9613076833338242,1.0,0.9926483458778225,1.0,0.8666666666666667,0.9714285714285714,0.0,0.9390625,1.0,0.8571428571428571
edinburgh_2022_ward6,2-approval,7,0.8762152410459467,1.0,0.9280210009314929,1.0,0.894291379869521,1.0,0.9468148781530569,1.0,0.8666666666666667,0.9428571428571428,0.0,0.8026041666666668,1.0,0.8571428571428571
edinburgh_2022_ward6,plurality,7,0.5489004680459145,1.0,0.40499845726627587,1.0,0.5489004680459145,1.0,0.40499845726627587,1.0,0.8,0.9238095238095239,0.0,0.8335937499999999,1.0,0.6904761904761905
edinburgh_2022_ward6,stv,7,0.894291379869521,1.0,0.9468148781530569,1.0,0.894291379869521,1.0,0.9468148781530569,1.0,0.8666666666666667,0.9809523809523809,0.0,0.9221354166666667,1.0,1.0
edinburgh_2022_ward6,ranked-pairs,7,1.0,1.0,1.0,1.0,1.0,1.0,1.0,1.0,1.0,1.0,1.0,1.0,1.0,1.0
clackmannanshire_2022_ward1,borda,7,1.0,1.0,1.0,1.0,1.0,1.0,1.0,1.0,0.8666666666666667,0.9809523809523809,0.33333333333333337,0.9770833333333333,1.0,1.0
clackmannanshire_2022_ward1,3-approval,7,0.906511126761999,1.0,0.958075786079011,1.0,1.0,1.0,1.0,1.0,0.8666666666666667,0.9619047619047619,0.0,0.9119791666666667,1.0,1.0
clackmannanshire_2022_ward1,2-approval,7,0.8115515917414288,1.0,0.8431570958765494,1.0,0.8115515917414288,1.0,0.8431570958765494,1.0,0.9333333333333333,0.9714285714285714,0.0,0.8786458333333333,1.0,0.9523809523809523
clackmannanshire_2022_ward1,plurality,7,0.72283005423142,1.0,0.6979725005826147,1.0,0.8115515917414288,1.0,0.8431570958765494,1.0,0.8666666666666667,0.9333333333333333,0.0,0.8182291666666667,1.0,0.9523809523809523
clackmannanshire_2022_ward1,stv,7,0.72283005423142,1.0,0.6979725005826147,1.0,0.8115515917414288,1.0,0.8431570958765494,1.0,0.8,0.9238095238095239,0.0,0.8442708333333333,1.0,0.9523809523809523
clackmannanshire_2022_ward1,ranked-pairs,7,1.0,1.0,1.0,1.0,1.0,1.0,1.0,1.0,1.0,1.0,1.0,1.0,1.0,1.0
renfrewshire_2017_ward10,borda,7,0.9111309382970461,1.0,0.9620142882035195,1.0,0.9111309382970461,1.0,0.9620142882035195,1.0,0.9333333333333333,0.9904761904761905,0.6666666666666667,0.9880208333333333,1.0,0.9523809523809523
renfrewshire_2017_ward10,3-approval,7,0.9497529052261446,1.0,0.9876434245366282,1.0,1.0,1.0,1.0,1.0,0.9333333333333333,0.9523809523809523,0.0,0.9052083333333334,1.0,1.0
renfrewshire_2017_ward10,2-approval,7,0.8768686224211794,1.0,0.9287427201096266,1.0,1.0,1.0,1.0,1.0,0.8666666666666667,0.9238095238095239,0.0,0.8390624999999999,1.0,0.9047619047619048
renfrewshire_2017_ward10,plurality,7,0.7955444545301158,1.0,0.818769181069294,1.0,0.9111309382970461,1.0,0.9620142882035195,1.0,0.8,0.9238095238095239,0.0,0.8067708333333333,1.0,0.9166666666666666
renfrewshire_2017_ward10,stv,7,0.7955444545301158,1.0,0.818769181069294,1.0,0.9111309382970461,1.0,0.9620142882035195,1.0,0.7333333333333334,0.9238095238095239,0.0,0.7921875,1.0,0.9523809523809523
renfrewshire_2017_ward10,ranked-pairs,7,1.0,1.0,1.0,1.0,1.0,1.0,1.0,1.0,1.0,1.0,1.0,1.0,1.0,1.0
east_lothian_2017_ward5,borda,7,1.0,1.0,1.0,1.0,1.0,1.0,1.0,1.0,1.0,1.0,1.0,1.0,1.0,1.0
east_lothian_2017_ward5,3-approval,7,0.9259224635162708,1.0,0.9734008866371121,1.0,0.9259224635162708,1.0,0.9734008866371121,1.0,0.9333333333333333,0.9523809523809523,0.0,0.9440104166666666,1.0,0.7857142857142857
east_lothian_2017_ward5,2-approval,7,0.8546627646445647,1.0,0.9025522041763341,1.0,0.9259224635162708,1.0,0.9734008866371121,1.0,0.9333333333333333,0.9904761904761905,0.0,0.8815104166666666,1.0,1.0
east_lothian_2017_ward5,plurality,7,0.782816556651354,1.0,0.7986608173631958,1.0,0.9259224635162708,1.0,0.9734008866371121,1.0,0.8666666666666667,0.9238095238095239,0.0,0.8796875,1.0,0.9047619047619049
east_lothian_2017_ward5,stv,7,0.782816556651354,1.0,0.7986608173631958,1.0,0.9259224635162708,1.0,0.9734008866371121,1.0,0.8666666666666667,0.9142857142857143,0.0,0.8794270833333333,1.0,0.9523809523809524
east_lothian_2017_ward5,ranked-pairs,7,1.0,1.0,1.0,1.0,1.0,1.0,1.0,1.0,1.0,1.0,1.0,1.0,1.0,1.0
south_ayrshire_2012_ward4,borda,7,0.9591967654109662,1.0,0.991828793774319,1.0,1.0,1.0,1.0,1.0,0.9333333333333333,0.9904761904761905,0.6666666666666667,0.98671875,1.0,0.9523809523809523
south_ayrshire_2012_ward4,3-approval,7,0.9591967654109662,1.0,0.991828793774319,1.0,1.0,1.0,1.0,1.0,0.9333333333333333,0.9904761904761905,0.8333333333333334,0.9901041666666667,1.0,1.0
south_ayrshire_2012_ward4,2-approval,7,0.8521978463889354,1.0,0.899443413729128,1.0,0.8521978463889354,1.0,0.899443413729128,1.0,0.8,0.9047619047619048,0.0,0.8351562499999999,1.0,0.9047619047619048
south_ayrshire_2012_ward4,plurality,7,0.8819533176655636,1.0,0.934252786699414,1.0,0.8819533176655636,1.0,0.934252786699414,1.0,0.8,0.9047619047619048,0.0,0.82734375,1.0,0.9523809523809523
south_ayrshire_2012_ward4,stv,7,0.9591967654109662,1.0,0.991828793774319,1.0,1.0,1.0,1.0,1.0,0.8,0.9333333333333333,0.0,0.8692708333333332,1.0,0.9523809523809523
south_ayrshire_2012_ward4,ranked-pairs,7,1.0,1.0,1.0,1.0,1.0,1.0,1.0,1.0,1.0,1.0,1.0,1.0,1.0,1.0
highland_2012_ward15,borda,7,1.0,1.0,1.0,1.0,1.0,1.0,1.0,1.0,1.0,1.0,1.0,1.0,1.0,1.0
highland_2012_ward15,3-approval,7,1.0,1.0,1.0,1.0,1.0,1.0,1.0,1.0,1.0,1.0,0.9,0.9984375,1.0,1.0
highland_2012_ward15,2-approval,7,1.0,1.0,1.0,1.0,1.0,1.0,1.0,1.0,1.0,1.0,0.6666666666666667,0.99609375,1.0,1.0
highland_2012_ward15,plurality,7,1.0,1.0,1.0,1.0,1.0,1.0,1.0,1.0,0.9333333333333333,0.9904761904761905,0.6666666666666667,0.9890625,1.0,1.0
highland_2012_ward15,stv,7,1.0,1.0,1.0,1.0,1.0,1.0,1.0,1.0,0.9333333333333333,0.9904761904761905,0.6666666666666667,0.9911458333333333,1.0,0.9523809523809523
highland_2012_ward15,ranked-pairs,7,1.0,1.0,1.0,1.0,1.0,1.0,1.0,1.0,1.0,1.0,1.0,1.0,1.0,1.0
highland_2017_ward16,borda,7,0.90766052171113,1.0,0.9590723055934518,1.0,0.90766052171113,1.0,0.9590723055934518,1.0,0.9333333333333333,0.9904761904761905,0.0,0.9786458333333333,1.0,0.9285714285714286
highland_2017_ward16,3-approval,7,1.0,1.0,1.0,1.0,1.0,1.0,1.0,1.0,1.0,1.0,0.0,0.9236979166666667,1.0,1.0
highland_2017_ward16,2-approval,7,1.0,1.0,1.0,1.0,1.0,1.0,1.0,1.0,0.9333333333333333,0.9619047619047619,0.0,0.9502604166666666,1.0,0.9523809523809524
highland_2017_ward16,plurality,7,0.90766052171113,1.0,0.9590723055934518,1.0,0.90766052171113,1.0,0.9590723055934518,1.0,0.9333333333333333,0.9714285714285714,0.0,0.91640625,1.0,0.9285714285714286
highland_2017_ward16,stv,7,0.8422337104209686,1.0,0.8864950078822912,1.0,0.90766052171113,1.0,0.9590723055934518,1.0,0.8666666666666667,0.9428571428571428,0.0,0.90078125,1.0,0.9285714285714286
highland_2017_ward16,ranked-pairs,7,1.0,1.0,1.0,1.0,1.0,1.0,1.0,1.0,1.0,1.0,1.0,1.0,1.0,1.0
west_dunbartonshire_2017_ward3,borda,7,0.950872411673516,1.0,0.9881836085441599,1.0,1.0,1.0,1.0,1.0,0.9333333333333333,0.9904761904761905,0.0,0.96640625,1.0,1.0
west_dunbartonshire_2017_ward3,3-approval,7,0.950872411673516,1.0,0.9881836085441599,1.0,1.0,1.0,1.0,1.0,1.0,1.0,0.0,0.9453125,1.0,1.0
west_dunbartonshire_2017_ward3,2-approval,7,0.7672097026546327,1.0,0.7732738819078503,1.0,1.0,1.0,1.0,1.0,0.9333333333333333,0.9523809523809523,0.0,0.8833333333333333,1.0,1.0
west_dunbartonshire_2017_ward3,plurality,7,0.670996749717779,1.0,0.607545320921117,1.0,0.670996749717779,1.0,0.607545320921117,1.0,0.6666666666666667,0.9047619047619048,0.0,0.8070312500000001,1.0,0.869047619047619
west_dunbartonshire_2017_ward3,stv,7,0.670996749717779,1.0,0.607545320921117,1.0,0.670996749717779,1.0,0.607545320921117,1.0,0.7333333333333334,0.8666666666666667,0.0,0.8315104166666667,1.0,0.7261904761904762
west_dunbartonshire_2017_ward3,ranked-pairs,7,1.0,1.0,1.0,1.0,1.0,1.0,1.0,1.0,1.0,1.0,1.0,1.0,1.0,1.0
fife_2012_ward3,borda,7,1.0,1.0,1.0,1.0,1.0,1.0,1.0,1.0,1.0,1.0,0.0,0.9796875,1.0,1.0
fife_2012_ward3,3-approval,7,0.8338308052642232,1.0,0.8751222693185523,1.0,0.8338308052642232,1.0,0.8751222693185523,1.0,1.0,1.0,1.0,1.0,1.0,1.0
fife_2012_ward3,2-approval,7,0.8338308052642232,1.0,0.8751222693185523,1.0,0.868474469071846,1.0,0.9192391122976805,1.0,0.8,0.9142857142857143,0.0,0.9078124999999999,1.0,0.8214285714285714
fife_2012_ward3,plurality,7,0.7975965081475392,1.0,0.8219546966576904,1.0,1.0,1.0,1.0,1.0,0.8666666666666667,0.9333333333333333,0.0,0.8700520833333333,1.0,0.9523809523809523
fife_2012_ward3,stv,7,0.8525586777501927,1.0,0.8999008919722498,1.0,1.0,1.0,1.0,1.0,0.8666666666666667,0.9238095238095239,0.0,0.8942708333333332,1.0,0.9523809523809523
fife_2012_ward3,ranked-pairs,7,1.0,1.0,1.0,1.0,1.0,1.0,1.0,1.0,1.0,1.0,1.0,1.0,1.0,1.0
dundee_2012_ward3,borda,7,1.0,1.0,1.0,1.0,1.0,1.0,1.0,1.0,1.0,1.0,1.0,1.0,1.0,1.0
dundee_2012_ward3,3-approval,7,1.0,1.0,1.0,1.0,1.0,1.0,1.0,1.0,1.0,1.0,1.0,1.0,1.0,1.0
dundee_2012_ward3,2-approval,7,0.8646825604849795,1.0,0.9147848317000427,1.0,1.0,1.0,1.0,1.0,1.0,1.0,0.0,0.9572916666666667,1.0,1.0
dundee_2012_ward3,plurality,7,0.7203142007762955,1.0,0.6936122102882983,1.0,0.7203142007762955,1.0,0.6936122102882983,1.0,0.8666666666666667,0.9714285714285714,0.0,0.9223958333333333,1.0,0.9523809523809523
dundee_2012_ward3,stv,7,0.8646825604849795,1.0,0.9147848317000427,1.0,1.0,1.0,1.0,1.0,0.9333333333333333,0.9809523809523809,0.0,0.9440104166666667,1.0,0.9523809523809523
dundee_2012_ward3,ranked-pairs,7,1.0,1.0,1.0,1.0,1.0,1.0,1.0,1.0,1.0,1.0,1.0,1.0,1.0,1.0
fife_2017_ward19,borda,7,0.9448723074844436,1.0,0.9851513420902339,1.0,1.0,1.0,1.0,1.0,1.0,1.0,1.0,1.0,1.0,1.0
fife_2017_ward19,3-approval,7,0.9448723074844436,1.0,0.9851513420902339,1.0,1.0,1.0,1.0,1.0,1.0,1.0,0.8,0.9690104166666667,1.0,1.0
fife_2017_ward19,2-approval,7,0.8368522077558125,1.0,0.8792575238781762,1.0,1.0,1.0,1.0,1.0,0.9333333333333333,0.9809523809523809,0.0,0.9375,1.0,1.0
fife_2017_ward19,plurality,7,0.7485481265030763,1.0,0.742064817908453,1.0,1.0,1.0,1.0,1.0,0.8,0.9333333333333333,0.0,0.875,1.0,0.9047619047619048
fife_2017_ward19,stv,7,0.6318163136341334,1.0,0.5398700531600709,1.0,0.6680076761486796,1.0,0.6023355869698831,1.0,0.8666666666666667,0.9238095238095239,0.0,0.8236979166666666,1.0,0.8571428571428571
fife_2017_ward19,ranked-pairs,7,1.0,1.0,1.0,1.0,1.0,1.0,1.0,1.0,1.0,1.0,1.0,1.0,1.0,1.0
east_renfrewshire_2012_ward5,borda,7,1.0,1.0,1.0,1.0,1.0,1.0,1.0,1.0,1.0,1.0,0.0,0.9791666666666666,1.0,1.0
east_renfrewshire_2012_ward5,3-approval,7,1.0,1.0,1.0,1.0,1.0,1.0,1.0,1.0,0.9333333333333333,0.9714285714285714,0.0,0.9528645833333333,1.0,1.0
east_renfrewshire_2012_ward5,2-approval,7,0.79941382016221,1.0,0.8247619047619049,1.0,1.0,1.0,1.0,1.0,0.9333333333333333,0.9809523809523809,0.0,0.9346354166666667,1.0,1.0
east_renfrewshire_2012_ward5,plurality,7,0.5784076146642575,1.0,0.45129525829419787,1.0,0.5937178063430517,1.0,0.4761171032357474,1.0,0.8666666666666667,0.9619047619047619,0.0,0.9197916666666667,1.0,0.8571428571428571
east_renfrewshire_2012_ward5,stv,7,0.5937178063430517,1.0,0.4761171032357474,1.0,0.5937178063430517,1.0,0.4761171032357474,1.0,0.9333333333333333,0.9809523809523809,0.0,0.9609375,1.0,0.8571428571428571
east_renfrewshire_2012_ward5,ranked-pairs,7,1.0,1.0,1.0,1.0,1.0,1.0,1.0,1.0,1.0,1.0,1.0,1.0,1.0,1.0
argyll_bute_2022_ward9,borda,7,1.0,1.0,1.0,1.0,1.0,1.0,1.0,1.0,1.0,1.0,1.0,1.0,1.0,1.0
argyll_bute_2022_ward9,3-approval,7,1.0,1.0,1.0,1.0,1.0,1.0,1.0,1.0,1.0,1.0,0.6666666666666667,0.9778645833333334,1.0,1.0
argyll_bute_2022_ward9,2-approval,7,0.9027821442804397,1.0,0.9547677261613691,1.0,1.0,1.0,1.0,1.0,0.8666666666666667,0.9428571428571428,0.0,0.8627604166666666,1.0,1.0
argyll_bute_2022_ward9,plurality,7,0.7809226946749599,1.0,0.7956204379562044,1.0,0.7809226946749599,1.0,0.7956204379562044,1.0,0.9333333333333333,0.9809523809523809,0.0,0.88515625,1.0,0.880952380952381
argyll_bute_2022_ward9,stv,7,0.7809226946749599,1.0,0.7956204379562044,1.0,0.7809226946749599,1.0,0.7956204379562044,1.0,0.9333333333333333,0.9714285714285714,0.0,0.8916666666666667,1.0,0.9285714285714286
argyll_bute_2022_ward9,ranked-pairs,7,1.0,1.0,1.0,1.0,1.0,1.0,1.0,1.0,1.0,1.0,1.0,1.0,1.0,1.0
falkirk_2022_ward6,borda,7,1.0,1.0,1.0,1.0,1.0,1.0,1.0,1.0,1.0,1.0,1.0,1.0,1.0,1.0
falkirk_2022_ward6,3-approval,7,1.0,1.0,1.0,1.0,1.0,1.0,1.0,1.0,1.0,1.0,1.0,1.0,1.0,1.0
falkirk_2022_ward6,2-approval,7,0.7637529964676759,1.0,0.7675564681724848,1.0,1.0,1.0,1.0,1.0,0.9333333333333333,0.9809523809523809,0.0,0.9609375,1.0,1.0
falkirk_2022_ward6,plurality,7,0.6240077899970775,1.0,0.526602033577678,1.0,0.6625825816706561,1.0,0.5928941524796448,1.0,0.8,0.9428571428571428,0.0,0.8661458333333333,1.0,0.9523809523809523
falkirk_2022_ward6,stv,7,0.6625825816706561,1.0,0.5928941524796448,1.0,0.6625825816706561,1.0,0.5928941524796448,1.0,0.8,0.9238095238095239,0.0,0.8713541666666667,1.0,0.8214285714285714
falkirk_2022_ward6,ranked-pairs,7,1.0,1.0,1.0,1.0,1.0,1.0,1.0,1.0,1.0,1.0,1.0,1.0,1.0,1.0
sc_borders_2022_ward5,borda,7,1.0,1.0,1.0,1.0,1.0,1.0,1.0,1.0,1.0,1.0,1.0,1.0,1.0,1.0
sc_borders_2022_ward5,3-approval,7,1.0,1.0,1.0,1.0,1.0,1.0,1.0,1.0,1.0,1.0,0.8333333333333334,0.99609375,1.0,1.0
sc_borders_2022_ward5,2-approval,7,0.8693879167769784,1.0,0.9202973363617593,1.0,1.0,1.0,1.0,1.0,0.9333333333333333,0.9904761904761905,0.0,0.9575520833333333,1.0,1.0
sc_borders_2022_ward5,plurality,7,0.7997754539942326,1.0,0.8253189401373896,1.0,0.7997754539942326,1.0,0.8253189401373896,1.0,0.9333333333333333,0.9904761904761905,0.0,0.9348958333333334,1.0,1.0
sc_borders_2022_ward5,stv,7,0.7997754539942326,1.0,0.8253189401373896,1.0,0.7997754539942326,1.0,0.8253189401373896,1.0,0.9333333333333333,0.9809523809523809,0.0,0.9315104166666667,1.0,0.9285714285714286
sc_borders_2022_ward5,ranked-pairs,7,1.0,1.0,1.0,1.0,1.0,1.0,1.0,1.0,1.0,1.0,1.0,1.0,1.0,1.0
dundee_2022_ward7,borda,7,0.9702237979114695,1.0,0.9956374212312168,1.0,1.0,1.0,1.0,1.0,1.0,1.0,1.0,1.0,1.0,1.0
dundee_2022_ward7,3-approval,7,0.9702237979114695,1.0,0.9956374212312168,1.0,1.0,1.0,1.0,1.0,1.0,1.0,0.8333333333333334,0.98828125,1.0,1.0
dundee_2022_ward7,2-approval,7,0.7659134524858527,1.0,0.7711335771133578,1.0,1.0,1.0,1.0,1.0,0.8666666666666667,0.9619047619047619,0.0,0.875,1.0,1.0
dundee_2022_ward7,plurality,7,0.7541649934543637,1.0,0.7515422250584983,1.0,1.0,1.0,1.0,1.0,0.8666666666666667,0.9523809523809523,0.0,0.8817708333333333,1.0,1.0
dundee_2022_ward7,stv,7,0.7541649934543637,1.0,0.7515422250584983,1.0,1.0,1.0,1.0,1.0,0.8666666666666667,0.9428571428571428,0.0,0.8609374999999999,1.0,1.0
dundee_2022_ward7,ranked-pairs,7,1.0,1.0,1.0,1.0,1.0,1.0,1.0,1.0,1.0,1.0,1.0,1.0,1.0,1.0
south_ayrshire_2022_ward8,borda,7,0.9612613189988235,1.0,0.9926308032424467,1.0,1.0,1.0,1.0,1.0,0.8666666666666667,0.9619047619047619,0.0,0.9328125,1.0,1.0
south_ayrshire_2022_ward8,3-approval,7,0.9612613189988235,1.0,0.9926308032424467,1.0,1.0,1.0,1.0,1.0,0.9333333333333333,0.9619047619047619,0.0,0.9205729166666667,1.0,1.0
south_ayrshire_2022_ward8,2-approval,7,0.9612613189988235,1.0,0.9926308032424467,1.0,1.0,1.0,1.0,1.0,1.0,1.0,0.0,0.94609375,1.0,1.0
south_ayrshire_2022_ward8,plurality,7,0.9612613189988235,1.0,0.9926308032424467,1.0,1.0,1.0,1.0,1.0,0.9333333333333333,0.9809523809523809,0.0,0.9455729166666667,1.0,0.9523809523809523
south_ayrshire_2022_ward8,stv,7,0.9612613189988235,1.0,0.9926308032424467,1.0,1.0,1.0,1.0,1.0,0.9333333333333333,0.9714285714285714,0.0,0.9359375,1.0,1.0
south_ayrshire_2022_ward8,ranked-pairs,7,1.0,1.0,1.0,1.0,1.0,1.0,1.0,1.0,1.0,1.0,1.0,1.0,1.0,1.0
stirling_2017_ward7,borda,7,0.8958061296267114,1.0,0.9482758620689657,1.0,1.0,1.0,1.0,1.0,1.0,1.0,0.6666666666666667,0.9934895833333334,1.0,1.0
stirling_2017_ward7,3-approval,7,1.0,1.0,1.0,1.0,1.0,1.0,1.0,1.0,0.9333333333333333,0.9619047619047619,0.0,0.89453125,1.0,1.0
stirling_2017_ward7,2-approval,7,0.854013637822233,1.0,0.9017372421281217,1.0,1.0,1.0,1.0,1.0,0.9333333333333333,0.9809523809523809,0.0,0.9059895833333333,1.0,1.0
stirling_2017_ward7,plurality,7,0.7200122372298876,1.0,0.6930884485258579,1.0,1.0,1.0,1.0,1.0,0.8666666666666667,0.9428571428571428,0.0,0.8864583333333332,1.0,0.9285714285714286
stirling_2017_ward7,stv,7,0.7200122372298876,1.0,0.6930884485258579,1.0,1.0,1.0,1.0,1.0,0.8666666666666667,0.9428571428571428,0.0,0.9026041666666667,1.0,0.9285714285714286
stirling_2017_ward7,ranked-pairs,7,1.0,1.0,1.0,1.0,1.0,1.0,1.0,1.0,1.0,1.0,1.0,1.0,1.0,1.0
east_ayrshire_2022_ward3,borda,7,0.8979522804949638,1.0,0.9503146737330243,1.0,1.0,1.0,1.0,1.0,0.9333333333333333,0.9809523809523809,0.6666666666666667,0.9848958333333333,1.0,1.0
east_ayrshire_2022_ward3,3-approval,7,1.0,1.0,1.0,1.0,1.0,1.0,1.0,1.0,1.0,1.0,0.0,0.9765625,1.0,1.0
east_ayrshire_2022_ward3,2-approval,7,0.8979522804949638,1.0,0.9503146737330243,1.0,1.0,1.0,1.0,1.0,0.9333333333333333,0.9809523809523809,0.6666666666666667,0.96953125,1.0,1.0
east_ayrshire_2022_ward3,plurality,7,0.7710931389975204,1.0,0.7796584554934259,1.0,1.0,1.0,1.0,1.0,0.8666666666666667,0.9619047619047619,0.0,0.9015625,1.0,1.0
east_ayrshire_2022_ward3,stv,7,0.7710931389975204,1.0,0.7796584554934259,1.0,1.0,1.0,1.0,1.0,0.8,0.9428571428571428,0.0,0.8947916666666667,1.0,1.0
east_ayrshire_2022_ward3,ranked-pairs,7,1.0,1.0,1.0,1.0,1.0,1.0,1.0,1.0,1.0,1.0,1.0,1.0,1.0,1.0
dumgal_2017_ward10,borda,7,0.9403981745268748,1.0,0.9826723142087024,1.0,1.0,1.0,1.0,1.0,0.9333333333333333,0.9904761904761905,0.9,0.9986979166666666,1.0,1.0
dumgal_2017_ward10,3-approval,7,0.9403981745268748,1.0,0.9826723142087024,1.0,1.0,1.0,1.0,1.0,1.0,1.0,0.8333333333333334,0.9986979166666666,1.0,1.0
dumgal_2017_ward10,2-approval,7,0.8176548569747228,1.0,0.8521582733812951,1.0,0.8176548569747228,1.0,0.8521582733812951,1.0,0.8666666666666667,0.9238095238095239,0.0,0.8677083333333333,1.0,0.8214285714285714
dumgal_2017_ward10,plurality,7,0.7344703719476667,1.0,0.7180513847180516,1.0,0.8176548569747228,1.0,0.8521582733812951,1.0,0.8666666666666667,0.9714285714285714,0.0,0.89296875,1.0,1.0
dumgal_2017_ward10,stv,7,0.8176548569747228,1.0,0.8521582733812951,1.0,0.8176548569747228,1.0,0.8521582733812951,1.0,0.8666666666666667,0.9523809523809523,0.0,0.9197916666666667,1.0,1.0
dumgal_2017_ward10,ranked-pairs,7,1.0,1.0,1.0,1.0,1.0,1.0,1.0,1.0,1.0,1.0,1.0,1.0,1.0,1.0
perth_kinross_2012_ward11,borda,7,0.9200516246052333,1.0,0.9691081215744893,1.0,0.9200516246052333,1.0,0.9691081215744893,1.0,0.8666666666666667,0.9714285714285714,0.0,0.9458333333333333,1.0,0.9047619047619048
perth_kinross_2012_ward11,3-approval,7,0.9751882593044509,1.0,0.9969681657402728,1.0,1.0,1.0,1.0,1.0,1.0,1.0,0.8333333333333334,0.9940104166666667,1.0,1.0
perth_kinross_2012_ward11,2-approval,7,0.835515778675574,1.0,0.8774346793349169,1.0,0.835515778675574,1.0,0.8774346793349169,1.0,0.6666666666666667,0.9142857142857143,0.0,0.8192708333333334,1.0,0.9047619047619048
perth_kinross_2012_ward11,plurality,7,0.631271152974374,1.0,0.5389408099688474,1.0,0.9200516246052333,1.0,0.9691081215744893,1.0,0.8,0.9333333333333333,0.0,0.865625,1.0,0.9523809523809523
perth_kinross_2012_ward11,stv,7,0.631271152974374,1.0,0.5389408099688474,1.0,0.9200516246052333,1.0,0.9691081215744893,1.0,0.8,0.8761904761904762,0.0,0.85390625,1.0,0.9047619047619048
perth_kinross_2012_ward11,ranked-pairs,7,1.0,1.0,1.0,1.0,1.0,1.0,1.0,1.0,1.0,1.0,1.0,1.0,1.0,1.0
sc_borders_2012_ward11,borda,7,1.0,1.0,1.0,1.0,1.0,1.0,1.0,1.0,1.0,1.0,1.0,1.0,1.0,1.0
sc_borders_2012_ward11,3-approval,7,1.0,1.0,1.0,1.0,1.0,1.0,1.0,1.0,1.0,1.0,1.0,1.0,1.0,1.0
sc_borders_2012_ward11,2-approval,7,0.940785599296567,1.0,0.9828942866917552,1.0,1.0,1.0,1.0,1.0,0.9333333333333333,0.9904761904761905,0.0,0.96171875,1.0,1.0
sc_borders_2012_ward11,plurality,7,0.940785599296567,1.0,0.9828942866917552,1.0,1.0,1.0,1.0,1.0,1.0,1.0,0.0,0.9856770833333334,1.0,1.0
sc_borders_2012_ward11,stv,7,0.940785599296567,1.0,0.9828942866917552,1.0,1.0,1.0,1.0,1.0,1.0,1.0,0.0,0.97578125,1.0,1.0
sc_borders_2012_ward11,ranked-pairs,7,1.0,1.0,1.0,1.0,1.0,1.0,1.0,1.0,1.0,1.0,1.0,1.0,1.0,1.0
perth_kinross_2017_ward5,borda,7,0.9418602789538421,1.0,0.9835027815077689,1.0,0.9624142314822794,1.0,0.9930609097918272,1.0,1.0,1.0,0.9,0.9979166666666667,1.0,1.0
perth_kinross_2017_ward5,3-approval,7,0.9418602789538421,1.0,0.9835027815077689,1.0,0.9624142314822794,1.0,0.9930609097918272,1.0,0.8666666666666667,0.9523809523809523,0.0,0.9039062499999999,1.0,1.0
perth_kinross_2017_ward5,2-approval,7,0.9418602789538421,1.0,0.9835027815077689,1.0,0.9624142314822794,1.0,0.9930609097918272,1.0,0.8666666666666667,0.9619047619047619,0.6666666666666667,0.93125,1.0,1.0
perth_kinross_2017_ward5,plurality,7,0.9418602789538421,1.0,0.9835027815077689,1.0,0.9624142314822794,1.0,0.9930609097918272,1.0,0.8666666666666667,0.9333333333333333,0.0,0.8934895833333333,1.0,0.9285714285714286
perth_kinross_2017_ward5,stv,7,0.8512930094484987,1.0,0.89829263814944,1.0,0.9624142314822794,1.0,0.9930609097918272,1.0,0.8666666666666667,0.9333333333333333,0.0,0.8747395833333332,1.0,0.9285714285714286
perth_kinross_2017_ward5,ranked-pairs,7,1.0,1.0,1.0,1.0,1.0,1.0,1.0,1.0,1.0,1.0,1.0,1.0,1.0,1.0
edinburgh_2012_ward10,borda,7,1.0,1.0,1.0,1.0,1.0,1.0,1.0,1.0,0.9333333333333333,0.9714285714285714,0.0,0.9604166666666667,1.0,1.0
edinburgh_2012_ward10,3-approval,7,0.9937725804572984,1.0,0.9998086490623803,1.0,1.0,1.0,1.0,1.0,0.9333333333333333,0.9809523809523809,0.8333333333333334,0.9848958333333333,1.0,1.0
edinburgh_2012_ward10,2-approval,7,1.0,1.0,1.0,1.0,1.0,1.0,1.0,1.0,1.0,1.0,0.0,0.9533854166666667,1.0,1.0
edinburgh_2012_ward10,plurality,7,0.8059830013223275,1.0,0.8347963483146067,1.0,0.8059830013223275,1.0,0.8347963483146067,1.0,0.8666666666666667,0.9809523809523809,0.0,0.9380208333333333,1.0,0.9523809523809524
edinburgh_2012_ward10,stv,7,0.8059830013223275,1.0,0.8347963483146067,1.0,0.8059830013223275,1.0,0.8347963483146067,1.0,0.8666666666666667,0.9714285714285714,0.0,0.9434895833333333,1.0,0.9047619047619048
edinburgh_2012_ward10,ranked-pairs,7,1.0,1.0,1.0,1.0,1.0,1.0,1.0,1.0,1.0,1.0,1.0,1.0,1.0,1.0
sc_borders_2022_ward11,borda,7,1.0,1.0,1.0,1.0,1.0,1.0,1.0,1.0,1.0,1.0,1.0,1.0,1.0,1.0
sc_borders_2022_ward11,3-approval,7,1.0,1.0,1.0,1.0,1.0,1.0,1.0,1.0,1.0,1.0,0.8333333333333334,0.9947916666666666,1.0,1.0
sc_borders_2022_ward11,2-approval,7,0.876038514973477,1.0,0.9278252611585948,1.0,1.0,1.0,1.0,1.0,0.9333333333333333,0.9714285714285714,0.0,0.9557291666666666,1.0,1.0
sc_borders_2022_ward11,plurality,7,0.7082439344499928,1.0,0.6726174127986816,1.0,0.7082439344499928,1.0,0.6726174127986816,1.0,0.8,0.9333333333333333,0.0,0.8453124999999999,1.0,0.9285714285714286
sc_borders_2022_ward11,stv,7,0.7082439344499928,1.0,0.6726174127986816,1.0,0.7082439344499928,1.0,0.6726174127986816,1.0,0.8666666666666667,0.9523809523809523,0.0,0.8820312499999999,1.0,0.8571428571428571
sc_borders_2022_ward11,ranked-pairs,7,1.0,1.0,1.0,1.0,1.0,1.0,1.0,1.0,1.0,1.0,1.0,1.0,1.0,1.0
dumgal_2017_ward6,borda,7,0.9285220987115859,1.0,0.9752046783625731,1.0,1.0,1.0,1.0,1.0,0.9333333333333333,0.9904761904761905,0.0,0.9716145833333333,1.0,1.0
dumgal_2017_ward6,3-approval,7,0.9285220987115859,1.0,0.9752046783625731,1.0,1.0,1.0,1.0,1.0,0.8666666666666667,0.9428571428571428,0.0,0.9239583333333333,1.0,1.0
dumgal_2017_ward6,2-approval,7,0.8855462646945926,1.0,0.9380307551067248,1.0,1.0,1.0,1.0,1.0,0.8666666666666667,0.9428571428571428,0.0,0.9002604166666667,1.0,1.0
dumgal_2017_ward6,plurality,7,0.8065488670305779,1.0,0.8356521739130436,1.0,1.0,1.0,1.0,1.0,0.8,0.9333333333333333,0.0,0.8502604166666665,1.0,0.9523809523809523
dumgal_2017_ward6,stv,7,0.836319188237046,1.0,0.87853170189099,1.0,1.0,1.0,1.0,1.0,0.8666666666666667,0.9428571428571428,0.0,0.8859374999999999,1.0,0.9523809523809523
dumgal_2017_ward6,ranked-pairs,7,1.0,1.0,1.0,1.0,1.0,1.0,1.0,1.0,1.0,1.0,1.0,1.0,1.0,1.0
edinburgh_2022_ward8,borda,7,1.0,1.0,1.0,1.0,1.0,1.0,1.0,1.0,1.0,1.0,1.0,1.0,1.0,1.0
edinburgh_2022_ward8,3-approval,7,1.0,1.0,1.0,1.0,1.0,1.0,1.0,1.0,1.0,1.0,0.8333333333333334,0.9822916666666667,1.0,1.0
edinburgh_2022_ward8,2-approval,7,0.7925232216132403,1.0,0.8140495867768598,1.0,0.7925232216132403,1.0,0.8140495867768598,1.0,0.8666666666666667,0.9523809523809523,0.0,0.9065104166666667,1.0,0.7619047619047619
edinburgh_2022_ward8,plurality,7,0.7548920783533581,1.0,0.7527641277641277,1.0,0.7548920783533581,1.0,0.7527641277641277,1.0,0.8666666666666667,0.9523809523809523,0.0,0.88671875,1.0,0.8571428571428571
edinburgh_2022_ward8,stv,7,0.7548920783533581,1.0,0.7527641277641277,1.0,0.7548920783533581,1.0,0.7527641277641277,1.0,0.8666666666666667,0.9714285714285714,0.0,0.8885416666666666,1.0,0.8571428571428571
edinburgh_2022_ward8,ranked-pairs,7,1.0,1.0,1.0,1.0,1.0,1.0,1.0,1.0,1.0,1.0,1.0,1.0,1.0,1.0
fife_2017_ward7,borda,7,1.0,1.0,1.0,1.0,1.0,1.0,1.0,1.0,1.0,1.0,1.0,1.0,1.0,1.0
fife_2017_ward7,3-approval,7,1.0,1.0,1.0,1.0,1.0,1.0,1.0,1.0,1.0,1.0,0.6666666666666667,0.97578125,1.0,1.0
fife_2017_ward7,2-approval,7,0.8226595128063803,1.0,0.8594059405940593,1.0,1.0,1.0,1.0,1.0,0.9333333333333333,0.9809523809523809,0.0,0.9479166666666666,1.0,1.0
fife_2017_ward7,plurality,7,0.7602469391675942,1.0,0.7617260787992495,1.0,0.7602469391675942,1.0,0.7617260787992495,1.0,0.8666666666666667,0.9523809523809523,0.0,0.9091145833333333,1.0,0.9523809523809523
fife_2017_ward7,stv,7,0.7602469391675942,1.0,0.7617260787992495,1.0,0.7602469391675942,1.0,0.7617260787992495,1.0,0.8666666666666667,0.9333333333333333,0.0,0.9234375,1.0,0.9523809523809523
fife_2017_ward7,ranked-pairs,7,1.0,1.0,1.0,1.0,1.0,1.0,1.0,1.0,1.0,1.0,1.0,1.0,1.0,1.0
aberdeen_2012_ward13,borda,7,1.0,1.0,1.0,1.0,1.0,1.0,1.0,1.0,1.0,1.0,1.0,1.0,1.0,1.0
aberdeen_2012_ward13,3-approval,7,1.0,1.0,1.0,1.0,1.0,1.0,1.0,1.0,1.0,1.0,1.0,1.0,1.0,1.0
aberdeen_2012_ward13,2-approval,7,0.8258852016490672,1.0,0.8640109890109887,1.0,1.0,1.0,1.0,1.0,0.9333333333333333,0.9523809523809523,0.0,0.9557291666666666,1.0,1.0
aberdeen_2012_ward13,plurality,7,0.6737093535952744,1.0,0.6122772277227722,1.0,0.7703901879389125,1.0,0.7785058977719527,1.0,0.8666666666666667,0.9714285714285714,0.0,0.8846354166666667,1.0,0.9285714285714286
aberdeen_2012_ward13,stv,7,0.7703901879389125,1.0,0.7785058977719527,1.0,0.7703901879389125,1.0,0.7785058977719527,1.0,0.9333333333333333,0.9619047619047619,0.0,0.9015625,1.0,0.9285714285714286
aberdeen_2012_ward13,ranked-pairs,7,1.0,1.0,1.0,1.0,1.0,1.0,1.0,1.0,1.0,1.0,1.0,1.0,1.0,1.0
renfrewshire_2017_ward7,borda,7,0.9511429450852352,1.0,0.9883123782539401,1.0,1.0,1.0,1.0,1.0,1.0,1.0,0.0,0.9815104166666667,1.0,1.0
renfrewshire_2017_ward7,3-approval,7,1.0,1.0,1.0,1.0,1.0,1.0,1.0,1.0,1.0,1.0,0.0,0.8854166666666666,1.0,1.0
renfrewshire_2017_ward7,2-approval,7,0.7439866455328072,1.0,0.7343219029966018,1.0,1.0,1.0,1.0,1.0,0.6666666666666667,0.8952380952380953,0.0,0.8776041666666666,1.0,0.9047619047619048
renfrewshire_2017_ward7,plurality,7,0.734058954009592,1.0,0.7173447537473232,1.0,0.734058954009592,1.0,0.7173447537473232,1.0,0.8,0.9333333333333333,0.0,0.8317708333333333,1.0,0.9166666666666666
renfrewshire_2017_ward7,stv,7,0.7439866455328072,1.0,0.7343219029966018,1.0,1.0,1.0,1.0,1.0,0.8,0.9142857142857143,0.0,0.8520833333333333,1.0,1.0
renfrewshire_2017_ward7,ranked-pairs,7,1.0,1.0,1.0,1.0,1.0,1.0,1.0,1.0,1.0,1.0,1.0,1.0,1.0,1.0
glasgow_2017_ward22,borda,7,0.818512161684494,1.0,0.8534085084572014,1.0,0.8853577463540506,1.0,0.9378349410503752,1.0,0.9333333333333333,0.9904761904761905,0.6666666666666667,0.9885416666666667,1.0,1.0
glasgow_2017_ward22,3-approval,7,1.0,1.0,1.0,1.0,1.0,1.0,1.0,1.0,0.9333333333333333,0.9809523809523809,0.0,0.8997395833333334,1.0,0.8571428571428571
glasgow_2017_ward22,2-approval,7,0.7507189424980811,1.0,0.7457354361120052,1.0,0.8853577463540506,1.0,0.9378349410503752,1.0,0.8666666666666667,0.9619047619047619,0.0,0.8721354166666666,1.0,0.8571428571428571
glasgow_2017_ward22,plurality,7,0.5944552373156731,1.0,0.4773253438649054,1.0,0.818512161684494,1.0,0.8534085084572014,1.0,0.7333333333333334,0.9142857142857143,0.0,0.8244791666666667,1.0,0.8571428571428571
glasgow_2017_ward22,stv,7,0.5944552373156731,1.0,0.4773253438649054,1.0,0.818512161684494,1.0,0.8534085084572014,1.0,0.7333333333333334,0.8857142857142857,0.0,0.7747395833333335,1.0,0.8571428571428571
glasgow_2017_ward22,ranked-pairs,7,1.0,1.0,1.0,1.0,1.0,1.0,1.0,1.0,1.0,1.0,1.0,1.0,1.0,1.0
north_lanarkshire_2022_ward1,borda,7,0.9297075399023775,1.0,0.9760072430964238,1.0,1.0,1.0,1.0,1.0,1.0,1.0,1.0,1.0,1.0,1.0
north_lanarkshire_2022_ward1,3-approval,7,0.9297075399023775,1.0,0.9760072430964238,1.0,1.0,1.0,1.0,1.0,1.0,1.0,0.8333333333333334,0.9973958333333334,1.0,1.0
north_lanarkshire_2022_ward1,2-approval,7,0.8108831479761883,1.0,0.8421607934163324,1.0,1.0,1.0,1.0,1.0,1.0,1.0,0.0,0.959375,1.0,1.0
north_lanarkshire_2022_ward1,plurality,7,0.735720516539932,1.0,0.7201970443349754,1.0,1.0,1.0,1.0,1.0,0.8666666666666667,0.9428571428571428,0.0,0.8554687499999999,1.0,0.9285714285714286
north_lanarkshire_2022_ward1,stv,7,0.735720516539932,1.0,0.7201970443349754,1.0,1.0,1.0,1.0,1.0,0.8,0.9047619047619048,0.0,0.83984375,1.0,0.9285714285714286
north_lanarkshire_2022_ward1,ranked-pairs,7,1.0,1.0,1.0,1.0,1.0,1.0,1.0,1.0,1.0,1.0,1.0,1.0,1.0,1.0
south_ayrshire_2012_ward5,borda,7,0.9111365822696905,1.0,0.9620189905047476,1.0,0.9111365822696905,1.0,0.9620189905047476,1.0,0.9333333333333333,0.9523809523809523,0.0,0.9536458333333333,1.0,0.9523809523809523
south_ayrshire_2012_ward5,3-approval,7,0.8558025836239537,1.0,0.9039767216294858,1.0,0.8558025836239537,1.0,0.9039767216294858,1.0,1.0,1.0,0.8333333333333334,0.9947916666666666,1.0,1.0
south_ayrshire_2012_ward5,2-approval,7,0.8260166591101864,1.0,0.8641975308641974,1.0,1.0,1.0,1.0,1.0,0.9333333333333333,0.9809523809523809,0.0,0.8854166666666667,1.0,1.0
south_ayrshire_2012_ward5,plurality,7,0.6899275291306085,1.0,0.6406184705390723,1.0,0.8260166591101864,1.0,0.8641975308641974,1.0,0.8666666666666667,0.9238095238095239,0.0,0.84453125,1.0,0.9523809523809523
south_ayrshire_2012_ward5,stv,7,0.8260166591101864,1.0,0.8641975308641974,1.0,0.8260166591101864,1.0,0.8641975308641974,1.0,0.8,0.9428571428571428,0.0,0.8565104166666666,1.0,0.9523809523809523
south_ayrshire_2012_ward5,ranked-pairs,7,1.0,1.0,1.0,1.0,1.0,1.0,1.0,1.0,1.0,1.0,1.0,1.0,1.0,1.0
renfrewshire_2017_ward5,borda,7,0.893144538553359,1.0,0.9456967213114751,1.0,1.0,1.0,1.0,1.0,0.9333333333333333,0.9809523809523809,0.0,0.95546875,1.0,0.9285714285714286
renfrewshire_2017_ward5,3-approval,7,0.9232041432296946,1.0,0.97145081754477,1.0,1.0,1.0,1.0,1.0,0.8666666666666667,0.9714285714285714,0.0,0.8752604166666667,1.0,1.0
renfrewshire_2017_ward5,2-approval,7,0.7601686539802255,1.0,0.7615955473098329,1.0,1.0,1.0,1.0,1.0,0.8666666666666667,0.9619047619047619,0.0,0.8541666666666666,1.0,1.0
renfrewshire_2017_ward5,plurality,7,0.6690914046249273,1.0,0.6042238648363252,1.0,0.6690914046249273,1.0,0.6042238648363252,1.0,0.8,0.9238095238095239,0.0,0.8278645833333333,1.0,0.8095238095238095
renfrewshire_2017_ward5,stv,7,0.6690914046249273,1.0,0.6042238648363252,1.0,1.0,1.0,1.0,1.0,0.8,0.9238095238095239,0.0,0.8617187499999999,1.0,0.9285714285714286
renfrewshire_2017_ward5,ranked-pairs,7,1.0,1.0,1.0,1.0,1.0,1.0,1.0,1.0,1.0,1.0,1.0,1.0,1.0,1.0
dumgal_2022_ward1,borda,7,0.9009008340858643,1.0,0.9530556142947768,1.0,1.0,1.0,1.0,1.0,0.9333333333333333,0.9904761904761905,0.0,0.9520833333333333,1.0,1.0
dumgal_2022_ward1,3-approval,7,0.9009008340858643,1.0,0.9530556142947768,1.0,1.0,1.0,1.0,1.0,0.8666666666666667,0.9619047619047619,0.0,0.8997395833333333,1.0,0.9523809523809524
dumgal_2022_ward1,2-approval,7,0.9009008340858643,1.0,0.9530556142947768,1.0,1.0,1.0,1.0,1.0,0.9333333333333333,0.9809523809523809,0.0,0.90234375,1.0,1.0
dumgal_2022_ward1,plurality,7,0.7186048444399897,1.0,0.6906461651107451,1.0,0.807142181228637,1.0,0.8365480214754423,1.0,0.7333333333333334,0.8952380952380953,0.0,0.8122395833333333,1.0,0.9047619047619048
dumgal_2022_ward1,stv,7,0.7186048444399897,1.0,0.6906461651107451,1.0,1.0,1.0,1.0,1.0,0.8,0.9238095238095239,0.0,0.8713541666666665,1.0,0.9047619047619048
dumgal_2022_ward1,ranked-pairs,7,1.0,1.0,1.0,1.0,1.0,1.0,1.0,1.0,1.0,1.0,1.0,1.0,1.0,1.0
aberdeen_2017_ward1,borda,7,1.0,1.0,1.0,1.0,1.0,1.0,1.0,1.0,0.8666666666666667,0.9333333333333333,0.0,0.9213541666666667,1.0,1.0
aberdeen_2017_ward1,3-approval,7,0.9429093083422244,1.0,0.9840864735024771,1.0,0.9429093083422244,1.0,0.9840864735024771,1.0,0.9333333333333333,0.9523809523809523,0.0,0.8877604166666666,1.0,0.7857142857142857
aberdeen_2017_ward1,2-approval,7,0.8965378223493149,1.0,0.9489750774222093,1.0,0.9014787637688141,1.0,0.9535846267553585,1.0,0.7333333333333334,0.9047619047619048,0.0,0.8065104166666666,1.0,0.869047619047619
aberdeen_2017_ward1,plurality,7,0.8965378223493149,1.0,0.9489750774222093,1.0,0.9014787637688141,1.0,0.9535846267553585,1.0,0.5333333333333333,0.8761904761904762,0.0,0.80859375,1.0,0.8571428571428571
aberdeen_2017_ward1,stv,7,0.7948142467219438,1.0,0.8176316875257874,1.0,0.9014787637688141,1.0,0.9535846267553585,1.0,0.8,0.9238095238095239,0.0,0.8145833333333334,1.0,0.9047619047619048
aberdeen_2017_ward1,ranked-pairs,7,1.0,1.0,1.0,1.0,1.0,1.0,1.0,1.0,1.0,1.0,1.0,1.0,1.0,1.0
midlothian_2017_ward6,borda,7,0.885270968093251,1.0,0.9377447141738449,1.0,1.0,1.0,1.0,1.0,0.8666666666666667,0.9714285714285714,0.0,0.9453125,1.0,1.0
midlothian_2017_ward6,3-approval,7,0.8834609112789065,1.0,0.9358497946411107,1.0,1.0,1.0,1.0,1.0,0.9333333333333333,0.9523809523809523,0.0,0.9309895833333334,1.0,1.0
midlothian_2017_ward6,2-approval,7,0.8656995933505771,1.0,0.9159891598915988,1.0,0.8656995933505771,1.0,0.9159891598915988,1.0,0.8666666666666667,0.9238095238095239,0.0,0.8192708333333334,1.0,0.8333333333333333
midlothian_2017_ward6,plurality,7,0.6862240325842617,1.0,0.6341423146772329,1.0,0.6862240325842617,1.0,0.6341423146772329,1.0,0.7333333333333334,0.9333333333333333,0.0,0.7822916666666667,1.0,0.8571428571428571
midlothian_2017_ward6,stv,7,0.6862240325842617,1.0,0.6341423146772329,1.0,0.6862240325842617,1.0,0.6341423146772329,1.0,0.7333333333333334,0.8857142857142857,0.0,0.7598958333333334,1.0,0.8571428571428571
midlothian_2017_ward6,ranked-pairs,7,1.0,1.0,1.0,1.0,1.0,1.0,1.0,1.0,1.0,1.0,1.0,1.0,1.0,1.0
dundee_2017_ward5,borda,7,0.8786485209886163,1.0,0.9306930693069309,1.0,1.0,1.0,1.0,1.0,1.0,1.0,0.8333333333333334,0.9979166666666667,1.0,1.0
dundee_2017_ward5,3-approval,7,0.8976185022009775,1.0,0.9500000000000001,1.0,1.0,1.0,1.0,1.0,0.9333333333333333,0.9809523809523809,0.0,0.928125,1.0,1.0
dundee_2017_ward5,2-approval,7,0.8786485209886163,1.0,0.9306930693069309,1.0,1.0,1.0,1.0,1.0,0.9333333333333333,0.9523809523809523,0.0,0.9192708333333334,1.0,1.0
dundee_2017_ward5,plurality,7,0.7346863021320489,1.0,0.7184221569450274,1.0,1.0,1.0,1.0,1.0,0.9333333333333333,0.9714285714285714,0.0,0.9283854166666667,1.0,1.0
dundee_2017_ward5,stv,7,0.8786485209886163,1.0,0.9306930693069309,1.0,1.0,1.0,1.0,1.0,0.9333333333333333,0.9904761904761905,0.0,0.95390625,1.0,1.0
dundee_2017_ward5,ranked-pairs,7,1.0,1.0,1.0,1.0,1.0,1.0,1.0,1.0,1.0,1.0,1.0,1.0,1.0,1.0
midlothian_2017_ward2,borda,7,0.9369827429881773,1.0,0.9806558863533322,1.0,1.0,1.0,1.0,1.0,0.9333333333333333,0.9714285714285714,0.0,0.9205729166666667,1.0,1.0
midlothian_2017_ward2,3-approval,7,0.8523966824613772,1.0,0.8996956080591388,1.0,0.8523966824613772,1.0,0.8996956080591388,1.0,0.9333333333333333,0.9904761904761905,0.0,0.94609375,1.0,1.0
midlothian_2017_ward2,2-approval,7,0.8865261596426236,1.0,0.9390442373132118,1.0,1.0,1.0,1.0,1.0,0.9333333333333333,0.9619047619047619,0.0,0.8817708333333333,1.0,1.0
midlothian_2017_ward2,plurality,7,0.7488568543926403,1.0,0.7425874218853874,1.0,0.7488568543926403,1.0,0.7425874218853874,1.0,0.7333333333333334,0.9238095238095239,0.0,0.75703125,1.0,0.8571428571428571
midlothian_2017_ward2,stv,7,0.7488568543926403,1.0,0.7425874218853874,1.0,0.7488568543926403,1.0,0.7425874218853874,1.0,0.7333333333333334,0.8952380952380953,0.0,0.7916666666666667,1.0,0.8571428571428571
midlothian_2017_ward2,ranked-pairs,7,1.0,1.0,1.0,1.0,1.0,1.0,1.0,1.0,1.0,1.0,1.0,1.0,1.0,1.0
dumgal_2012_ward5,borda,7,1.0,1.0,1.0,1.0,1.0,1.0,1.0,1.0,1.0,1.0,1.0,1.0,1.0,1.0
dumgal_2012_ward5,3-approval,7,1.0,1.0,1.0,1.0,1.0,1.0,1.0,1.0,1.0,1.0,1.0,1.0,1.0,1.0
dumgal_2012_ward5,2-approval,7,0.8909441454672407,1.0,0.9435225618631733,1.0,1.0,1.0,1.0,1.0,0.9333333333333333,0.9523809523809523,0.0,0.9239583333333333,1.0,1.0
dumgal_2012_ward5,plurality,7,0.7815043242230054,1.0,0.7965554359526373,1.0,1.0,1.0,1.0,1.0,0.8,0.9523809523809523,0.0,0.8609374999999999,1.0,1.0
dumgal_2012_ward5,stv,7,0.8102045365926702,1.0,0.8411472697186982,1.0,1.0,1.0,1.0,1.0,0.8666666666666667,0.9523809523809523,0.0,0.8986979166666667,1.0,1.0
dumgal_2012_ward5,ranked-pairs,7,1.0,1.0,1.0,1.0,1.0,1.0,1.0,1.0,1.0,1.0,1.0,1.0,1.0,1.0
argyll_bute_2022_ward6,borda,7,1.0,1.0,1.0,1.0,1.0,1.0,1.0,1.0,0.9333333333333333,0.9904761904761905,0.0,0.9557291666666666,1.0,1.0
argyll_bute_2022_ward6,3-approval,7,1.0,1.0,1.0,1.0,1.0,1.0,1.0,1.0,0.9333333333333333,0.9809523809523809,0.0,0.9447916666666667,1.0,1.0
argyll_bute_2022_ward6,2-approval,7,0.8887830843058776,1.0,0.941350710900474,1.0,1.0,1.0,1.0,1.0,0.9333333333333333,0.9904761904761905,0.0,0.928125,1.0,1.0
argyll_bute_2022_ward6,plurality,7,0.8266612888915303,1.0,0.8651109846328969,1.0,0.8439446324770118,1.0,0.8887608069164263,1.0,0.8666666666666667,0.9523809523809523,0.0,0.8999999999999999,1.0,0.9285714285714286
argyll_bute_2022_ward6,stv,7,0.8266612888915303,1.0,0.8651109846328969,1.0,0.8439446324770118,1.0,0.8887608069164263,1.0,0.8666666666666667,0.9809523809523809,0.0,0.91953125,1.0,0.9285714285714286
argyll_bute_2022_ward6,ranked-pairs,7,1.0,1.0,1.0,1.0,1.0,1.0,1.0,1.0,1.0,1.0,1.0,1.0,1.0,1.0
perth_kinross_2017_ward2,borda,7,0.9207579716346296,1.0,0.969640555635114,1.0,1.0,1.0,1.0,1.0,1.0,1.0,0.9,0.99921875,1.0,1.0
perth_kinross_2017_ward2,3-approval,7,1.0,1.0,1.0,1.0,1.0,1.0,1.0,1.0,1.0,1.0,0.0,0.9627604166666667,1.0,1.0
perth_kinross_2017_ward2,2-approval,7,0.8299706398231027,1.0,0.8697661772702555,1.0,0.8299706398231027,1.0,0.8697661772702555,1.0,0.8666666666666667,0.9428571428571428,0.0,0.8950520833333333,1.0,0.9047619047619048
perth_kinross_2017_ward2,plurality,7,0.7829340648220322,1.0,0.7988490714098874,1.0,1.0,1.0,1.0,1.0,0.7333333333333334,0.9047619047619048,0.0,0.8481770833333333,1.0,0.9523809523809523
perth_kinross_2017_ward2,stv,7,0.9207579716346296,1.0,0.969640555635114,1.0,1.0,1.0,1.0,1.0,0.6666666666666667,0.8857142857142857,0.0,0.8838541666666666,1.0,0.9523809523809523
perth_kinross_2017_ward2,ranked-pairs,7,1.0,1.0,1.0,1.0,1.0,1.0,1.0,1.0,1.0,1.0,1.0,1.0,1.0,1.0
fife_2017_ward17,borda,7,0.9761806616698696,1.0,0.9972054028877504,1.0,1.0,1.0,1.0,1.0,0.9333333333333333,0.9904761904761905,0.0,0.9703125,1.0,1.0
fife_2017_ward17,3-approval,7,0.9761806616698696,1.0,0.9972054028877504,1.0,1.0,1.0,1.0,1.0,0.9333333333333333,0.9904761904761905,0.0,0.9700520833333334,1.0,1.0
fife_2017_ward17,2-approval,7,0.8754672642300736,1.0,0.9271910112359552,1.0,1.0,1.0,1.0,1.0,0.9333333333333333,0.9619047619047619,0.0,0.9226562500000001,1.0,1.0
fife_2017_ward17,plurality,7,0.638655185630462,1.0,0.5515619346279098,1.0,0.638655185630462,1.0,0.5515619346279098,1.0,0.8666666666666667,0.9523809523809523,0.0,0.86015625,1.0,0.8571428571428571
fife_2017_ward17,stv,7,0.7169349293431052,1.0,0.68774599842561,1.0,1.0,1.0,1.0,1.0,0.8666666666666667,0.9428571428571428,0.0,0.8809895833333332,1.0,0.9285714285714286
fife_2017_ward17,ranked-pairs,7,1.0,1.0,1.0,1.0,1.0,1.0,1.0,1.0,1.0,1.0,1.0,1.0,1.0,1.0
north_lanarkshire_2022_ward5,borda,7,0.9164618338300826,1.0,0.9663354289190833,1.0,0.9474164716631287,1.0,0.986478180700676,1.0,0.9333333333333333,0.9809523809523809,0.0,0.9677083333333333,1.0,0.9285714285714286
north_lanarkshire_2022_ward5,3-approval,7,0.9164618338300826,1.0,0.9663354289190833,1.0,1.0,1.0,1.0,1.0,0.9333333333333333,0.9523809523809523,0.0,0.9018229166666667,1.0,0.7142857142857143
north_lanarkshire_2022_ward5,2-approval,7,0.7234039265052581,1.0,0.6989661818818994,1.0,1.0,1.0,1.0,1.0,0.8666666666666667,0.9428571428571428,0.0,0.8651041666666666,1.0,0.880952380952381
north_lanarkshire_2022_ward5,plurality,7,0.6621362092721325,1.0,0.5921182266009852,1.0,0.6621362092721325,1.0,0.5921182266009852,1.0,0.7333333333333334,0.9142857142857143,0.0,0.7656250000000001,1.0,0.8571428571428571
north_lanarkshire_2022_ward5,stv,7,0.6621362092721325,1.0,0.5921182266009852,1.0,0.7650261908696538,1.0,0.7696659974447893,1.0,0.6666666666666667,0.8571428571428572,0.0,0.7611979166666668,1.0,0.8095238095238094
north_lanarkshire_2022_ward5,ranked-pairs,7,1.0,1.0,1.0,1.0,1.0,1.0,1.0,1.0,1.0,1.0,1.0,1.0,1.0,1.0
west_lothian_2022_ward9,borda,7,1.0,1.0,1.0,1.0,1.0,1.0,1.0,1.0,1.0,1.0,1.0,1.0,1.0,1.0
west_lothian_2022_ward9,3-approval,7,1.0,1.0,1.0,1.0,1.0,1.0,1.0,1.0,1.0,1.0,0.8333333333333334,0.9893229166666667,1.0,1.0
west_lothian_2022_ward9,2-approval,7,1.0,1.0,1.0,1.0,1.0,1.0,1.0,1.0,0.9333333333333333,0.9904761904761905,0.6666666666666667,0.9927083333333333,1.0,1.0
west_lothian_2022_ward9,plurality,7,0.8608886283509043,1.0,0.9102307832091585,1.0,1.0,1.0,1.0,1.0,0.9333333333333333,0.9904761904761905,0.0,0.9614583333333333,1.0,1.0
west_lothian_2022_ward9,stv,7,0.8608886283509043,1.0,0.9102307832091585,1.0,1.0,1.0,1.0,1.0,0.9333333333333333,0.9904761904761905,0.0,0.9638020833333333,1.0,1.0
west_lothian_2022_ward9,ranked-pairs,7,1.0,1.0,1.0,1.0,1.0,1.0,1.0,1.0,1.0,1.0,1.0,1.0,1.0,1.0
east_lothian_2012_ward1,borda,7,1.0,1.0,1.0,1.0,1.0,1.0,1.0,1.0,0.9333333333333333,0.9523809523809523,0.0,0.9557291666666666,1.0,1.0
east_lothian_2012_ward1,3-approval,7,0.8344433456827179,1.0,0.8759647188533627,1.0,1.0,1.0,1.0,1.0,1.0,1.0,0.8333333333333334,0.9927083333333333,1.0,1.0
east_lothian_2012_ward1,2-approval,7,1.0,1.0,1.0,1.0,1.0,1.0,1.0,1.0,1.0,1.0,0.0,0.93984375,1.0,1.0
east_lothian_2012_ward1,plurality,7,0.7584082181183418,1.0,0.7586563307493541,1.0,1.0,1.0,1.0,1.0,0.9333333333333333,0.9904761904761905,0.0,0.95,1.0,1.0
east_lothian_2012_ward1,stv,7,1.0,1.0,1.0,1.0,1.0,1.0,1.0,1.0,1.0,1.0,0.6666666666666667,0.98671875,1.0,0.9285714285714286
east_lothian_2012_ward1,ranked-pairs,7,1.0,1.0,1.0,1.0,1.0,1.0,1.0,1.0,1.0,1.0,1.0,1.0,1.0,1.0
glasgow_2017_ward23,borda,7,0.8767904911743567,1.0,0.9286565795506648,1.0,1.0,1.0,1.0,1.0,0.9333333333333333,0.9809523809523809,0.0,0.9598958333333333,1.0,0.9523809523809524
glasgow_2017_ward23,3-approval,7,0.9034557543936006,1.0,0.955373744886575,1.0,1.0,1.0,1.0,1.0,1.0,1.0,0.0,0.8885416666666666,1.0,1.0
glasgow_2017_ward23,2-approval,7,0.760095787099837,1.0,0.7614740368509213,1.0,1.0,1.0,1.0,1.0,0.8666666666666667,0.9333333333333333,0.0,0.8015625000000001,1.0,1.0
glasgow_2017_ward23,plurality,7,0.6913608912085054,1.0,0.6431250000000001,1.0,0.7518919268135061,1.0,0.7477148080438757,1.0,0.7333333333333334,0.9238095238095239,0.0,0.7981770833333333,1.0,0.9523809523809523
glasgow_2017_ward23,stv,7,0.6913608912085054,1.0,0.6431250000000001,1.0,0.7518919268135061,1.0,0.7477148080438757,1.0,0.7333333333333334,0.9142857142857143,0.0,0.79765625,1.0,0.9523809523809523
glasgow_2017_ward23,ranked-pairs,7,1.0,1.0,1.0,1.0,1.0,1.0,1.0,1.0,1.0,1.0,1.0,1.0,1.0,1.0
dundee_2022_ward6,borda,7,0.8809338408992415,1.0,0.9331632653061226,1.0,1.0,1.0,1.0,1.0,0.9333333333333333,0.9809523809523809,0.6666666666666667,0.9875,1.0,1.0
dundee_2022_ward6,3-approval,7,0.8809338408992415,1.0,0.9331632653061226,1.0,1.0,1.0,1.0,1.0,0.9333333333333333,0.9714285714285714,0.8333333333333334,0.9783854166666667,1.0,1.0
dundee_2022_ward6,2-approval,7,0.7180207891889151,1.0,0.6896321070234116,1.0,1.0,1.0,1.0,1.0,0.8,0.9238095238095239,0.0,0.8536458333333332,1.0,1.0
dundee_2022_ward6,plurality,7,0.6830692279088746,1.0,0.6286266924564797,1.0,1.0,1.0,1.0,1.0,0.8666666666666667,0.9428571428571428,0.0,0.8539062499999999,1.0,1.0
dundee_2022_ward6,stv,7,0.6830692279088746,1.0,0.6286266924564797,1.0,1.0,1.0,1.0,1.0,0.8666666666666667,0.9238095238095239,0.0,0.8203125,1.0,1.0
dundee_2022_ward6,ranked-pairs,7,1.0,1.0,1.0,1.0,1.0,1.0,1.0,1.0,1.0,1.0,1.0,1.0,1.0,1.0
south_lanarkshire_2022_ward11,borda,7,1.0,1.0,1.0,1.0,1.0,1.0,1.0,1.0,1.0,1.0,1.0,1.0,1.0,1.0
south_lanarkshire_2022_ward11,3-approval,7,1.0,1.0,1.0,1.0,1.0,1.0,1.0,1.0,1.0,1.0,1.0,1.0,1.0,1.0
south_lanarkshire_2022_ward11,2-approval,7,1.0,1.0,1.0,1.0,1.0,1.0,1.0,1.0,1.0,1.0,1.0,1.0,1.0,1.0
south_lanarkshire_2022_ward11,plurality,7,0.7885720007189224,1.0,0.8078258125591669,1.0,1.0,1.0,1.0,1.0,0.9333333333333333,0.9619047619047619,0.0,0.8783854166666666,1.0,1.0
south_lanarkshire_2022_ward11,stv,7,0.7885720007189224,1.0,0.8078258125591669,1.0,1.0,1.0,1.0,1.0,0.8666666666666667,0.9238095238095239,0.0,0.8726562499999999,1.0,1.0
south_lanarkshire_2022_ward11,ranked-pairs,7,1.0,1.0,1.0,1.0,1.0,1.0,1.0,1.0,1.0,1.0,1.0,1.0,1.0,1.0
north_ayrshire_2017_ward7,borda,7,0.8688645667099048,1.0,0.9196917460961266,1.0,0.8891713710043249,1.0,0.9417435897435897,1.0,0.8666666666666667,0.9714285714285714,0.0,0.9486979166666667,1.0,0.9285714285714286
north_ayrshire_2017_ward7,3-approval,7,0.8688645667099048,1.0,0.9196917460961266,1.0,1.0,1.0,1.0,1.0,0.8,0.9047619047619048,0.0,0.8611979166666666,1.0,1.0
north_ayrshire_2017_ward7,2-approval,7,0.8658734516222036,1.0,0.9161943319838057,1.0,1.0,1.0,1.0,1.0,0.8666666666666667,0.9333333333333333,0.0,0.7976562500000001,1.0,1.0
north_ayrshire_2017_ward7,plurality,7,0.7454915429627856,1.0,0.7368807339449541,1.0,0.8891713710043249,1.0,0.9417435897435897,1.0,0.8,0.9142857142857143,0.0,0.8242187499999999,1.0,0.9285714285714286
north_ayrshire_2017_ward7,stv,7,0.7454915429627856,1.0,0.7368807339449541,1.0,0.8891713710043249,1.0,0.9417435897435897,1.0,0.7333333333333334,0.8952380952380953,0.0,0.8213541666666666,1.0,0.9285714285714286
north_ayrshire_2017_ward7,ranked-pairs,7,1.0,1.0,1.0,1.0,1.0,1.0,1.0,1.0,1.0,1.0,1.0,1.0,1.0,1.0
west_lothian_2017_ward7,borda,7,0.8786322954903624,1.0,0.9306753942279086,1.0,1.0,1.0,1.0,1.0,0.9333333333333333,0.9809523809523809,0.0,0.9755208333333333,1.0,1.0
west_lothian_2017_ward7,3-approval,7,1.0,1.0,1.0,1.0,1.0,1.0,1.0,1.0,1.0,1.0,1.0,1.0,1.0,1.0
west_lothian_2017_ward7,2-approval,7,0.8786322954903624,1.0,0.9306753942279086,1.0,1.0,1.0,1.0,1.0,0.8666666666666667,0.9238095238095239,0.0,0.9489583333333333,1.0,1.0
west_lothian_2017_ward7,plurality,7,0.7345904893886266,1.0,0.7182576459684895,1.0,0.8174668079007412,1.0,0.8518835616438358,1.0,0.8,0.9047619047619048,0.0,0.8390624999999999,1.0,0.8809523809523808
west_lothian_2017_ward7,stv,7,0.7345904893886266,1.0,0.7182576459684895,1.0,0.8174668079007412,1.0,0.8518835616438358,1.0,0.8666666666666667,0.9428571428571428,0.0,0.85234375,1.0,0.9523809523809523
west_lothian_2017_ward7,ranked-pairs,7,1.0,1.0,1.0,1.0,1.0,1.0,1.0,1.0,1.0,1.0,1.0,1.0,1.0,1.0
stirling_2017_ward1,borda,7,1.0,1.0,1.0,1.0,1.0,1.0,1.0,1.0,1.0,1.0,0.8333333333333334,0.9986979166666666,1.0,1.0
stirling_2017_ward1,3-approval,7,1.0,1.0,1.0,1.0,1.0,1.0,1.0,1.0,1.0,1.0,0.8333333333333334,0.99453125,1.0,1.0
stirling_2017_ward1,2-approval,7,0.8096692335354622,1.0,0.8403463203463203,1.0,1.0,1.0,1.0,1.0,0.8666666666666667,0.9333333333333333,0.0,0.9091145833333333,1.0,1.0
stirling_2017_ward1,plurality,7,0.8096692335354622,1.0,0.8403463203463203,1.0,0.8128853096743643,1.0,0.8451388888888889,1.0,0.8666666666666667,0.9714285714285714,0.0,0.8645833333333333,1.0,0.9285714285714286
stirling_2017_ward1,stv,7,0.8096692335354622,1.0,0.8403463203463203,1.0,1.0,1.0,1.0,1.0,0.8666666666666667,0.9428571428571428,0.0,0.8846354166666666,1.0,0.9285714285714286
stirling_2017_ward1,ranked-pairs,7,1.0,1.0,1.0,1.0,1.0,1.0,1.0,1.0,1.0,1.0,1.0,1.0,1.0,1.0
highland_2022_inverness_ness_side,borda,7,1.0,1.0,1.0,1.0,1.0,1.0,1.0,1.0,0.9333333333333333,0.9904761904761905,0.6666666666666667,0.9846354166666667,1.0,0.9285714285714286
highland_2022_inverness_ness_side,3-approval,7,0.9710194565504806,1.0,0.9958668197474169,1.0,0.9710194565504806,1.0,0.9958668197474169,1.0,1.0,1.0,0.0,0.9606770833333333,1.0,1.0
highland_2022_inverness_ness_side,2-approval,7,0.7843272571896494,1.0,0.8010774968918358,1.0,0.9710194565504806,1.0,0.9958668197474169,1.0,0.8666666666666667,0.9333333333333333,0.0,0.8861979166666666,1.0,0.9523809523809524
highland_2022_inverness_ness_side,plurality,7,0.7843272571896494,1.0,0.8010774968918358,1.0,0.7843272571896494,1.0,0.8010774968918358,1.0,0.7333333333333334,0.9619047619047619,0.0,0.8700520833333333,1.0,0.9285714285714286
highland_2022_inverness_ness_side,stv,7,0.791677059914284,1.0,0.8127215849843588,1.0,1.0,1.0,1.0,1.0,0.8,0.9619047619047619,0.0,0.8861979166666666,1.0,0.9285714285714286
highland_2022_inverness_ness_side,ranked-pairs,7,1.0,1.0,1.0,1.0,1.0,1.0,1.0,1.0,1.0,1.0,1.0,1.0,1.0,1.0
fife_2012_ward16,borda,7,0.9003927399556916,1.0,0.9525882922109337,1.0,1.0,1.0,1.0,1.0,1.0,1.0,1.0,1.0,1.0,1.0
fife_2012_ward16,3-approval,7,0.9003927399556916,1.0,0.9525882922109337,1.0,1.0,1.0,1.0,1.0,0.9333333333333333,0.9619047619047619,0.0,0.9583333333333334,1.0,1.0
fife_2012_ward16,2-approval,7,0.8748398010302265,1.0,0.9264916467780431,1.0,1.0,1.0,1.0,1.0,0.8,0.9142857142857143,0.0,0.8583333333333333,1.0,1.0
fife_2012_ward16,plurality,7,0.8748398010302265,1.0,0.9264916467780431,1.0,1.0,1.0,1.0,1.0,0.8666666666666667,0.9619047619047619,0.0,0.93515625,1.0,0.9285714285714286
fife_2012_ward16,stv,7,0.8748398010302265,1.0,0.9264916467780431,1.0,1.0,1.0,1.0,1.0,0.8666666666666667,0.9619047619047619,0.0,0.9143229166666667,1.0,0.9285714285714286
fife_2012_ward16,ranked-pairs,7,0.989978736538,1.0,0.9995045826108496,1.0,1.0,1.0,1.0,1.0,0.9333333333333333,0.9904761904761905,0.0,0.9703125,1.0,1.0
renfrewshire_2022_ward5,borda,7,0.9014643090839233,1.0,0.9535714285714286,1.0,1.0,1.0,1.0,1.0,0.9333333333333333,0.9904761904761905,0.0,0.9802083333333333,1.0,0.9285714285714286
renfrewshire_2022_ward5,3-approval,7,1.0,1.0,1.0,1.0,1.0,1.0,1.0,1.0,0.9333333333333333,0.9523809523809523,0.0,0.9145833333333333,1.0,1.0
renfrewshire_2022_ward5,2-approval,7,0.689475897553961,1.0,0.63982869379015,1.0,1.0,1.0,1.0,1.0,0.9333333333333333,0.9714285714285714,0.0,0.9091145833333334,1.0,1.0
renfrewshire_2022_ward5,plurality,7,0.5919706205402602,1.0,0.4732589457483648,1.0,1.0,1.0,1.0,1.0,0.8666666666666667,0.9428571428571428,0.0,0.8796875,1.0,0.9285714285714286
renfrewshire_2022_ward5,stv,7,0.5919706205402602,1.0,0.4732589457483648,1.0,1.0,1.0,1.0,1.0,0.8,0.9142857142857143,0.0,0.8606770833333333,1.0,0.9285714285714286
renfrewshire_2022_ward5,ranked-pairs,7,1.0,1.0,1.0,1.0,1.0,1.0,1.0,1.0,1.0,1.0,1.0,1.0,1.0,1.0
eilean_siar_2022_ward10,borda,7,1.0,1.0,1.0,1.0,1.0,1.0,1.0,1.0,1.0,1.0,1.0,1.0,1.0,1.0
eilean_siar_2022_ward10,3-approval,7,1.0,1.0,1.0,1.0,1.0,1.0,1.0,1.0,1.0,1.0,1.0,1.0,1.0,1.0
eilean_siar_2022_ward10,2-approval,7,1.0,1.0,1.0,1.0,1.0,1.0,1.0,1.0,0.9333333333333333,0.9904761904761905,0.9333333333333333,0.9994791666666667,1.0,1.0
eilean_siar_2022_ward10,plurality,7,0.9763183946648438,1.0,0.9972375690607735,1.0,1.0,1.0,1.0,1.0,0.8666666666666667,0.9619047619047619,0.0,0.97109375,1.0,1.0
eilean_siar_2022_ward10,stv,7,1.0,1.0,1.0,1.0,1.0,1.0,1.0,1.0,0.9333333333333333,0.9809523809523809,0.6666666666666667,0.9703125,1.0,1.0
eilean_siar_2022_ward10,ranked-pairs,7,1.0,1.0,1.0,1.0,1.0,1.0,1.0,1.0,1.0,1.0,1.0,1.0,1.0,1.0
highland_2022_culloden,borda,7,0.9234471540209298,1.0,0.9716277951430632,1.0,1.0,1.0,1.0,1.0,0.9333333333333333,0.9809523809523809,0.0,0.9723958333333333,1.0,1.0
highland_2022_culloden,3-approval,7,0.9234471540209298,1.0,0.9716277951430632,1.0,1.0,1.0,1.0,1.0,0.9333333333333333,0.9904761904761905,0.0,0.9705729166666667,1.0,1.0
highland_2022_culloden,2-approval,7,0.8501494027544999,1.0,0.8968309044644922,1.0,1.0,1.0,1.0,1.0,0.9333333333333333,0.9714285714285714,0.0,0.9020833333333333,1.0,1.0
highland_2022_culloden,plurality,7,0.7344387416531337,1.0,0.7179970668342761,1.0,0.7540734478834097,1.0,0.7513882956001707,1.0,0.8666666666666667,0.9523809523809523,0.0,0.8627604166666667,1.0,0.8095238095238094
highland_2022_culloden,stv,7,0.8501494027544999,1.0,0.8968309044644922,1.0,1.0,1.0,1.0,1.0,0.8666666666666667,0.9809523809523809,0.0,0.934375,1.0,1.0
highland_2022_culloden,ranked-pairs,7,1.0,1.0,1.0,1.0,1.0,1.0,1.0,1.0,1.0,1.0,1.0,1.0,1.0,1.0
stirling_2022_ward5,borda,7,0.9828373611052817,1.0,0.9985478308222908,1.0,1.0,1.0,1.0,1.0,0.8666666666666667,0.9714285714285714,0.0,0.95625,1.0,0.9285714285714286
stirling_2022_ward5,3-approval,7,0.9828373611052817,1.0,0.9985478308222908,1.0,1.0,1.0,1.0,1.0,0.9333333333333333,0.9809523809523809,0.0,0.9580729166666666,1.0,1.0
stirling_2022_ward5,2-approval,7,0.8538682970166824,1.0,0.9015544041450777,1.0,0.9109548287197377,1.0,0.9618674269422667,1.0,0.8666666666666667,0.9619047619047619,0.0,0.8338541666666666,1.0,0.9285714285714286
stirling_2022_ward5,plurality,7,0.9216321529866567,1.0,0.9702934860415177,1.0,1.0,1.0,1.0,1.0,0.8,0.9333333333333333,0.0,0.8575520833333332,1.0,0.8571428571428571
stirling_2022_ward5,stv,7,0.9216321529866567,1.0,0.9702934860415177,1.0,1.0,1.0,1.0,1.0,0.8,0.9142857142857143,0.0,0.8419270833333334,1.0,0.8571428571428571
stirling_2022_ward5,ranked-pairs,7,1.0,1.0,1.0,1.0,1.0,1.0,1.0,1.0,1.0,1.0,1.0,1.0,1.0,1.0
north_ayrshire_2022_irvine_south,borda,7,0.9236813806670562,1.0,0.971797884841363,1.0,1.0,1.0,1.0,1.0,0.9333333333333333,0.9714285714285714,0.0,0.9763020833333333,1.0,0.9285714285714286
north_ayrshire_2022_irvine_south,3-approval,7,0.9236813806670562,1.0,0.971797884841363,1.0,1.0,1.0,1.0,1.0,0.9333333333333333,0.9714285714285714,0.0,0.9479166666666667,1.0,0.7857142857142857
north_ayrshire_2022_irvine_south,2-approval,7,0.8211423929769825,1.0,0.8572219147758716,1.0,1.0,1.0,1.0,1.0,0.9333333333333333,0.9619047619047619,0.0,0.8374999999999999,1.0,1.0
north_ayrshire_2022_irvine_south,plurality,7,0.7006326889314879,1.0,0.6593325092707044,1.0,0.7006326889314879,1.0,0.6593325092707044,1.0,0.8666666666666667,0.9523809523809523,0.0,0.8674479166666667,1.0,0.8571428571428571
north_ayrshire_2022_irvine_south,stv,7,0.7006326889314879,1.0,0.6593325092707044,1.0,0.7006326889314879,1.0,0.6593325092707044,1.0,0.8,0.9428571428571428,0.0,0.8614583333333333,1.0,0.8571428571428571
north_ayrshire_2022_irvine_south,ranked-pairs,7,1.0,1.0,1.0,1.0,1.0,1.0,1.0,1.0,1.0,1.0,1.0,1.0,1.0,1.0
aberdeen_2012_ward9,borda,7,1.0,1.0,1.0,1.0,1.0,1.0,1.0,1.0,0.9333333333333333,0.9904761904761905,0.0,0.96484375,1.0,1.0
aberdeen_2012_ward9,3-approval,7,1.0,1.0,1.0,1.0,1.0,1.0,1.0,1.0,0.9333333333333333,0.9809523809523809,0.0,0.96484375,1.0,1.0
aberdeen_2012_ward9,2-approval,7,0.8495558371615338,1.0,0.8960690316395016,1.0,0.8495558371615338,1.0,0.8960690316395016,1.0,0.9333333333333333,0.9619047619047619,0.0,0.9304687500000001,1.0,0.7619047619047619
aberdeen_2012_ward9,plurality,7,0.7837214016840738,1.0,0.8001092299290006,1.0,0.8495558371615338,1.0,0.8960690316395016,1.0,0.8666666666666667,0.9619047619047619,0.0,0.9020833333333333,1.0,1.0
aberdeen_2012_ward9,stv,7,0.7837214016840738,1.0,0.8001092299290006,1.0,0.8495558371615338,1.0,0.8960690316395016,1.0,0.8,0.9523809523809523,0.0,0.8921874999999999,1.0,0.9285714285714286
aberdeen_2012_ward9,ranked-pairs,7,1.0,1.0,1.0,1.0,1.0,1.0,1.0,1.0,1.0,1.0,1.0,1.0,1.0,1.0
renfrewshire_2022_ward7,borda,7,0.8342113007686678,1.0,0.875645822198468,1.0,1.0,1.0,1.0,1.0,0.9333333333333333,0.9809523809523809,0.8333333333333334,0.9932291666666667,1.0,1.0
renfrewshire_2022_ward7,3-approval,7,0.8829345267947278,1.0,0.9352941176470587,1.0,1.0,1.0,1.0,1.0,0.9333333333333333,0.9714285714285714,0.0,0.8872395833333333,1.0,1.0
renfrewshire_2022_ward7,2-approval,7,0.8072470545960548,1.0,0.8367062107466853,1.0,1.0,1.0,1.0,1.0,0.9333333333333333,0.9619047619047619,0.0,0.88125,1.0,1.0
renfrewshire_2022_ward7,plurality,7,0.8072470545960548,1.0,0.8367062107466853,1.0,1.0,1.0,1.0,1.0,0.9333333333333333,0.9714285714285714,0.0,0.86953125,1.0,1.0
renfrewshire_2022_ward7,stv,7,0.8072470545960548,1.0,0.8367062107466853,1.0,1.0,1.0,1.0,1.0,0.8666666666666667,0.9333333333333333,0.0,0.8549479166666666,1.0,1.0
renfrewshire_2022_ward7,ranked-pairs,7,1.0,1.0,1.0,1.0,1.0,1.0,1.0,1.0,1.0,1.0,1.0,1.0,1.0,1.0
west_lothian_2012_ward4,borda,7,1.0,1.0,1.0,1.0,1.0,1.0,1.0,1.0,0.9333333333333333,0.9809523809523809,0.6666666666666667,0.98515625,1.0,1.0
west_lothian_2012_ward4,3-approval,7,1.0,1.0,1.0,1.0,1.0,1.0,1.0,1.0,0.9333333333333333,0.9809523809523809,0.6666666666666667,0.9927083333333333,1.0,1.0
west_lothian_2012_ward4,2-approval,7,0.8919043114189886,1.0,0.9444759206798867,1.0,0.8919043114189886,1.0,0.9444759206798867,1.0,0.9333333333333333,0.9714285714285714,0.0,0.959375,1.0,0.9523809523809523
west_lothian_2012_ward4,plurality,7,0.7385569977284989,1.0,0.7250565468710731,1.0,1.0,1.0,1.0,1.0,0.8666666666666667,0.9238095238095239,0.0,0.8885416666666666,1.0,0.9047619047619048
west_lothian_2012_ward4,stv,7,0.716567912190581,1.0,0.6871082708614968,1.0,1.0,1.0,1.0,1.0,0.9333333333333333,0.9714285714285714,0.0,0.91484375,1.0,1.0
west_lothian_2012_ward4,ranked-pairs,7,1.0,1.0,1.0,1.0,1.0,1.0,1.0,1.0,1.0,1.0,1.0,1.0,1.0,1.0
fife_2022_ward11,borda,7,0.9373914078780167,1.0,0.9809027777777776,1.0,1.0,1.0,1.0,1.0,0.9333333333333333,0.9714285714285714,0.8333333333333334,0.9934895833333334,1.0,1.0
fife_2022_ward11,3-approval,7,0.9373914078780167,1.0,0.9809027777777776,1.0,1.0,1.0,1.0,1.0,1.0,1.0,0.6666666666666667,0.971875,1.0,1.0
fife_2022_ward11,2-approval,7,0.8650602536677581,1.0,0.9152328997062525,1.0,1.0,1.0,1.0,1.0,0.8666666666666667,0.9428571428571428,0.0,0.8950520833333333,1.0,1.0
fife_2022_ward11,plurality,7,0.8237426922827228,1.0,0.8609582059123345,1.0,1.0,1.0,1.0,1.0,0.8,0.9333333333333333,0.0,0.8669270833333332,1.0,0.9285714285714286
fife_2022_ward11,stv,7,0.8650602536677581,1.0,0.9152328997062525,1.0,1.0,1.0,1.0,1.0,0.8666666666666667,0.9523809523809523,0.0,0.9184895833333333,1.0,0.9285714285714286
fife_2022_ward11,ranked-pairs,7,1.0,1.0,1.0,1.0,1.0,1.0,1.0,1.0,1.0,1.0,1.0,1.0,1.0,1.0
north_lanarkshire_2022_ward15,borda,7,0.9378474147262792,1.0,0.9811764705882353,1.0,1.0,1.0,1.0,1.0,1.0,1.0,1.0,1.0,1.0,1.0
north_lanarkshire_2022_ward15,3-approval,7,0.9378474147262792,1.0,0.9811764705882353,1.0,1.0,1.0,1.0,1.0,1.0,1.0,0.8333333333333334,0.9822916666666667,1.0,1.0
north_lanarkshire_2022_ward15,2-approval,7,0.8424170598759846,1.0,0.8867386433082094,1.0,1.0,1.0,1.0,1.0,0.9333333333333333,0.9714285714285714,0.0,0.9148437500000001,1.0,1.0
north_lanarkshire_2022_ward15,plurality,7,0.7009327145869869,1.0,0.6598566308243728,1.0,0.7009327145869869,1.0,0.6598566308243728,1.0,0.8,0.9333333333333333,0.0,0.9059895833333333,1.0,0.9523809523809524
north_lanarkshire_2022_ward15,stv,7,0.8424170598759846,1.0,0.8867386433082094,1.0,1.0,1.0,1.0,1.0,0.8666666666666667,0.9428571428571428,0.0,0.9184895833333333,1.0,1.0
north_lanarkshire_2022_ward15,ranked-pairs,7,1.0,1.0,1.0,1.0,1.0,1.0,1.0,1.0,1.0,1.0,1.0,1.0,1.0,1.0
perth_kinross_2012_ward2,borda,7,0.9512227746595651,1.0,0.9883502442690718,1.0,1.0,1.0,1.0,1.0,0.9333333333333333,0.9809523809523809,0.0,0.9609375,1.0,1.0
perth_kinross_2012_ward2,3-approval,7,0.9512227746595651,1.0,0.9883502442690718,1.0,1.0,1.0,1.0,1.0,1.0,1.0,1.0,1.0,1.0,1.0
perth_kinross_2012_ward2,2-approval,7,0.8546634302683642,1.0,0.9025530384753685,1.0,1.0,1.0,1.0,1.0,0.9333333333333333,0.9809523809523809,0.0,0.87578125,1.0,1.0
perth_kinross_2012_ward2,plurality,7,0.7711086192644617,1.0,0.7796838210561722,1.0,1.0,1.0,1.0,1.0,0.7333333333333334,0.9047619047619048,0.0,0.8270833333333333,1.0,1.0
perth_kinross_2012_ward2,stv,7,0.7711086192644617,1.0,0.7796838210561722,1.0,1.0,1.0,1.0,1.0,0.7333333333333334,0.8761904761904762,0.0,0.8010416666666667,1.0,1.0
perth_kinross_2012_ward2,ranked-pairs,7,1.0,1.0,1.0,1.0,1.0,1.0,1.0,1.0,1.0,1.0,1.0,1.0,1.0,1.0
orkney_2017_ward4,borda,7,1.0,1.0,1.0,1.0,1.0,1.0,1.0,1.0,1.0,1.0,1.0,1.0,1.0,1.0
orkney_2017_ward4,3-approval,7,1.0,1.0,1.0,1.0,1.0,1.0,1.0,1.0,1.0,1.0,0.8333333333333334,0.9986979166666666,1.0,1.0
orkney_2017_ward4,2-approval,7,1.0,1.0,1.0,1.0,1.0,1.0,1.0,1.0,1.0,1.0,0.6666666666666667,0.9927083333333333,1.0,1.0
orkney_2017_ward4,plurality,7,0.8922603243659748,1.0,0.9448275862068964,1.0,1.0,1.0,1.0,1.0,0.9333333333333333,0.9904761904761905,0.0,0.97421875,1.0,1.0
orkney_2017_ward4,stv,7,0.8922603243659748,1.0,0.9448275862068964,1.0,1.0,1.0,1.0,1.0,0.9333333333333333,0.9904761904761905,0.0,0.97421875,1.0,1.0
orkney_2017_ward4,ranked-pairs,7,1.0,1.0,1.0,1.0,1.0,1.0,1.0,1.0,1.0,1.0,1.0,1.0,1.0,1.0
renfrewshire_2017_ward8,borda,7,0.8817131922356642,1.0,0.9339968569931903,1.0,1.0,1.0,1.0,1.0,0.9333333333333333,0.9809523809523809,0.0,0.9575520833333333,1.0,1.0
renfrewshire_2017_ward8,3-approval,7,1.0,1.0,1.0,1.0,1.0,1.0,1.0,1.0,0.8666666666666667,0.9619047619047619,0.0,0.8648437499999999,1.0,1.0
renfrewshire_2017_ward8,2-approval,7,0.8817131922356642,1.0,0.9339968569931903,1.0,1.0,1.0,1.0,1.0,0.9333333333333333,0.9809523809523809,0.0,0.90859375,1.0,1.0
renfrewshire_2017_ward8,plurality,7,0.710416348825262,1.0,0.676403814136522,1.0,0.7149562677517897,1.0,0.6843065693430657,1.0,0.8,0.9333333333333333,0.0,0.8356770833333333,1.0,0.9047619047619048
renfrewshire_2017_ward8,stv,7,0.7149562677517897,1.0,0.6843065693430657,1.0,0.7149562677517897,1.0,0.6843065693430657,1.0,0.8,0.9428571428571428,0.0,0.8648437499999999,1.0,0.9047619047619048
renfrewshire_2017_ward8,ranked-pairs,7,1.0,1.0,1.0,1.0,1.0,1.0,1.0,1.0,1.0,1.0,1.0,1.0,1.0,1.0
north_lanarkshire_2012_ward17,borda,7,1.0,1.0,1.0,1.0,1.0,1.0,1.0,1.0,1.0,1.0,0.0,0.9653645833333333,1.0,1.0
north_lanarkshire_2012_ward17,3-approval,7,1.0,1.0,1.0,1.0,1.0,1.0,1.0,1.0,0.9333333333333333,0.9714285714285714,0.0,0.9583333333333334,1.0,0.869047619047619
north_lanarkshire_2012_ward17,2-approval,7,0.873759260404427,1.0,0.9252806813782424,1.0,1.0,1.0,1.0,1.0,0.9333333333333333,0.9714285714285714,0.0,0.9111979166666667,1.0,1.0
north_lanarkshire_2012_ward17,plurality,7,0.873759260404427,1.0,0.9252806813782424,1.0,1.0,1.0,1.0,1.0,0.8666666666666667,0.9619047619047619,0.0,0.9640625,1.0,0.9523809523809523
north_lanarkshire_2012_ward17,stv,7,0.873759260404427,1.0,0.9252806813782424,1.0,1.0,1.0,1.0,1.0,0.8666666666666667,0.9619047619047619,0.0,0.9372395833333333,1.0,0.9523809523809523
north_lanarkshire_2012_ward17,ranked-pairs,7,1.0,1.0,1.0,1.0,1.0,1.0,1.0,1.0,1.0,1.0,1.0,1.0,1.0,1.0
midlothian_2017_ward3,borda,7,0.8860786710766565,1.0,0.9385823135534518,1.0,1.0,1.0,1.0,1.0,0.9333333333333333,0.9809523809523809,0.0,0.96953125,1.0,1.0
midlothian_2017_ward3,3-approval,7,0.9518186230027869,1.0,0.9886309805779251,1.0,1.0,1.0,1.0,1.0,1.0,1.0,0.0,0.9205729166666667,1.0,1.0
midlothian_2017_ward3,2-approval,7,0.8236430102257355,1.0,0.8608156028368795,1.0,1.0,1.0,1.0,1.0,0.8666666666666667,0.9428571428571428,0.33333333333333337,0.9054687499999999,1.0,1.0
midlothian_2017_ward3,plurality,7,0.7637665503359039,1.0,0.767578947368421,1.0,1.0,1.0,1.0,1.0,0.6666666666666667,0.9333333333333333,0.0,0.8114583333333334,1.0,0.9285714285714286
midlothian_2017_ward3,stv,7,0.776617834050534,1.0,0.7886663826161056,1.0,1.0,1.0,1.0,1.0,0.8,0.9428571428571428,0.0,0.8536458333333332,1.0,0.9285714285714286
midlothian_2017_ward3,ranked-pairs,7,1.0,1.0,1.0,1.0,1.0,1.0,1.0,1.0,1.0,1.0,1.0,1.0,1.0,1.0
sc_borders_2012_ward7,borda,7,0.9384764239191867,1.0,0.9815508792159126,1.0,1.0,1.0,1.0,1.0,0.8,0.9619047619047619,0.0,0.9096354166666667,1.0,1.0
sc_borders_2012_ward7,3-approval,7,0.9551901505622471,1.0,0.9901563404748118,1.0,1.0,1.0,1.0,1.0,0.8666666666666667,0.9428571428571428,0.0,0.9109375,1.0,1.0
sc_borders_2012_ward7,2-approval,7,0.9384764239191867,1.0,0.9815508792159126,1.0,1.0,1.0,1.0,1.0,1.0,1.0,0.0,0.9036458333333334,1.0,1.0
sc_borders_2012_ward7,plurality,7,0.9384764239191867,1.0,0.9815508792159126,1.0,1.0,1.0,1.0,1.0,0.9333333333333333,0.9714285714285714,0.0,0.95390625,1.0,1.0
sc_borders_2012_ward7,stv,7,0.9384764239191867,1.0,0.9815508792159126,1.0,1.0,1.0,1.0,1.0,1.0,1.0,0.0,0.9658854166666667,1.0,1.0
sc_borders_2012_ward7,ranked-pairs,7,1.0,1.0,1.0,1.0,1.0,1.0,1.0,1.0,1.0,1.0,1.0,1.0,1.0,1.0
edinburgh_2012_ward13,borda,7,0.890934898609681,1.0,0.9435133457479826,1.0,0.890934898609681,1.0,0.9435133457479826,1.0,1.0,1.0,1.0,1.0,1.0,1.0
edinburgh_2012_ward13,3-approval,7,0.890934898609681,1.0,0.9435133457479826,1.0,0.890934898609681,1.0,0.9435133457479826,1.0,1.0,1.0,0.8333333333333334,0.9895833333333334,1.0,1.0
edinburgh_2012_ward13,2-approval,7,0.890934898609681,1.0,0.9435133457479826,1.0,0.8943137888373772,1.0,0.946836623659257,1.0,0.9333333333333333,0.9809523809523809,0.0,0.9247395833333334,1.0,0.8571428571428571
edinburgh_2012_ward13,plurality,7,0.9721225516508749,1.0,0.996174689193497,1.0,0.9721225516508749,1.0,0.996174689193497,1.0,0.9333333333333333,0.9809523809523809,0.0,0.9484375,1.0,0.9285714285714286
edinburgh_2012_ward13,stv,7,0.9721225516508749,1.0,0.996174689193497,1.0,0.9721225516508749,1.0,0.996174689193497,1.0,0.9333333333333333,0.9809523809523809,0.0,0.9484375,1.0,0.9285714285714286
edinburgh_2012_ward13,ranked-pairs,7,0.9721225516508749,1.0,0.996174689193497,1.0,0.9721225516508749,1.0,0.996174689193497,1.0,0.9333333333333333,0.9904761904761905,0.0,0.9703125,1.0,0.9285714285714286
fife_2022_ward16,borda,7,1.0,1.0,1.0,1.0,1.0,1.0,1.0,1.0,1.0,1.0,0.6666666666666667,0.9973958333333334,1.0,1.0
fife_2022_ward16,3-approval,7,1.0,1.0,1.0,1.0,1.0,1.0,1.0,1.0,1.0,1.0,1.0,1.0,1.0,1.0
fife_2022_ward16,2-approval,7,1.0,1.0,1.0,1.0,1.0,1.0,1.0,1.0,0.9333333333333333,0.9904761904761905,0.8333333333333334,0.9966145833333333,1.0,1.0
fife_2022_ward16,plurality,7,0.7227732584737239,1.0,0.6978741376883009,1.0,1.0,1.0,1.0,1.0,0.9333333333333333,0.9619047619047619,0.0,0.8973958333333333,1.0,1.0
fife_2022_ward16,stv,7,0.7227732584737239,1.0,0.6978741376883009,1.0,1.0,1.0,1.0,1.0,0.9333333333333333,0.9619047619047619,0.0,0.9059895833333333,1.0,1.0
fife_2022_ward16,ranked-pairs,7,1.0,1.0,1.0,1.0,1.0,1.0,1.0,1.0,1.0,1.0,1.0,1.0,1.0,1.0
fife_2017_ward4,borda,7,0.8589613231335654,1.0,0.9078807241746539,1.0,1.0,1.0,1.0,1.0,0.8,0.9714285714285714,0.0,0.8872395833333333,1.0,0.9523809523809523
fife_2017_ward4,3-approval,7,0.8522709128817156,1.0,0.8995361166335323,1.0,1.0,1.0,1.0,1.0,0.8666666666666667,0.9142857142857143,0.0,0.8111979166666666,1.0,1.0
fife_2017_ward4,2-approval,7,0.8163477539980385,1.0,0.8502452878905242,1.0,0.8163477539980385,1.0,0.8502452878905242,1.0,0.8,0.9047619047619048,0.0,0.7161458333333334,1.0,0.7738095238095238
fife_2017_ward4,plurality,7,0.8043165361370057,1.0,0.832267962158016,1.0,0.8163477539980385,1.0,0.8502452878905242,1.0,0.8,0.8761904761904762,0.0,0.7588541666666667,1.0,0.8333333333333333
fife_2017_ward4,stv,7,0.8043165361370057,1.0,0.832267962158016,1.0,0.8589613231335654,1.0,0.9078807241746539,1.0,0.6666666666666667,0.8666666666666667,0.0,0.7429687500000001,1.0,0.9047619047619048
fife_2017_ward4,ranked-pairs,7,1.0,1.0,1.0,1.0,1.0,1.0,1.0,1.0,1.0,1.0,1.0,1.0,1.0,1.0
perth_kinross_2022_ward11,borda,7,0.8473426193161714,1.0,0.8932092004381159,1.0,1.0,1.0,1.0,1.0,0.8666666666666667,0.9619047619047619,0.0,0.93125,1.0,1.0
perth_kinross_2022_ward11,3-approval,7,0.9609361828445381,1.0,0.9925072046109509,1.0,1.0,1.0,1.0,1.0,0.9333333333333333,0.9619047619047619,0.0,0.9294270833333333,1.0,1.0
perth_kinross_2022_ward11,2-approval,7,0.8473426193161714,1.0,0.8932092004381159,1.0,1.0,1.0,1.0,1.0,0.8666666666666667,0.9619047619047619,0.0,0.9033854166666666,1.0,1.0
perth_kinross_2022_ward11,plurality,7,0.7598595335698938,1.0,0.7610799796230258,1.0,0.7598595335698938,1.0,0.7610799796230258,1.0,0.9333333333333333,0.9904761904761905,0.0,0.92265625,1.0,1.0
perth_kinross_2022_ward11,stv,7,0.8473426193161714,1.0,0.8932092004381159,1.0,1.0,1.0,1.0,1.0,0.9333333333333333,0.9714285714285714,0.0,0.9505208333333334,1.0,0.9523809523809524
perth_kinross_2022_ward11,ranked-pairs,7,1.0,1.0,1.0,1.0,1.0,1.0,1.0,1.0,1.0,1.0,1.0,1.0,1.0,1.0
argyll_bute_2012_ward1,borda,7,0.9743741116189679,1.0,0.9967663702506062,1.0,1.0,1.0,1.0,1.0,1.0,1.0,0.6666666666666667,0.9911458333333333,1.0,1.0
argyll_bute_2012_ward1,3-approval,7,0.9743741116189679,1.0,0.9967663702506062,1.0,1.0,1.0,1.0,1.0,1.0,1.0,0.0,0.9708333333333333,1.0,1.0
argyll_bute_2012_ward1,2-approval,7,0.8877487578701382,1.0,0.9402985074626866,1.0,1.0,1.0,1.0,1.0,0.9333333333333333,0.9809523809523809,0.0,0.9369791666666667,1.0,1.0
argyll_bute_2012_ward1,plurality,7,0.8877487578701382,1.0,0.9402985074626866,1.0,1.0,1.0,1.0,1.0,0.8,0.9619047619047619,0.0,0.9388020833333334,1.0,0.9285714285714286
argyll_bute_2012_ward1,stv,7,0.9743741116189679,1.0,0.9967663702506062,1.0,1.0,1.0,1.0,1.0,0.8666666666666667,0.9523809523809523,0.0,0.9473958333333333,1.0,1.0
argyll_bute_2012_ward1,ranked-pairs,7,1.0,1.0,1.0,1.0,1.0,1.0,1.0,1.0,1.0,1.0,1.0,1.0,1.0,1.0
fife_2017_ward8,borda,7,0.922121905980453,1.0,0.9706563706563707,1.0,1.0,1.0,1.0,1.0,1.0,1.0,1.0,1.0,1.0,1.0
fife_2017_ward8,3-approval,7,0.922121905980453,1.0,0.9706563706563707,1.0,1.0,1.0,1.0,1.0,0.9333333333333333,0.9714285714285714,0.6666666666666667,0.9559895833333333,1.0,1.0
fife_2017_ward8,2-approval,7,0.8338087114176287,1.0,0.8750918442321822,1.0,1.0,1.0,1.0,1.0,0.8666666666666667,0.9523809523809523,0.0,0.9026041666666667,1.0,1.0
fife_2017_ward8,plurality,7,0.8338087114176287,1.0,0.8750918442321822,1.0,1.0,1.0,1.0,1.0,0.8666666666666667,0.9428571428571428,0.0,0.8940104166666667,1.0,1.0
fife_2017_ward8,stv,7,0.8338087114176287,1.0,0.8750918442321822,1.0,1.0,1.0,1.0,1.0,0.8,0.9238095238095237,0.0,0.88046875,1.0,1.0
fife_2017_ward8,ranked-pairs,7,1.0,1.0,1.0,1.0,1.0,1.0,1.0,1.0,1.0,1.0,1.0,1.0,1.0,1.0
aberdeen_2022_ward3,borda,7,0.9493638642491176,1.0,0.9874529485570889,1.0,0.9493638642491176,1.0,0.9874529485570889,1.0,0.9333333333333333,0.9904761904761905,0.6666666666666667,0.990625,1.0,0.9285714285714286
aberdeen_2022_ward3,3-approval,7,0.9493638642491176,1.0,0.9874529485570889,1.0,0.9493638642491176,1.0,0.9874529485570889,1.0,1.0,1.0,0.8333333333333334,0.9864583333333333,1.0,1.0
aberdeen_2022_ward3,2-approval,7,1.0,1.0,1.0,1.0,1.0,1.0,1.0,1.0,0.9333333333333333,0.9904761904761905,0.0,0.9651041666666667,1.0,0.9523809523809524
aberdeen_2022_ward3,plurality,7,0.7479065642525428,1.0,0.7409782011357391,1.0,0.9493638642491176,1.0,0.9874529485570889,1.0,0.8666666666666667,0.9809523809523809,0.0,0.9328125,1.0,0.9285714285714286
aberdeen_2022_ward3,stv,7,0.7479065642525428,1.0,0.7409782011357391,1.0,0.9493638642491176,1.0,0.9874529485570889,1.0,0.8666666666666667,0.9809523809523809,0.0,0.940625,1.0,0.9285714285714286
aberdeen_2022_ward3,ranked-pairs,7,1.0,1.0,1.0,1.0,1.0,1.0,1.0,1.0,1.0,1.0,1.0,1.0,1.0,1.0
dumgal_2022_ward9,borda,7,0.9452065652095114,1.0,0.9853291038858047,1.0,1.0,1.0,1.0,1.0,0.8666666666666667,0.9619047619047619,0.0,0.9192708333333334,1.0,1.0
dumgal_2022_ward9,3-approval,7,0.9295887520776801,1.0,0.9759273875295974,1.0,1.0,1.0,1.0,1.0,0.8,0.8857142857142857,0.0,0.8677083333333333,1.0,0.8214285714285714
dumgal_2022_ward9,2-approval,7,0.8015466186442318,1.0,0.828039430449069,1.0,0.8015466186442318,1.0,0.828039430449069,1.0,0.8666666666666667,0.9428571428571428,0.0,0.7765625,1.0,0.9047619047619048
dumgal_2022_ward9,plurality,7,0.7718512546915373,1.0,0.7808998755112928,1.0,0.8015466186442318,1.0,0.828039430449069,1.0,0.6,0.8857142857142857,0.0,0.8070312500000001,1.0,0.9047619047619048
dumgal_2022_ward9,stv,7,0.7859560297503315,1.0,0.8036743515850144,1.0,0.8000272472956115,1.0,0.8257064721969007,1.0,0.7333333333333334,0.8761904761904762,0.0,0.7760416666666667,1.0,0.8571428571428571
dumgal_2022_ward9,ranked-pairs,7,1.0,1.0,1.0,1.0,1.0,1.0,1.0,1.0,1.0,1.0,1.0,1.0,1.0,1.0
east_ayrshire_2017_ward4,borda,7,1.0,1.0,1.0,1.0,1.0,1.0,1.0,1.0,1.0,1.0,1.0,1.0,1.0,1.0
east_ayrshire_2017_ward4,3-approval,7,1.0,1.0,1.0,1.0,1.0,1.0,1.0,1.0,1.0,1.0,0.0,0.9661458333333334,1.0,1.0
east_ayrshire_2017_ward4,2-approval,7,1.0,1.0,1.0,1.0,1.0,1.0,1.0,1.0,1.0,1.0,0.0,0.9791666666666666,1.0,1.0
east_ayrshire_2017_ward4,plurality,7,0.7122526088469107,1.0,0.6796019900497512,1.0,0.8122103184908377,1.0,0.844136926438456,1.0,0.8666666666666667,0.9619047619047619,0.0,0.8567708333333333,1.0,0.9523809523809523
east_ayrshire_2017_ward4,stv,7,0.7122526088469107,1.0,0.6796019900497512,1.0,0.8122103184908377,1.0,0.844136926438456,1.0,0.8666666666666667,0.9523809523809523,0.0,0.87578125,1.0,0.9523809523809523
east_ayrshire_2017_ward4,ranked-pairs,7,1.0,1.0,1.0,1.0,1.0,1.0,1.0,1.0,1.0,1.0,1.0,1.0,1.0,1.0
fife_2012_ward13,borda,7,1.0,1.0,1.0,1.0,1.0,1.0,1.0,1.0,1.0,1.0,1.0,1.0,1.0,1.0
fife_2012_ward13,3-approval,7,0.8082648480951184,1.0,0.8382389314865197,1.0,1.0,1.0,1.0,1.0,1.0,1.0,0.8333333333333334,0.9869791666666666,1.0,1.0
fife_2012_ward13,2-approval,7,1.0,1.0,1.0,1.0,1.0,1.0,1.0,1.0,0.9333333333333333,0.9714285714285714,0.0,0.94453125,1.0,1.0
fife_2012_ward13,plurality,7,0.7667273306183131,1.0,0.7724779394228475,1.0,1.0,1.0,1.0,1.0,0.8666666666666667,0.9619047619047619,0.0,0.9322916666666666,1.0,0.9285714285714286
fife_2012_ward13,stv,7,0.7667273306183131,1.0,0.7724779394228475,1.0,1.0,1.0,1.0,1.0,0.8,0.9238095238095237,0.0,0.9187500000000001,1.0,0.9285714285714286
fife_2012_ward13,ranked-pairs,7,1.0,1.0,1.0,1.0,1.0,1.0,1.0,1.0,1.0,1.0,1.0,1.0,1.0,1.0
dundee_2012_ward7,borda,7,0.9589281518917591,1.0,0.9917214511809106,1.0,1.0,1.0,1.0,1.0,0.9333333333333333,0.9809523809523809,0.0,0.9588541666666667,1.0,1.0
dundee_2012_ward7,3-approval,7,1.0,1.0,1.0,1.0,1.0,1.0,1.0,1.0,1.0,1.0,1.0,1.0,1.0,1.0
dundee_2012_ward7,2-approval,7,0.8823935761681162,1.0,0.9347209082308419,1.0,1.0,1.0,1.0,1.0,0.9333333333333333,0.9809523809523809,0.0,0.9229166666666667,1.0,1.0
dundee_2012_ward7,plurality,7,0.7609700252606585,1.0,0.7629310344827585,1.0,1.0,1.0,1.0,1.0,0.9333333333333333,0.9714285714285714,0.0,0.92734375,1.0,0.9285714285714286
dundee_2012_ward7,stv,7,0.8823935761681162,1.0,0.9347209082308419,1.0,1.0,1.0,1.0,1.0,0.8666666666666667,0.9619047619047619,0.0,0.92265625,1.0,0.9285714285714286
dundee_2012_ward7,ranked-pairs,7,1.0,1.0,1.0,1.0,1.0,1.0,1.0,1.0,1.0,1.0,1.0,1.0,1.0,1.0
inverclyde_2017_ward5,borda,7,1.0,1.0,1.0,1.0,1.0,1.0,1.0,1.0,1.0,1.0,0.0,0.9856770833333334,1.0,1.0
inverclyde_2017_ward5,3-approval,7,1.0,1.0,1.0,1.0,1.0,1.0,1.0,1.0,1.0,1.0,0.0,0.9627604166666667,1.0,1.0
inverclyde_2017_ward5,2-approval,7,0.8340931770036417,1.0,0.8754833720030938,1.0,1.0,1.0,1.0,1.0,1.0,1.0,0.0,0.9453125,1.0,1.0
inverclyde_2017_ward5,plurality,7,0.6501580984568013,1.0,0.5713591446622389,1.0,0.7339270057078632,1.0,0.7171180739953975,1.0,0.8666666666666667,0.9619047619047619,0.0,0.8934895833333334,1.0,0.9285714285714286
inverclyde_2017_ward5,stv,7,0.8119540281774782,1.0,0.8437559399353736,1.0,1.0,1.0,1.0,1.0,1.0,1.0,0.0,0.9536458333333333,1.0,1.0
inverclyde_2017_ward5,ranked-pairs,7,1.0,1.0,1.0,1.0,1.0,1.0,1.0,1.0,1.0,1.0,1.0,1.0,1.0,1.0
aberdeenshire_2022_ward9,borda,7,1.0,1.0,1.0,1.0,1.0,1.0,1.0,1.0,0.9333333333333333,0.9809523809523809,0.0,0.9690104166666667,1.0,1.0
aberdeenshire_2022_ward9,3-approval,7,0.8667326390664297,1.0,0.9172052401746724,1.0,1.0,1.0,1.0,1.0,0.9333333333333333,0.9619047619047619,0.0,0.9395833333333333,1.0,1.0
aberdeenshire_2022_ward9,2-approval,7,0.7599508757816152,1.0,0.7612323491655968,1.0,1.0,1.0,1.0,1.0,0.6666666666666667,0.8571428571428572,0.0,0.8283854166666667,1.0,1.0
aberdeenshire_2022_ward9,plurality,7,0.9146728578843184,1.0,0.9649122807017544,1.0,1.0,1.0,1.0,1.0,0.8,0.9142857142857143,0.0,0.8359375,1.0,0.9523809523809524
aberdeenshire_2022_ward9,stv,7,0.9146728578843184,1.0,0.9649122807017544,1.0,1.0,1.0,1.0,1.0,0.7333333333333334,0.8952380952380953,0.0,0.8359375,1.0,0.9523809523809524
aberdeenshire_2022_ward9,ranked-pairs,7,1.0,1.0,1.0,1.0,1.0,1.0,1.0,1.0,1.0,1.0,1.0,1.0,1.0,1.0
stirling_2012_ward7,borda,7,0.9221962826938445,1.0,0.9707112970711297,1.0,1.0,1.0,1.0,1.0,1.0,1.0,1.0,1.0,1.0,1.0
stirling_2012_ward7,3-approval,7,0.9221962826938445,1.0,0.9707112970711297,1.0,1.0,1.0,1.0,1.0,1.0,1.0,0.8333333333333334,0.9799479166666667,1.0,1.0
stirling_2012_ward7,2-approval,7,0.9221962826938445,1.0,0.9707112970711297,1.0,1.0,1.0,1.0,1.0,0.9333333333333333,0.9904761904761905,0.6666666666666667,0.9697916666666666,1.0,1.0
stirling_2012_ward7,plurality,7,0.9221962826938445,1.0,0.9707112970711297,1.0,1.0,1.0,1.0,1.0,0.9333333333333333,0.9714285714285714,0.0,0.9356770833333333,1.0,0.9285714285714286
stirling_2012_ward7,stv,7,0.9221962826938445,1.0,0.9707112970711297,1.0,1.0,1.0,1.0,1.0,0.9333333333333333,0.9809523809523809,0.0,0.9427083333333334,1.0,0.9285714285714286
stirling_2012_ward7,ranked-pairs,7,1.0,1.0,1.0,1.0,1.0,1.0,1.0,1.0,1.0,1.0,1.0,1.0,1.0,1.0
aberdeenshire_2017_ward8,borda,7,1.0,1.0,1.0,1.0,1.0,1.0,1.0,1.0,1.0,1.0,1.0,1.0,1.0,1.0
aberdeenshire_2017_ward8,3-approval,7,1.0,1.0,1.0,1.0,1.0,1.0,1.0,1.0,0.9333333333333333,0.9904761904761905,0.8,0.9736979166666667,1.0,1.0
aberdeenshire_2017_ward8,2-approval,7,0.819799801813071,1.0,0.8552796140789709,1.0,0.8953649206095956,1.0,0.9478521853310823,1.0,0.9333333333333333,0.9714285714285714,0.0,0.8695312499999999,1.0,0.9523809523809523
aberdeenshire_2017_ward8,plurality,7,0.819799801813071,1.0,0.8552796140789709,1.0,0.8953649206095956,1.0,0.9478521853310823,1.0,0.8666666666666667,0.9238095238095239,0.0,0.9065104166666667,1.0,0.9523809523809523
aberdeenshire_2017_ward8,stv,7,0.8467766710911784,1.0,0.8924731182795701,1.0,0.8953649206095956,1.0,0.9478521853310823,1.0,0.8,0.9523809523809523,0.0,0.9145833333333333,1.0,0.9523809523809523
aberdeenshire_2017_ward8,ranked-pairs,7,1.0,1.0,1.0,1.0,1.0,1.0,1.0,1.0,1.0,1.0,1.0,1.0,1.0,1.0
aberdeen_2012_ward4,borda,7,0.9456145312460658,1.0,0.9855446566855965,1.0,0.9456145312460658,1.0,0.9855446566855965,1.0,0.8666666666666667,0.9809523809523809,0.0,0.9497395833333333,1.0,0.9285714285714286
aberdeen_2012_ward4,3-approval,7,0.8822869308075072,1.0,0.9346076458752517,1.0,0.9456145312460658,1.0,0.9855446566855965,1.0,0.9333333333333333,0.9809523809523809,0.0,0.94765625,1.0,1.0
aberdeen_2012_ward4,2-approval,7,0.9709550152409689,1.0,0.9958484691229893,1.0,0.9709550152409689,1.0,0.9958484691229893,1.0,0.8,0.9619047619047619,0.0,0.909375,1.0,0.9285714285714286
aberdeen_2012_ward4,plurality,7,0.8098598846726518,1.0,0.8406317300789665,1.0,0.9456145312460658,1.0,0.9855446566855965,1.0,0.7333333333333334,0.9142857142857143,0.0,0.8125,1.0,0.9285714285714286
aberdeen_2012_ward4,stv,7,0.8167385560547982,1.0,0.850818094321463,1.0,0.9456145312460658,1.0,0.9855446566855965,1.0,0.7333333333333334,0.9047619047619048,0.0,0.86171875,1.0,0.9285714285714286
aberdeen_2012_ward4,ranked-pairs,7,0.9709550152409689,1.0,0.9958484691229893,1.0,0.9709550152409689,1.0,0.9958484691229893,1.0,0.9333333333333333,0.9904761904761905,0.0,0.9703125,1.0,0.9285714285714286
glasgow_2022_ward22,borda,7,0.8527880464637609,1.0,0.9001912710832898,1.0,0.8894899234303255,1.0,0.9420650435400746,1.0,1.0,1.0,1.0,1.0,1.0,1.0
glasgow_2022_ward22,3-approval,7,0.787785119649753,1.0,0.8065795999338733,1.0,1.0,1.0,1.0,1.0,0.8666666666666667,0.9428571428571428,0.0,0.86015625,1.0,0.9285714285714286
glasgow_2022_ward22,2-approval,7,0.744637785466295,1.0,0.7354295696363348,1.0,0.8894899234303255,1.0,0.9420650435400746,1.0,0.8666666666666667,0.9428571428571428,0.0,0.8528645833333333,1.0,0.8571428571428571
glasgow_2022_ward22,plurality,7,0.744637785466295,1.0,0.7354295696363348,1.0,0.8894899234303255,1.0,0.9420650435400746,1.0,0.8666666666666667,0.9619047619047619,0.0,0.8585937499999999,1.0,1.0
glasgow_2022_ward22,stv,7,0.744637785466295,1.0,0.7354295696363348,1.0,0.8894899234303255,1.0,0.9420650435400746,1.0,0.8666666666666667,0.9619047619047619,0.0,0.8273437499999999,1.0,1.0
glasgow_2022_ward22,ranked-pairs,7,1.0,1.0,1.0,1.0,1.0,1.0,1.0,1.0,1.0,1.0,1.0,1.0,1.0,1.0
fife_2012_ward11,borda,7,1.0,1.0,1.0,1.0,1.0,1.0,1.0,1.0,1.0,1.0,1.0,1.0,1.0,1.0
fife_2012_ward11,3-approval,7,1.0,1.0,1.0,1.0,1.0,1.0,1.0,1.0,1.0,1.0,1.0,1.0,1.0,1.0
fife_2012_ward11,2-approval,7,0.8329922475749963,1.0,0.8739656269891789,1.0,1.0,1.0,1.0,1.0,0.9333333333333333,0.9523809523809523,0.0,0.9557291666666666,1.0,1.0
fife_2012_ward11,plurality,7,0.8329922475749963,1.0,0.8739656269891789,1.0,1.0,1.0,1.0,1.0,0.9333333333333333,0.9809523809523809,0.0,0.9583333333333334,1.0,0.9285714285714286
fife_2012_ward11,stv,7,0.8329922475749963,1.0,0.8739656269891789,1.0,1.0,1.0,1.0,1.0,0.9333333333333333,0.9619047619047619,0.0,0.93671875,1.0,1.0
fife_2012_ward11,ranked-pairs,7,1.0,1.0,1.0,1.0,1.0,1.0,1.0,1.0,1.0,1.0,1.0,1.0,1.0,1.0
dundee_2012_ward5,borda,7,0.9846348380992561,1.0,0.9988358556461003,1.0,0.9846348380992561,1.0,0.9988358556461003,1.0,1.0,1.0,1.0,1.0,1.0,1.0
dundee_2012_ward5,3-approval,7,0.9846348380992561,1.0,0.9988358556461003,1.0,0.9846348380992561,1.0,0.9988358556461003,1.0,1.0,1.0,0.8333333333333334,0.9895833333333334,1.0,1.0
dundee_2012_ward5,2-approval,7,0.8348353224695647,1.0,0.8765027322404374,1.0,0.9846348380992561,1.0,0.9988358556461003,1.0,0.9333333333333333,0.9619047619047619,0.0,0.9463541666666667,1.0,1.0
dundee_2012_ward5,plurality,7,0.7753950571145491,1.0,0.7866805411030178,1.0,0.7753950571145491,1.0,0.7866805411030178,1.0,0.8666666666666667,0.9714285714285714,0.0,0.903125,1.0,0.9285714285714286
dundee_2012_ward5,stv,7,0.8348353224695647,1.0,0.8765027322404374,1.0,0.9846348380992561,1.0,0.9988358556461003,1.0,0.9333333333333333,0.9809523809523809,0.0,0.925,1.0,0.9285714285714286
dundee_2012_ward5,ranked-pairs,7,1.0,1.0,1.0,1.0,1.0,1.0,1.0,1.0,1.0,1.0,1.0,1.0,1.0,1.0
renfrewshire_2012_ward9,borda,7,1.0,1.0,1.0,1.0,1.0,1.0,1.0,1.0,1.0,1.0,1.0,1.0,1.0,1.0
renfrewshire_2012_ward9,3-approval,7,1.0,1.0,1.0,1.0,1.0,1.0,1.0,1.0,0.9333333333333333,0.9809523809523809,0.8333333333333334,0.99609375,1.0,1.0
renfrewshire_2012_ward9,2-approval,7,1.0,1.0,1.0,1.0,1.0,1.0,1.0,1.0,1.0,1.0,0.6666666666666667,0.9901041666666667,1.0,1.0
renfrewshire_2012_ward9,plurality,7,1.0,1.0,1.0,1.0,1.0,1.0,1.0,1.0,0.9333333333333333,0.9809523809523809,0.6666666666666667,0.98125,1.0,1.0
renfrewshire_2012_ward9,stv,7,1.0,1.0,1.0,1.0,1.0,1.0,1.0,1.0,0.9333333333333333,0.9809523809523809,0.6666666666666667,0.98125,1.0,1.0
renfrewshire_2012_ward9,ranked-pairs,7,1.0,1.0,1.0,1.0,1.0,1.0,1.0,1.0,1.0,1.0,1.0,1.0,1.0,1.0
east_renfrewshire_2022_ward3,borda,7,0.9589718256118568,1.0,0.9917389508467574,1.0,1.0,1.0,1.0,1.0,1.0,1.0,1.0,1.0,1.0,1.0
east_renfrewshire_2022_ward3,3-approval,7,0.9589718256118568,1.0,0.9917389508467574,1.0,1.0,1.0,1.0,1.0,0.9333333333333333,0.9619047619047619,0.0,0.9447916666666667,1.0,1.0
east_renfrewshire_2022_ward3,2-approval,7,0.8718834501242212,1.0,0.9231587343791544,1.0,0.9160666019876659,1.0,0.9660233759173686,1.0,0.9333333333333333,0.9428571428571428,0.0,0.8541666666666666,1.0,0.7619047619047619
east_renfrewshire_2022_ward3,plurality,7,0.7563176896793727,1.0,0.7551565154088812,1.0,0.9160666019876659,1.0,0.9660233759173686,1.0,0.8,0.9523809523809523,0.0,0.8950520833333333,1.0,1.0
east_renfrewshire_2022_ward3,stv,7,0.7563176896793727,1.0,0.7551565154088812,1.0,0.9160666019876659,1.0,0.9660233759173686,1.0,0.8,0.9428571428571428,0.0,0.8950520833333333,1.0,1.0
east_renfrewshire_2022_ward3,ranked-pairs,7,1.0,1.0,1.0,1.0,1.0,1.0,1.0,1.0,1.0,1.0,1.0,1.0,1.0,1.0
renfrewshire_2012_ward4,borda,8,1.0,1.0,1.0,1.0,1.0,1.0,1.0,1.0,0.9523809523809523,0.9940476190476191,0.9333333333333333,0.9990327380952381,1.0,1.0
renfrewshire_2012_ward4,3-approval,8,0.9200367258283995,1.0,0.9690968443960826,1.0,1.0,1.0,1.0,1.0,0.9523809523809523,0.9761904761904762,0.0,0.9660528273809523,1.0,1.0
renfrewshire_2012_ward4,2-approval,8,0.8495490847369677,1.0,0.8960603520536461,1.0,1.0,1.0,1.0,1.0,0.9523809523809523,0.9702380952380952,0.0,0.9412574404761904,1.0,1.0
renfrewshire_2012_ward4,plurality,8,0.7793603487120766,1.0,0.793103448275862,1.0,1.0,1.0,1.0,1.0,0.9047619047619048,0.9702380952380952,0.0,0.8937313988095239,1.0,1.0
renfrewshire_2012_ward4,stv,8,0.8311094649237993,1.0,0.8713547052740435,1.0,1.0,1.0,1.0,1.0,0.9047619047619048,0.9761904761904762,0.0,0.9060267857142859,1.0,1.0
renfrewshire_2012_ward4,ranked-pairs,8,1.0,1.0,1.0,1.0,1.0,1.0,1.0,1.0,1.0,1.0,1.0,1.0,1.0,1.0
angus_2017_ward3,borda,8,0.9292148280273199,1.0,0.9756751922732965,1.0,1.0,1.0,1.0,1.0,0.9523809523809523,0.9880952380952381,0.0,0.9695498511904762,1.0,1.0
angus_2017_ward3,3-approval,8,0.8812341746729675,1.0,0.9334850341326798,1.0,1.0,1.0,1.0,1.0,0.9523809523809523,0.9821428571428571,0.0,0.9633742559523809,1.0,1.0
angus_2017_ward3,2-approval,8,0.8469776599503313,1.0,0.8927347498286498,1.0,0.8543716240593033,1.0,0.9021870156707421,1.0,0.9523809523809523,0.9821428571428571,0.0,0.865327380952381,1.0,0.9583333333333333
angus_2017_ward3,plurality,8,0.7329761207343425,1.0,0.715483770771859,1.0,0.8543716240593033,1.0,0.9021870156707421,1.0,0.8571428571428572,0.9523809523809523,0.0,0.8560639880952382,1.0,0.9583333333333333
angus_2017_ward3,stv,8,0.7329761207343425,1.0,0.715483770771859,1.0,0.8543716240593033,1.0,0.9021870156707421,1.0,0.8571428571428572,0.9404761904761905,0.0,0.847749255952381,1.0,0.9583333333333333
angus_2017_ward3,ranked-pairs,8,1.0,1.0,1.0,1.0,1.0,1.0,1.0,1.0,1.0,1.0,1.0,1.0,1.0,1.0
fife_2022_ward22,borda,8,0.9450061257330543,1.0,0.9852226327046469,1.0,1.0,1.0,1.0,1.0,1.0,1.0,0.6666666666666667,0.9967447916666666,1.0,1.0
fife_2022_ward22,3-approval,8,0.9450061257330543,1.0,0.9852226327046469,1.0,1.0,1.0,1.0,1.0,1.0,1.0,0.0,0.9712239583333333,1.0,1.0
fife_2022_ward22,2-approval,8,0.8067795859631552,1.0,0.8360007192950907,1.0,1.0,1.0,1.0,1.0,0.9047619047619048,0.9761904761904762,0.0,0.8672247023809525,1.0,1.0
fife_2022_ward22,plurality,8,0.8067795859631552,1.0,0.8360007192950907,1.0,1.0,1.0,1.0,1.0,0.9047619047619048,0.9642857142857143,0.0,0.9051339285714286,1.0,1.0
fife_2022_ward22,stv,8,0.8067795859631552,1.0,0.8360007192950907,1.0,1.0,1.0,1.0,1.0,0.9047619047619048,0.9583333333333334,0.0,0.8963541666666668,1.0,1.0
fife_2022_ward22,ranked-pairs,8,1.0,1.0,1.0,1.0,1.0,1.0,1.0,1.0,1.0,1.0,1.0,1.0,1.0,1.0
west_lothian_2012_ward3,borda,8,0.8867447578979288,1.0,0.9392693341768148,1.0,0.8867447578979288,1.0,0.9392693341768148,1.0,0.9523809523809523,0.9880952380952381,0.0,0.9593936011904762,1.0,0.9166666666666666
west_lothian_2012_ward3,3-approval,8,1.0,1.0,1.0,1.0,1.0,1.0,1.0,1.0,0.9523809523809523,0.9940476190476191,0.8333333333333334,0.9836681547619047,1.0,1.0
west_lothian_2012_ward3,2-approval,8,0.8016769783095143,1.0,0.8282391531236022,1.0,0.8867447578979288,1.0,0.9392693341768148,1.0,0.9047619047619048,0.9583333333333334,0.0,0.9174479166666667,1.0,0.9166666666666666
west_lothian_2012_ward3,plurality,8,0.6304575898630816,1.0,0.5375548589341693,1.0,0.8867447578979288,1.0,0.9392693341768148,1.0,0.9047619047619048,0.9523809523809523,0.0,0.8624441964285715,1.0,0.9583333333333334
west_lothian_2012_ward3,stv,8,0.7825358231036118,1.0,0.7982108813609036,1.0,0.8867447578979288,1.0,0.9392693341768148,1.0,0.8095238095238095,0.9404761904761905,0.0,0.8775669642857143,1.0,0.9166666666666666
west_lothian_2012_ward3,ranked-pairs,8,1.0,1.0,1.0,1.0,1.0,1.0,1.0,1.0,1.0,1.0,1.0,1.0,1.0,1.0
glasgow_2017_ward21,borda,8,1.0,1.0,1.0,1.0,1.0,1.0,1.0,1.0,0.9523809523809523,0.9940476190476191,0.0,0.9824962797619048,1.0,0.9375
glasgow_2017_ward21,3-approval,8,1.0,1.0,1.0,1.0,1.0,1.0,1.0,1.0,1.0,1.0,0.0,0.982421875,1.0,1.0
glasgow_2017_ward21,2-approval,8,0.8520122169009404,1.0,0.8992077464788731,1.0,1.0,1.0,1.0,1.0,0.9047619047619048,0.9761904761904762,0.0,0.940922619047619,1.0,1.0
glasgow_2017_ward21,plurality,8,0.6509968671655643,1.0,0.572808456351376,1.0,1.0,1.0,1.0,1.0,0.8095238095238095,0.9642857142857143,0.0,0.8731026785714286,1.0,0.9375
glasgow_2017_ward21,stv,8,0.6509968671655643,1.0,0.572808456351376,1.0,1.0,1.0,1.0,1.0,0.8095238095238095,0.9345238095238095,0.0,0.8476934523809524,1.0,0.9375
glasgow_2017_ward21,ranked-pairs,8,1.0,1.0,1.0,1.0,1.0,1.0,1.0,1.0,1.0,1.0,1.0,1.0,1.0,1.0
north_lanarkshire_2012_ward11,borda,8,1.0,1.0,1.0,1.0,1.0,1.0,1.0,1.0,0.9523809523809523,0.9940476190476191,0.6666666666666667,0.9925223214285714,1.0,1.0
north_lanarkshire_2012_ward11,3-approval,8,1.0,1.0,1.0,1.0,1.0,1.0,1.0,1.0,0.9523809523809523,0.9940476190476191,0.8333333333333334,0.9977306547619048,1.0,1.0
north_lanarkshire_2012_ward11,2-approval,8,0.8300458098689454,1.0,0.8698712446351932,1.0,1.0,1.0,1.0,1.0,0.9047619047619048,0.9583333333333334,0.0,0.9341145833333333,1.0,1.0
north_lanarkshire_2012_ward11,plurality,8,0.8046299640115047,1.0,0.8327444051825676,1.0,1.0,1.0,1.0,1.0,0.9047619047619048,0.9702380952380952,0.0,0.8965959821428572,1.0,1.0
north_lanarkshire_2012_ward11,stv,8,0.8046299640115047,1.0,0.8327444051825676,1.0,1.0,1.0,1.0,1.0,0.8095238095238095,0.9166666666666666,0.0,0.8864583333333333,1.0,1.0
north_lanarkshire_2012_ward11,ranked-pairs,8,1.0,1.0,1.0,1.0,1.0,1.0,1.0,1.0,1.0,1.0,1.0,1.0,1.0,1.0
highland_2022_black_isle,borda,8,0.9362926110331963,1.0,0.9802354920100924,1.0,1.0,1.0,1.0,1.0,1.0,1.0,1.0,1.0,1.0,1.0
highland_2022_black_isle,3-approval,8,0.9362926110331963,1.0,0.9802354920100924,1.0,1.0,1.0,1.0,1.0,1.0,1.0,0.6666666666666667,0.9662760416666667,1.0,1.0
highland_2022_black_isle,2-approval,8,0.8141623797067602,1.0,0.8470288291821926,1.0,0.9032163778701086,1.0,0.9551588125389248,1.0,0.9523809523809523,0.9821428571428571,0.0,0.8270461309523809,1.0,1.0
highland_2022_black_isle,plurality,8,0.7129897700748672,1.0,0.6808852400499733,1.0,0.7129897700748672,1.0,0.6808852400499733,1.0,0.8095238095238095,0.9583333333333334,0.0,0.8694010416666669,1.0,0.8125000000000001
highland_2022_black_isle,stv,8,0.7600283150324212,1.0,0.7613615111277352,1.0,1.0,1.0,1.0,1.0,0.8095238095238095,0.9702380952380952,0.0,0.8672991071428572,1.0,0.9375
highland_2022_black_isle,ranked-pairs,8,1.0,1.0,1.0,1.0,1.0,1.0,1.0,1.0,1.0,1.0,1.0,1.0,1.0,1.0
argyll_bute_2017_ward11,borda,8,1.0,1.0,1.0,1.0,1.0,1.0,1.0,1.0,1.0,1.0,0.6666666666666667,0.9986979166666666,1.0,1.0
argyll_bute_2017_ward11,3-approval,8,1.0,1.0,1.0,1.0,1.0,1.0,1.0,1.0,1.0,1.0,0.0,0.9692708333333333,1.0,1.0
argyll_bute_2017_ward11,2-approval,8,0.8119171919344154,1.0,0.8437011566114412,1.0,1.0,1.0,1.0,1.0,0.9523809523809523,0.9642857142857143,0.0,0.9233630952380952,1.0,1.0
argyll_bute_2017_ward11,plurality,8,0.6803640626192793,1.0,0.623898678414097,1.0,0.7232690784668211,1.0,0.6987327188940095,1.0,0.8571428571428572,0.9404761904761905,0.0,0.8443638392857145,1.0,1.0
argyll_bute_2017_ward11,stv,8,0.7232690784668211,1.0,0.6987327188940095,1.0,0.7232690784668211,1.0,0.6987327188940095,1.0,0.9047619047619048,0.9702380952380952,0.0,0.9143043154761905,1.0,0.875
argyll_bute_2017_ward11,ranked-pairs,8,1.0,1.0,1.0,1.0,1.0,1.0,1.0,1.0,1.0,1.0,1.0,1.0,1.0,1.0
east_dunbartonshire_2022_ward4,borda,8,0.8878331013113878,1.0,0.9403846153846155,1.0,1.0,1.0,1.0,1.0,1.0,1.0,0.0,0.9703125,1.0,1.0
east_dunbartonshire_2022_ward4,3-approval,8,0.8878331013113878,1.0,0.9403846153846155,1.0,1.0,1.0,1.0,1.0,0.9523809523809523,0.9821428571428571,0.0,0.9536086309523809,1.0,1.0
east_dunbartonshire_2022_ward4,2-approval,8,0.8878331013113878,1.0,0.9403846153846155,1.0,1.0,1.0,1.0,1.0,0.9523809523809523,0.9761904761904762,0.0,0.9181361607142857,1.0,1.0
east_dunbartonshire_2022_ward4,plurality,8,0.7543934046838268,1.0,0.7519262072707541,1.0,0.7773174040677415,1.0,0.7898004434589802,1.0,0.8571428571428572,0.9761904761904762,0.0,0.8922247023809525,1.0,0.9583333333333333
east_dunbartonshire_2022_ward4,stv,8,0.7543934046838268,1.0,0.7519262072707541,1.0,0.7543934046838268,1.0,0.7519262072707541,1.0,0.9047619047619048,0.9642857142857143,0.0,0.8875558035714286,1.0,0.8333333333333334
east_dunbartonshire_2022_ward4,ranked-pairs,8,1.0,1.0,1.0,1.0,1.0,1.0,1.0,1.0,1.0,1.0,1.0,1.0,1.0,1.0
aberdeen_2017_ward9,borda,8,1.0,1.0,1.0,1.0,1.0,1.0,1.0,1.0,0.9523809523809523,0.9880952380952381,0.0,0.9785342261904761,1.0,1.0
aberdeen_2017_ward9,3-approval,8,1.0,1.0,1.0,1.0,1.0,1.0,1.0,1.0,0.9523809523809523,0.9940476190476191,0.0,0.9732514880952381,1.0,1.0
aberdeen_2017_ward9,2-approval,8,1.0,1.0,1.0,1.0,1.0,1.0,1.0,1.0,0.9523809523809523,0.9940476190476191,0.0,0.9866629464285714,1.0,1.0
aberdeen_2017_ward9,plurality,8,0.7765787264024812,1.0,0.7886029411764707,1.0,1.0,1.0,1.0,1.0,0.9047619047619048,0.9821428571428571,0.0,0.9650669642857143,1.0,0.9583333333333334
aberdeen_2017_ward9,stv,8,0.7765787264024812,1.0,0.7886029411764707,1.0,1.0,1.0,1.0,1.0,0.9047619047619048,0.9821428571428571,0.0,0.9610305059523809,1.0,1.0
aberdeen_2017_ward9,ranked-pairs,8,1.0,1.0,1.0,1.0,1.0,1.0,1.0,1.0,1.0,1.0,1.0,1.0,1.0,1.0
highland_2017_ward20,borda,8,1.0,1.0,1.0,1.0,1.0,1.0,1.0,1.0,0.9523809523809523,0.9880952380952381,0.0,0.9678571428571429,1.0,1.0
highland_2017_ward20,3-approval,8,1.0,1.0,1.0,1.0,1.0,1.0,1.0,1.0,0.9523809523809523,0.9880952380952381,0.0,0.9717633928571429,1.0,1.0
highland_2017_ward20,2-approval,8,0.8240011997064001,1.0,0.8613277864447911,1.0,0.8240011997064001,1.0,0.8613277864447911,1.0,0.9047619047619048,0.9642857142857143,0.0,0.8684151785714287,1.0,0.875
highland_2017_ward20,plurality,8,0.730191051292668,1.0,0.7106898199776962,1.0,0.8240011997064001,1.0,0.8613277864447911,1.0,0.9047619047619048,0.9642857142857143,0.0,0.8721912202380954,1.0,0.9583333333333333
highland_2017_ward20,stv,8,0.730191051292668,1.0,0.7106898199776962,1.0,0.8240011997064001,1.0,0.8613277864447911,1.0,0.9047619047619048,0.9583333333333334,0.0,0.8677083333333335,1.0,0.9583333333333333
highland_2017_ward20,ranked-pairs,8,1.0,1.0,1.0,1.0,1.0,1.0,1.0,1.0,1.0,1.0,1.0,1.0,1.0,1.0
west_lothian_2017_ward4,borda,8,0.8913488125809748,1.0,0.9439252336448599,1.0,1.0,1.0,1.0,1.0,0.9047619047619048,0.9821428571428571,0.0,0.9477492559523809,1.0,1.0
west_lothian_2017_ward4,3-approval,8,0.8599946258062409,1.0,0.9091437202277217,1.0,1.0,1.0,1.0,1.0,0.9523809523809523,0.9821428571428571,0.0,0.923139880952381,1.0,1.0
west_lothian_2017_ward4,2-approval,8,0.8313859925173553,1.0,0.8717393780612829,1.0,1.0,1.0,1.0,1.0,0.8571428571428572,0.9285714285714286,0.0,0.9143043154761906,1.0,0.8333333333333334
west_lothian_2017_ward4,plurality,8,0.7670329513975996,1.0,0.772982304704359,1.0,0.7670329513975996,1.0,0.772982304704359,1.0,0.8095238095238095,0.9523809523809523,0.0,0.854892113095238,1.0,0.9583333333333333
west_lothian_2017_ward4,stv,8,0.7670329513975996,1.0,0.772982304704359,1.0,0.7670329513975996,1.0,0.772982304704359,1.0,0.8095238095238095,0.9345238095238095,0.0,0.8654017857142857,1.0,0.9583333333333333
west_lothian_2017_ward4,ranked-pairs,8,1.0,1.0,1.0,1.0,1.0,1.0,1.0,1.0,1.0,1.0,1.0,1.0,1.0,1.0
perth_kinross_2017_ward8,borda,8,1.0,1.0,1.0,1.0,1.0,1.0,1.0,1.0,0.9047619047619048,0.9642857142857143,0.0,0.9461495535714285,1.0,0.9583333333333334
perth_kinross_2017_ward8,3-approval,8,1.0,1.0,1.0,1.0,1.0,1.0,1.0,1.0,1.0,1.0,0.0,0.951953125,1.0,1.0
perth_kinross_2017_ward8,2-approval,8,0.7840930880623291,1.0,0.8007033997655333,1.0,0.9001188961648575,1.0,0.9523355576739753,1.0,0.9523809523809523,0.9702380952380952,0.0,0.8751116071428573,1.0,1.0
perth_kinross_2017_ward8,plurality,8,0.6657103264443892,1.0,0.5983350676378771,1.0,0.7135758925237538,1.0,0.6819052833287708,1.0,0.7619047619047619,0.9523809523809523,0.0,0.8046316964285714,1.0,0.9583333333333334
perth_kinross_2017_ward8,stv,8,0.6657103264443892,1.0,0.5983350676378771,1.0,0.7135758925237538,1.0,0.6819052833287708,1.0,0.8095238095238095,0.9464285714285714,0.0,0.8132998511904761,1.0,0.9166666666666666
perth_kinross_2017_ward8,ranked-pairs,8,1.0,1.0,1.0,1.0,1.0,1.0,1.0,1.0,1.0,1.0,1.0,1.0,1.0,1.0
orkney_2012_ward1,borda,8,1.0,1.0,1.0,1.0,1.0,1.0,1.0,1.0,1.0,1.0,1.0,1.0,1.0,1.0
orkney_2012_ward1,3-approval,8,1.0,1.0,1.0,1.0,1.0,1.0,1.0,1.0,1.0,1.0,1.0,1.0,1.0,1.0
orkney_2012_ward1,2-approval,8,0.8313366021349262,1.0,0.8716707021791769,1.0,1.0,1.0,1.0,1.0,0.9523809523809523,0.9642857142857143,0.0,0.9656808035714286,1.0,1.0
orkney_2012_ward1,plurality,8,0.7456080447837344,1.0,0.7370786516853934,1.0,1.0,1.0,1.0,1.0,0.9523809523809523,0.9940476190476191,0.0,0.9550223214285715,1.0,1.0
orkney_2012_ward1,stv,8,0.8313366021349262,1.0,0.8716707021791769,1.0,1.0,1.0,1.0,1.0,0.9523809523809523,0.9940476190476191,0.0,0.9676525297619047,1.0,1.0
orkney_2012_ward1,ranked-pairs,8,1.0,1.0,1.0,1.0,1.0,1.0,1.0,1.0,1.0,1.0,1.0,1.0,1.0,1.0
clackmannanshire_2017_ward1,borda,8,1.0,1.0,1.0,1.0,1.0,1.0,1.0,1.0,0.9523809523809523,0.9880952380952381,0.9,0.9984561011904762,1.0,1.0
clackmannanshire_2017_ward1,3-approval,8,0.9536148991662333,1.0,0.9894570374275174,1.0,1.0,1.0,1.0,1.0,0.8571428571428572,0.9523809523809523,0.0,0.9138764880952381,1.0,1.0
clackmannanshire_2017_ward1,2-approval,8,0.8380532353602578,1.0,0.880887116870172,1.0,1.0,1.0,1.0,1.0,0.9523809523809523,0.9761904761904762,0.0,0.920219494047619,1.0,1.0
clackmannanshire_2017_ward1,plurality,8,0.7206970217156191,1.0,0.6942760942760943,1.0,0.7542484427189559,1.0,0.7516825249477839,1.0,0.8571428571428572,0.9464285714285714,0.0,0.8377790178571427,1.0,0.9583333333333333
clackmannanshire_2017_ward1,stv,8,0.7206970217156191,1.0,0.6942760942760943,1.0,0.7542484427189559,1.0,0.7516825249477839,1.0,0.8571428571428572,0.9464285714285714,0.0,0.8471540178571428,1.0,0.9583333333333333
clackmannanshire_2017_ward1,ranked-pairs,8,1.0,1.0,1.0,1.0,1.0,1.0,1.0,1.0,1.0,1.0,1.0,1.0,1.0,1.0
edinburgh_2022_ward4,borda,8,1.0,1.0,1.0,1.0,1.0,1.0,1.0,1.0,0.9523809523809523,0.9880952380952381,0.0,0.9700706845238095,1.0,0.9166666666666666
edinburgh_2022_ward4,3-approval,8,1.0,1.0,1.0,1.0,1.0,1.0,1.0,1.0,0.8095238095238095,0.9226190476190477,0.0,0.9249255952380953,1.0,0.7708333333333333
edinburgh_2022_ward4,2-approval,8,0.7339151883820494,1.0,0.7170977712705385,1.0,1.0,1.0,1.0,1.0,0.8571428571428572,0.8988095238095238,0.0,0.7925409226190475,1.0,1.0
edinburgh_2022_ward4,plurality,8,0.7299538997817278,1.0,0.7102811310054283,1.0,0.7299538997817278,1.0,0.7102811310054283,1.0,0.8571428571428572,0.9107142857142857,0.0,0.8210379464285713,1.0,0.9270833333333334
edinburgh_2022_ward4,stv,8,0.7299538997817278,1.0,0.7102811310054283,1.0,0.874328052307004,1.0,0.925919167959128,1.0,0.7619047619047619,0.8928571428571429,0.0,0.8023809523809521,1.0,0.9583333333333334
edinburgh_2022_ward4,ranked-pairs,8,1.0,1.0,1.0,1.0,1.0,1.0,1.0,1.0,1.0,1.0,1.0,1.0,1.0,1.0
edinburgh_2012_ward16,borda,8,1.0,1.0,1.0,1.0,1.0,1.0,1.0,1.0,1.0,1.0,1.0,1.0,1.0,1.0
edinburgh_2012_ward16,3-approval,8,1.0,1.0,1.0,1.0,1.0,1.0,1.0,1.0,1.0,1.0,0.0,0.9748697916666667,1.0,1.0
edinburgh_2012_ward16,2-approval,8,0.8352303634745077,1.0,0.8770440902504656,1.0,1.0,1.0,1.0,1.0,1.0,1.0,0.0,0.8965587797619049,1.0,1.0
edinburgh_2012_ward16,plurality,8,0.7006062767347353,1.0,0.6592863677950593,1.0,0.7006062767347353,1.0,0.6592863677950593,1.0,0.8571428571428572,0.9583333333333334,0.0,0.8941406250000001,1.0,0.9583333333333333
edinburgh_2012_ward16,stv,8,0.7006062767347353,1.0,0.6592863677950593,1.0,0.7006062767347353,1.0,0.6592863677950593,1.0,0.8571428571428572,0.9345238095238095,0.0,0.8842819940476192,1.0,0.8958333333333333
edinburgh_2012_ward16,ranked-pairs,8,1.0,1.0,1.0,1.0,1.0,1.0,1.0,1.0,1.0,1.0,1.0,1.0,1.0,1.0
perth_kinross_2022_ward4,borda,8,1.0,1.0,1.0,1.0,1.0,1.0,1.0,1.0,0.9523809523809523,0.9880952380952381,0.0,0.9838727678571428,1.0,0.8958333333333334
perth_kinross_2022_ward4,3-approval,8,1.0,1.0,1.0,1.0,1.0,1.0,1.0,1.0,0.9523809523809523,0.9821428571428571,0.0,0.9831659226190477,1.0,1.0
perth_kinross_2022_ward4,2-approval,8,0.8077686527698723,1.0,0.8374922664466902,1.0,0.8077686527698723,1.0,0.8374922664466902,1.0,0.8095238095238095,0.9523809523809523,0.0,0.8893973214285715,1.0,0.7708333333333334
perth_kinross_2022_ward4,plurality,8,0.8077686527698723,1.0,0.8374922664466902,1.0,0.8950418580842785,1.0,0.9475409836065575,1.0,0.9047619047619048,0.9642857142857143,0.0,0.8707589285714287,1.0,0.875
perth_kinross_2022_ward4,stv,8,0.8077686527698723,1.0,0.8374922664466902,1.0,0.8950418580842785,1.0,0.9475409836065575,1.0,0.8571428571428572,0.9464285714285714,0.0,0.8834821428571429,1.0,0.8958333333333334
perth_kinross_2022_ward4,ranked-pairs,8,1.0,1.0,1.0,1.0,1.0,1.0,1.0,1.0,1.0,1.0,1.0,1.0,1.0,1.0
west_lothian_2012_ward7,borda,8,1.0,1.0,1.0,1.0,1.0,1.0,1.0,1.0,1.0,1.0,1.0,1.0,1.0,1.0
west_lothian_2012_ward7,3-approval,8,1.0,1.0,1.0,1.0,1.0,1.0,1.0,1.0,1.0,1.0,0.8333333333333334,0.998046875,1.0,1.0
west_lothian_2012_ward7,2-approval,8,1.0,1.0,1.0,1.0,1.0,1.0,1.0,1.0,1.0,1.0,0.6666666666666667,0.99609375,1.0,1.0
west_lothian_2012_ward7,plurality,8,0.7565497402569369,1.0,0.7555454956994115,1.0,0.7565497402569369,1.0,0.7555454956994115,1.0,0.9047619047619048,0.9761904761904762,0.0,0.9043340773809525,1.0,0.9583333333333333
west_lothian_2012_ward7,stv,8,0.8507266374804743,1.0,0.8975697276137661,1.0,1.0,1.0,1.0,1.0,0.9523809523809523,0.9702380952380952,0.0,0.9197730654761906,1.0,0.9166666666666667
west_lothian_2012_ward7,ranked-pairs,8,1.0,1.0,1.0,1.0,1.0,1.0,1.0,1.0,1.0,1.0,1.0,1.0,1.0,1.0
fife_2022_ward21,borda,8,0.8946449185181017,1.0,0.9471574884963634,1.0,1.0,1.0,1.0,1.0,0.9047619047619048,0.9880952380952381,0.6666666666666667,0.9897321428571428,1.0,1.0
fife_2022_ward21,3-approval,8,0.8946449185181017,1.0,0.9471574884963634,1.0,1.0,1.0,1.0,1.0,0.9047619047619048,0.9523809523809523,0.0,0.9452566964285715,1.0,1.0
fife_2022_ward21,2-approval,8,0.8946449185181017,1.0,0.9471574884963634,1.0,1.0,1.0,1.0,1.0,0.9523809523809523,0.9880952380952381,0.0,0.9612165178571429,1.0,1.0
fife_2022_ward21,plurality,8,0.7551959937376136,1.0,0.7532745255279337,1.0,1.0,1.0,1.0,1.0,0.8571428571428572,0.9583333333333334,0.0,0.8902343750000001,1.0,0.9166666666666666
fife_2022_ward21,stv,8,0.7551959937376136,1.0,0.7532745255279337,1.0,1.0,1.0,1.0,1.0,0.9047619047619048,0.9523809523809523,0.0,0.9041108630952382,1.0,0.9583333333333333
fife_2022_ward21,ranked-pairs,8,1.0,1.0,1.0,1.0,1.0,1.0,1.0,1.0,1.0,1.0,1.0,1.0,1.0,1.0
north_lanarkshire_2017_ward9,borda,8,0.8969234146104733,1.0,0.949341842840048,1.0,1.0,1.0,1.0,1.0,0.9523809523809523,0.9940476190476191,0.0,0.9718191964285714,1.0,1.0
north_lanarkshire_2017_ward9,3-approval,8,0.8816352864219797,1.0,0.9339137316976651,1.0,1.0,1.0,1.0,1.0,0.9523809523809523,0.9761904761904762,0.0,0.8902715773809525,1.0,1.0
north_lanarkshire_2017_ward9,2-approval,8,0.8816352864219797,1.0,0.9339137316976651,1.0,1.0,1.0,1.0,1.0,0.9523809523809523,0.9880952380952381,0.0,0.9386904761904762,1.0,1.0
north_lanarkshire_2017_ward9,plurality,8,0.717632633598214,1.0,0.6889580093312597,1.0,0.717632633598214,1.0,0.6889580093312597,1.0,0.8095238095238095,0.9642857142857143,0.0,0.8945870535714286,1.0,0.9583333333333333
north_lanarkshire_2017_ward9,stv,8,0.717632633598214,1.0,0.6889580093312597,1.0,0.717632633598214,1.0,0.6889580093312597,1.0,0.8571428571428572,0.9464285714285714,0.0,0.9139508928571429,1.0,0.9583333333333333
north_lanarkshire_2017_ward9,ranked-pairs,8,1.0,1.0,1.0,1.0,1.0,1.0,1.0,1.0,1.0,1.0,1.0,1.0,1.0,1.0
aberdeenshire_2022_ward10,borda,8,0.9633853938576935,1.0,0.9934133145142319,1.0,1.0,1.0,1.0,1.0,0.9523809523809523,0.9940476190476191,0.6666666666666667,0.9908296130952381,1.0,1.0
aberdeenshire_2022_ward10,3-approval,8,0.9633853938576935,1.0,0.9934133145142319,1.0,1.0,1.0,1.0,1.0,0.9523809523809523,0.9940476190476191,0.8333333333333334,0.9917410714285714,1.0,1.0
aberdeenshire_2022_ward10,2-approval,8,0.8774817116521609,1.0,0.9294171220400727,1.0,1.0,1.0,1.0,1.0,0.9047619047619048,0.9642857142857143,0.0,0.8753162202380954,1.0,1.0
aberdeenshire_2022_ward10,plurality,8,0.9179453758491509,1.0,0.967494775946134,1.0,1.0,1.0,1.0,1.0,0.8571428571428572,0.9702380952380952,0.0,0.9288876488095238,1.0,1.0
aberdeenshire_2022_ward10,stv,8,0.9179453758491509,1.0,0.967494775946134,1.0,1.0,1.0,1.0,1.0,0.9047619047619048,0.9880952380952381,0.0,0.9351748511904762,1.0,1.0
aberdeenshire_2022_ward10,ranked-pairs,8,0.9706487895545365,1.0,0.9957607159679698,1.0,1.0,1.0,1.0,1.0,0.9523809523809523,0.9940476190476191,0.0,0.9776785714285714,1.0,1.0
fife_2022_ward8,borda,8,0.8394546944864217,1.0,0.8827783063748808,1.0,1.0,1.0,1.0,1.0,1.0,1.0,1.0,1.0,1.0,1.0
fife_2022_ward8,3-approval,8,0.8536105439339166,1.0,0.9012298232129131,1.0,1.0,1.0,1.0,1.0,0.9523809523809523,0.9702380952380952,0.0,0.9395647321428572,1.0,1.0
fife_2022_ward8,2-approval,8,0.7919078824885862,1.0,0.8130841121495326,1.0,1.0,1.0,1.0,1.0,0.8571428571428572,0.9345238095238095,0.0,0.8419642857142856,1.0,1.0
fife_2022_ward8,plurality,8,0.7919078824885862,1.0,0.8130841121495326,1.0,1.0,1.0,1.0,1.0,0.9047619047619048,0.9642857142857143,0.0,0.9082589285714286,1.0,1.0
fife_2022_ward8,stv,8,0.7919078824885862,1.0,0.8130841121495326,1.0,1.0,1.0,1.0,1.0,0.9047619047619048,0.9464285714285714,0.0,0.891294642857143,1.0,1.0
fife_2022_ward8,ranked-pairs,8,1.0,1.0,1.0,1.0,1.0,1.0,1.0,1.0,1.0,1.0,1.0,1.0,1.0,1.0
north_lanarkshire_2017_ward7,borda,8,0.9044681583831633,1.0,0.9562775772162054,1.0,1.0,1.0,1.0,1.0,1.0,1.0,1.0,1.0,1.0,1.0
north_lanarkshire_2017_ward7,3-approval,8,0.8516706960706796,1.0,0.8987736032703914,1.0,1.0,1.0,1.0,1.0,0.9523809523809523,0.9702380952380952,0.0,0.9456845238095238,1.0,1.0
north_lanarkshire_2017_ward7,2-approval,8,0.8306629107795978,1.0,0.8707326428845416,1.0,1.0,1.0,1.0,1.0,0.9047619047619048,0.9642857142857143,0.0,0.8960193452380953,1.0,1.0
north_lanarkshire_2017_ward7,plurality,8,0.6481632228711143,1.0,0.5679151261855009,1.0,0.7154762724204727,1.0,0.685210780926054,1.0,0.8571428571428572,0.9583333333333334,0.0,0.8513020833333335,1.0,0.9583333333333333
north_lanarkshire_2017_ward7,stv,8,0.8306629107795978,1.0,0.8707326428845416,1.0,1.0,1.0,1.0,1.0,0.9047619047619048,0.9702380952380952,0.0,0.893731398809524,1.0,0.9166666666666667
north_lanarkshire_2017_ward7,ranked-pairs,8,1.0,1.0,1.0,1.0,1.0,1.0,1.0,1.0,1.0,1.0,1.0,1.0,1.0,1.0
aberdeenshire_2022_ward1,borda,8,0.9714053144532608,1.0,0.9959758551307847,1.0,1.0,1.0,1.0,1.0,1.0,1.0,1.0,1.0,1.0,1.0
aberdeenshire_2022_ward1,3-approval,8,0.9714053144532608,1.0,0.9959758551307847,1.0,1.0,1.0,1.0,1.0,1.0,1.0,1.0,1.0,1.0,1.0
aberdeenshire_2022_ward1,2-approval,8,0.8645235453647652,1.0,0.9145958986731,1.0,1.0,1.0,1.0,1.0,0.8095238095238095,0.9345238095238095,0.0,0.8788132440476191,1.0,1.0
aberdeenshire_2022_ward1,plurality,8,0.8864057640977382,1.0,0.9389201075006108,1.0,1.0,1.0,1.0,1.0,0.8571428571428572,0.9821428571428571,0.0,0.9314732142857143,1.0,1.0
aberdeenshire_2022_ward1,stv,8,0.8645235453647652,1.0,0.9145958986731,1.0,1.0,1.0,1.0,1.0,0.9047619047619048,0.9702380952380952,0.0,0.9222470238095238,1.0,1.0
aberdeenshire_2022_ward1,ranked-pairs,8,1.0,1.0,1.0,1.0,1.0,1.0,1.0,1.0,1.0,1.0,1.0,1.0,1.0,1.0
highland_2012_ward20,borda,8,1.0,1.0,1.0,1.0,1.0,1.0,1.0,1.0,0.9523809523809523,0.9642857142857143,0.0,0.9596912202380952,1.0,0.9583333333333334
highland_2012_ward20,3-approval,8,0.9205544943295773,1.0,0.9694876223373632,1.0,0.9205544943295773,1.0,0.9694876223373632,1.0,0.9047619047619048,0.9523809523809523,0.0,0.9321056547619048,1.0,0.8229166666666666
highland_2012_ward20,2-approval,8,0.8755868176508359,1.0,0.9273239436619717,1.0,0.9205544943295773,1.0,0.9694876223373632,1.0,0.9047619047619048,0.9345238095238095,0.0,0.8625372023809526,1.0,1.0
highland_2012_ward20,plurality,8,0.7709682778197181,1.0,0.7794538361508452,1.0,0.9205544943295773,1.0,0.9694876223373632,1.0,0.7619047619047619,0.9226190476190477,0.0,0.8449776785714285,1.0,0.9166666666666666
highland_2012_ward20,stv,8,0.8770604691397308,1.0,0.9289540456723989,1.0,1.0,1.0,1.0,1.0,0.8571428571428572,0.9523809523809523,0.0,0.8827566964285715,1.0,0.9166666666666667
highland_2012_ward20,ranked-pairs,8,1.0,1.0,1.0,1.0,1.0,1.0,1.0,1.0,1.0,1.0,1.0,1.0,1.0,1.0
north_lanarkshire_2017_ward8,borda,8,0.9043722991637354,1.0,0.9561923583662714,1.0,1.0,1.0,1.0,1.0,0.9523809523809523,0.9880952380952381,0.0,0.9742373511904762,1.0,1.0
north_lanarkshire_2017_ward8,3-approval,8,0.9119053375460802,1.0,0.96265697290152,1.0,1.0,1.0,1.0,1.0,0.9047619047619048,0.9642857142857143,0.0,0.9270089285714285,1.0,1.0
north_lanarkshire_2017_ward8,2-approval,8,0.9043722991637354,1.0,0.9561923583662714,1.0,1.0,1.0,1.0,1.0,0.9047619047619048,0.9642857142857143,0.0,0.9141183035714286,1.0,1.0
north_lanarkshire_2017_ward8,plurality,8,0.771796087801939,1.0,0.7808095952023987,1.0,0.771796087801939,1.0,0.7808095952023987,1.0,0.8095238095238095,0.9226190476190477,0.0,0.8487537202380953,1.0,0.9166666666666666
north_lanarkshire_2017_ward8,stv,8,0.771796087801939,1.0,0.7808095952023987,1.0,0.771796087801939,1.0,0.7808095952023987,1.0,0.7619047619047619,0.9226190476190477,0.0,0.8444568452380953,1.0,0.9166666666666666
north_lanarkshire_2017_ward8,ranked-pairs,8,1.0,1.0,1.0,1.0,1.0,1.0,1.0,1.0,1.0,1.0,1.0,1.0,1.0,1.0
south_lanarkshire_2017_ward15,borda,8,0.9787003056456701,1.0,0.997764530551416,1.0,1.0,1.0,1.0,1.0,1.0,1.0,1.0,1.0,1.0,1.0
south_lanarkshire_2017_ward15,3-approval,8,0.9787003056456701,1.0,0.997764530551416,1.0,1.0,1.0,1.0,1.0,1.0,1.0,0.8333333333333334,0.9833333333333334,1.0,1.0
south_lanarkshire_2017_ward15,2-approval,8,0.904403784927806,1.0,0.9562203575337467,1.0,1.0,1.0,1.0,1.0,0.9047619047619048,0.9761904761904762,0.0,0.9531622023809524,1.0,1.0
south_lanarkshire_2017_ward15,plurality,8,0.868070273857569,1.0,0.9187690105564504,1.0,0.868070273857569,1.0,0.9187690105564504,1.0,0.9047619047619048,0.9702380952380952,0.0,0.9235491071428571,1.0,0.9375
south_lanarkshire_2017_ward15,stv,8,0.904403784927806,1.0,0.9562203575337467,1.0,1.0,1.0,1.0,1.0,0.8571428571428572,0.9642857142857143,0.0,0.9479724702380953,1.0,0.9375
south_lanarkshire_2017_ward15,ranked-pairs,8,1.0,1.0,1.0,1.0,1.0,1.0,1.0,1.0,1.0,1.0,1.0,1.0,1.0,1.0
east_renfrewshire_2017_ward1,borda,8,0.9427730276676606,1.0,0.9840112201963536,1.0,1.0,1.0,1.0,1.0,1.0,1.0,1.0,1.0,1.0,1.0
east_renfrewshire_2017_ward1,3-approval,8,0.9427730276676606,1.0,0.9840112201963536,1.0,1.0,1.0,1.0,1.0,0.9523809523809523,0.9940476190476191,0.0,0.9585379464285714,1.0,1.0
east_renfrewshire_2017_ward1,2-approval,8,0.7878239343584904,1.0,0.8066411238825033,1.0,1.0,1.0,1.0,1.0,0.9047619047619048,0.9642857142857143,0.0,0.8914620535714287,1.0,1.0
east_renfrewshire_2017_ward1,plurality,8,0.7188627449586436,1.0,0.6910938433950986,1.0,0.7188627449586436,1.0,0.6910938433950986,1.0,0.9047619047619048,0.9404761904761905,0.0,0.8694940476190477,1.0,0.8854166666666666
east_renfrewshire_2017_ward1,stv,8,0.7316561610037007,1.0,0.7132130313673247,1.0,0.7316561610037007,1.0,0.7132130313673247,1.0,0.7619047619047619,0.9404761904761905,0.0,0.8674107142857144,1.0,0.9583333333333333
east_renfrewshire_2017_ward1,ranked-pairs,8,1.0,1.0,1.0,1.0,1.0,1.0,1.0,1.0,1.0,1.0,1.0,1.0,1.0,1.0
east_renfrewshire_2022_ward1,borda,8,0.9129870557566365,1.0,0.9635462233887431,1.0,1.0,1.0,1.0,1.0,1.0,1.0,1.0,1.0,1.0,1.0
east_renfrewshire_2022_ward1,3-approval,8,1.0,1.0,1.0,1.0,1.0,1.0,1.0,1.0,0.9523809523809523,0.9940476190476191,0.0,0.9688244047619048,1.0,1.0
east_renfrewshire_2022_ward1,2-approval,8,0.7930179525605277,1.0,0.8148247978436658,1.0,1.0,1.0,1.0,1.0,0.9047619047619048,0.9761904761904762,0.0,0.9512090773809524,1.0,1.0
east_renfrewshire_2022_ward1,plurality,8,0.6697597107940386,1.0,0.6053886504530281,1.0,0.6697597107940386,1.0,0.6053886504530281,1.0,0.9047619047619048,0.9821428571428571,0.0,0.9033482142857143,1.0,0.9583333333333333
east_renfrewshire_2022_ward1,stv,8,0.7582683939025695,1.0,0.7584225646382868,1.0,1.0,1.0,1.0,1.0,0.9047619047619048,0.9702380952380952,0.0,0.9072730654761906,1.0,1.0
east_renfrewshire_2022_ward1,ranked-pairs,8,1.0,1.0,1.0,1.0,1.0,1.0,1.0,1.0,1.0,1.0,1.0,1.0,1.0,1.0
fife_2022_ward19,borda,8,0.9573528183212112,1.0,0.9910780669144984,1.0,1.0,1.0,1.0,1.0,0.9523809523809523,0.9761904761904762,0.0,0.9725632440476191,1.0,1.0
fife_2022_ward19,3-approval,8,0.9573528183212112,1.0,0.9910780669144984,1.0,1.0,1.0,1.0,1.0,0.9047619047619048,0.9880952380952381,0.0,0.9582217261904762,1.0,1.0
fife_2022_ward19,2-approval,8,0.9573528183212112,1.0,0.9910780669144984,1.0,1.0,1.0,1.0,1.0,0.9523809523809523,0.9761904761904762,0.0,0.9607142857142857,1.0,1.0
fife_2022_ward19,plurality,8,0.5771817300046458,1.0,0.4493302665403871,1.0,0.5771817300046458,1.0,0.4493302665403871,1.0,0.8095238095238095,0.9583333333333334,0.0,0.8768229166666668,1.0,0.875
fife_2022_ward19,stv,8,0.6723231865238259,1.0,0.609858731590021,1.0,1.0,1.0,1.0,1.0,0.9047619047619048,0.9761904761904762,0.0,0.9180059523809524,1.0,1.0
fife_2022_ward19,ranked-pairs,8,1.0,1.0,1.0,1.0,1.0,1.0,1.0,1.0,1.0,1.0,1.0,1.0,1.0,1.0
aberdeen_2022_ward1,borda,8,1.0,1.0,1.0,1.0,1.0,1.0,1.0,1.0,1.0,1.0,0.0,0.989453125,1.0,1.0
aberdeen_2022_ward1,3-approval,8,1.0,1.0,1.0,1.0,1.0,1.0,1.0,1.0,0.9523809523809523,0.9880952380952381,0.0,0.9474144345238095,1.0,1.0
aberdeen_2022_ward1,2-approval,8,0.8465447516800776,1.0,0.8921709205620877,1.0,1.0,1.0,1.0,1.0,0.9523809523809523,0.9821428571428571,0.0,0.9088169642857143,1.0,0.96875
aberdeen_2022_ward1,plurality,8,0.7622826073689333,1.0,0.7651150347779562,1.0,1.0,1.0,1.0,1.0,0.8095238095238095,0.9404761904761905,0.0,0.873530505952381,1.0,0.9583333333333334
aberdeen_2022_ward1,stv,8,0.7622826073689333,1.0,0.7651150347779562,1.0,1.0,1.0,1.0,1.0,0.8571428571428572,0.9523809523809523,0.0,0.8791108630952382,1.0,0.9583333333333334
aberdeen_2022_ward1,ranked-pairs,8,1.0,1.0,1.0,1.0,1.0,1.0,1.0,1.0,1.0,1.0,1.0,1.0,1.0,1.0
west_lothian_2022_ward6,borda,8,0.866127258135268,1.0,0.916493481957302,1.0,1.0,1.0,1.0,1.0,0.9523809523809523,0.9880952380952381,0.0,0.9811383928571429,1.0,1.0
west_lothian_2022_ward6,3-approval,8,1.0,1.0,1.0,1.0,1.0,1.0,1.0,1.0,1.0,1.0,0.0,0.975390625,1.0,1.0
west_lothian_2022_ward6,2-approval,8,0.866127258135268,1.0,0.916493481957302,1.0,1.0,1.0,1.0,1.0,0.9523809523809523,0.9642857142857143,0.33333333333333337,0.9572172619047619,1.0,1.0
west_lothian_2022_ward6,plurality,8,0.696350025586101,1.0,0.6518482331867773,1.0,1.0,1.0,1.0,1.0,0.8571428571428572,0.9642857142857143,0.0,0.8930245535714287,1.0,0.9375
west_lothian_2022_ward6,stv,8,0.8438692416633776,1.0,0.8886613293613851,1.0,1.0,1.0,1.0,1.0,0.9047619047619048,0.9702380952380952,0.0,0.9235491071428572,1.0,0.9375
west_lothian_2022_ward6,ranked-pairs,8,1.0,1.0,1.0,1.0,1.0,1.0,1.0,1.0,1.0,1.0,1.0,1.0,1.0,1.0
edinburgh_2017_ward5,borda,8,1.0,1.0,1.0,1.0,1.0,1.0,1.0,1.0,1.0,1.0,1.0,1.0,1.0,1.0
edinburgh_2017_ward5,3-approval,8,0.8455500174167303,1.0,0.8908710801393729,1.0,1.0,1.0,1.0,1.0,0.9523809523809523,0.9940476190476191,0.0,0.9667410714285715,1.0,1.0
edinburgh_2017_ward5,2-approval,8,0.8197375833035403,1.0,0.855189388759743,1.0,1.0,1.0,1.0,1.0,0.9523809523809523,0.9761904761904762,0.0,0.8788132440476192,1.0,1.0
edinburgh_2017_ward5,plurality,8,0.7462291430066182,1.0,0.7381333674972776,1.0,0.8292324450522517,1.0,0.868732782369146,1.0,0.7619047619047619,0.9226190476190477,0.0,0.8231026785714285,1.0,0.9583333333333333
edinburgh_2017_ward5,stv,8,0.7739389573054504,1.0,0.7843098573025581,1.0,0.8292324450522517,1.0,0.868732782369146,1.0,0.8095238095238095,0.9107142857142857,0.0,0.8530691964285715,1.0,0.9166666666666666
edinburgh_2017_ward5,ranked-pairs,8,1.0,1.0,1.0,1.0,1.0,1.0,1.0,1.0,1.0,1.0,1.0,1.0,1.0,1.0
south_lanarkshire_2017_ward13,borda,8,1.0,1.0,1.0,1.0,1.0,1.0,1.0,1.0,1.0,1.0,0.6666666666666667,0.998046875,1.0,1.0
south_lanarkshire_2017_ward13,3-approval,8,1.0,1.0,1.0,1.0,1.0,1.0,1.0,1.0,1.0,1.0,0.0,0.976171875,1.0,1.0
south_lanarkshire_2017_ward13,2-approval,8,0.8578801350770918,1.0,0.9065517241379312,1.0,1.0,1.0,1.0,1.0,0.9047619047619048,0.9761904761904762,0.0,0.9022507440476192,1.0,1.0
south_lanarkshire_2017_ward13,plurality,8,0.7928563701547644,1.0,0.8145717098785691,1.0,0.7928563701547644,1.0,0.8145717098785691,1.0,0.9047619047619048,0.9642857142857143,0.0,0.8973214285714286,1.0,0.9375
south_lanarkshire_2017_ward13,stv,8,0.7928563701547644,1.0,0.8145717098785691,1.0,0.7928563701547644,1.0,0.8145717098785691,1.0,0.9047619047619048,0.9583333333333334,0.0,0.9010416666666667,1.0,0.9375
south_lanarkshire_2017_ward13,ranked-pairs,8,1.0,1.0,1.0,1.0,1.0,1.0,1.0,1.0,1.0,1.0,1.0,1.0,1.0,1.0
argyll_bute_2022_ward5,borda,8,1.0,1.0,1.0,1.0,1.0,1.0,1.0,1.0,1.0,1.0,0.0,0.9661458333333334,1.0,1.0
argyll_bute_2022_ward5,3-approval,8,0.8774314190204213,1.0,0.9293619025194256,1.0,1.0,1.0,1.0,1.0,0.9523809523809523,0.9642857142857143,0.0,0.892373511904762,1.0,1.0
argyll_bute_2022_ward5,2-approval,8,0.790473900675207,1.0,0.810828729281768,1.0,0.790473900675207,1.0,0.810828729281768,1.0,0.9047619047619048,0.9702380952380952,0.0,0.9056547619047619,1.0,0.8437500000000001
argyll_bute_2022_ward5,plurality,8,0.7303736142090206,1.0,0.7110043850490709,1.0,0.7761528990239949,1.0,0.7879118481344097,1.0,0.8571428571428572,0.9761904761904762,0.0,0.8901413690476192,1.0,0.9583333333333334
argyll_bute_2022_ward5,stv,8,0.7303736142090206,1.0,0.7110043850490709,1.0,0.790473900675207,1.0,0.810828729281768,1.0,0.9047619047619048,0.9761904761904762,0.0,0.9105840773809524,1.0,0.9166666666666667
argyll_bute_2022_ward5,ranked-pairs,8,1.0,1.0,1.0,1.0,1.0,1.0,1.0,1.0,1.0,1.0,1.0,1.0,1.0,1.0
fife_2022_ward15,borda,8,0.8393508862311084,1.0,0.8826386078510724,1.0,1.0,1.0,1.0,1.0,0.9523809523809523,0.9940476190476191,0.0,0.9726004464285715,1.0,1.0
fife_2022_ward15,3-approval,8,0.9408826968535384,1.0,0.9829497016197785,1.0,1.0,1.0,1.0,1.0,0.9523809523809523,0.9761904761904762,0.0,0.9700892857142858,1.0,1.0
fife_2022_ward15,2-approval,8,0.8510641901950919,1.0,0.8980008159934721,1.0,1.0,1.0,1.0,1.0,0.8571428571428572,0.9583333333333334,0.0,0.8865885416666668,1.0,1.0
fife_2022_ward15,plurality,8,0.8393508862311084,1.0,0.8826386078510724,1.0,1.0,1.0,1.0,1.0,0.9047619047619048,0.9761904761904762,0.0,0.9105840773809524,1.0,0.9375
fife_2022_ward15,stv,8,0.8393508862311084,1.0,0.8826386078510724,1.0,1.0,1.0,1.0,1.0,0.9047619047619048,0.9761904761904762,0.0,0.9130580357142857,1.0,1.0
fife_2022_ward15,ranked-pairs,8,1.0,1.0,1.0,1.0,1.0,1.0,1.0,1.0,1.0,1.0,1.0,1.0,1.0,1.0
north_lanarkshire_2022_ward2,borda,8,0.9229992511124449,1.0,0.9713011981053217,1.0,1.0,1.0,1.0,1.0,1.0,1.0,1.0,1.0,1.0,1.0
north_lanarkshire_2022_ward2,3-approval,8,0.9229992511124449,1.0,0.9713011981053217,1.0,1.0,1.0,1.0,1.0,1.0,1.0,0.8333333333333334,0.9817708333333334,1.0,1.0
north_lanarkshire_2022_ward2,2-approval,8,0.7799730959538392,1.0,0.794091543045518,1.0,1.0,1.0,1.0,1.0,0.9523809523809523,0.9702380952380952,0.0,0.9541480654761905,1.0,1.0
north_lanarkshire_2022_ward2,plurality,8,0.681816375057589,1.0,0.6264367816091955,1.0,0.681816375057589,1.0,0.6264367816091955,1.0,0.9047619047619048,0.9702380952380952,0.0,0.9068824404761906,1.0,0.9583333333333333
north_lanarkshire_2022_ward2,stv,8,0.681816375057589,1.0,0.6264367816091955,1.0,0.681816375057589,1.0,0.6264367816091955,1.0,0.8571428571428572,0.9523809523809523,0.0,0.9011160714285715,1.0,0.875
north_lanarkshire_2022_ward2,ranked-pairs,8,1.0,1.0,1.0,1.0,1.0,1.0,1.0,1.0,1.0,1.0,1.0,1.0,1.0,1.0
fife_2012_ward5,borda,8,1.0,1.0,1.0,1.0,1.0,1.0,1.0,1.0,1.0,1.0,1.0,1.0,1.0,1.0
fife_2012_ward5,3-approval,8,1.0,1.0,1.0,1.0,1.0,1.0,1.0,1.0,1.0,1.0,0.8333333333333334,0.9967447916666666,1.0,1.0
fife_2012_ward5,2-approval,8,1.0,1.0,1.0,1.0,1.0,1.0,1.0,1.0,1.0,1.0,0.6666666666666667,0.9986979166666666,1.0,1.0
fife_2012_ward5,plurality,8,0.783245779988861,1.0,0.7993482309124768,1.0,1.0,1.0,1.0,1.0,0.9047619047619048,0.9702380952380952,0.0,0.9305803571428571,1.0,0.9375
fife_2012_ward5,stv,8,0.783245779988861,1.0,0.7993482309124768,1.0,1.0,1.0,1.0,1.0,0.9047619047619048,0.9702380952380952,0.0,0.9386532738095238,1.0,0.9375
fife_2012_ward5,ranked-pairs,8,1.0,1.0,1.0,1.0,1.0,1.0,1.0,1.0,1.0,1.0,1.0,1.0,1.0,1.0
north_ayrshire_2012_ward7,borda,8,0.9617779446886635,1.0,0.9928251121076231,1.0,0.9617779446886635,1.0,0.9928251121076231,1.0,1.0,1.0,1.0,1.0,1.0,1.0
north_ayrshire_2012_ward7,3-approval,8,0.9617779446886635,1.0,0.9928251121076231,1.0,0.9617779446886635,1.0,0.9928251121076231,1.0,1.0,1.0,1.0,1.0,1.0,1.0
north_ayrshire_2012_ward7,2-approval,8,0.8405499547167996,1.0,0.8842484630061478,1.0,1.0,1.0,1.0,1.0,0.9523809523809523,0.9940476190476191,0.0,0.949423363095238,1.0,1.0
north_ayrshire_2012_ward7,plurality,8,0.8405499547167996,1.0,0.8842484630061478,1.0,0.8646043630048277,1.0,0.914691943127962,1.0,0.8095238095238095,0.9345238095238095,0.0,0.8953497023809525,1.0,0.875
north_ayrshire_2012_ward7,stv,8,0.7558912544729476,1.0,0.7544413738649822,1.0,0.7558912544729476,1.0,0.7544413738649822,1.0,0.8571428571428572,0.9464285714285714,0.0,0.872154017857143,1.0,0.875
north_ayrshire_2012_ward7,ranked-pairs,8,1.0,1.0,1.0,1.0,1.0,1.0,1.0,1.0,1.0,1.0,1.0,1.0,1.0,1.0
highland_2012_ward13,borda,8,1.0,1.0,1.0,1.0,1.0,1.0,1.0,1.0,1.0,1.0,1.0,1.0,1.0,1.0
highland_2012_ward13,3-approval,8,1.0,1.0,1.0,1.0,1.0,1.0,1.0,1.0,1.0,1.0,1.0,1.0,1.0,1.0
highland_2012_ward13,2-approval,8,0.8416771577843498,1.0,0.8857542550711122,1.0,0.8416771577843498,1.0,0.8857542550711122,1.0,0.9523809523809523,0.9880952380952381,0.0,0.9702008928571428,1.0,0.9166666666666666
highland_2012_ward13,plurality,8,0.7595462593975281,1.0,0.7605572485851109,1.0,1.0,1.0,1.0,1.0,0.9047619047619048,0.9642857142857143,0.0,0.9445870535714286,1.0,0.9583333333333333
highland_2012_ward13,stv,8,0.7595462593975281,1.0,0.7605572485851109,1.0,1.0,1.0,1.0,1.0,0.9047619047619048,0.9821428571428571,0.0,0.9576450892857142,1.0,0.9583333333333333
highland_2012_ward13,ranked-pairs,8,1.0,1.0,1.0,1.0,1.0,1.0,1.0,1.0,1.0,1.0,1.0,1.0,1.0,1.0
north_lanarkshire_2012_ward2,borda,8,0.898756530484543,1.0,0.9510692279811526,1.0,0.898756530484543,1.0,0.9510692279811526,1.0,0.9523809523809523,0.9821428571428571,0.0,0.9672805059523809,1.0,1.0
north_lanarkshire_2012_ward2,3-approval,8,0.898756530484543,1.0,0.9510692279811526,1.0,0.898756530484543,1.0,0.9510692279811526,1.0,1.0,1.0,0.6666666666666667,0.994921875,1.0,1.0
north_lanarkshire_2012_ward2,2-approval,8,0.8991353846985373,1.0,0.9514228747507704,1.0,0.8991353846985373,1.0,0.9514228747507704,1.0,0.8571428571428572,0.9464285714285714,0.0,0.8560081845238097,1.0,0.8958333333333333
north_lanarkshire_2012_ward2,plurality,8,0.8231121278609937,1.0,0.8600552868002764,1.0,0.8991353846985373,1.0,0.9514228747507704,1.0,0.9047619047619048,0.9523809523809523,0.0,0.8125744047619048,1.0,1.0
north_lanarkshire_2012_ward2,stv,8,0.8231121278609937,1.0,0.8600552868002764,1.0,0.8991353846985373,1.0,0.9514228747507704,1.0,0.9047619047619048,0.9523809523809523,0.0,0.8198660714285715,1.0,0.9583333333333333
north_lanarkshire_2012_ward2,ranked-pairs,8,1.0,1.0,1.0,1.0,1.0,1.0,1.0,1.0,1.0,1.0,1.0,1.0,1.0,1.0
perth_kinross_2012_ward12,borda,8,1.0,1.0,1.0,1.0,1.0,1.0,1.0,1.0,1.0,1.0,0.6666666666666667,0.99296875,1.0,1.0
perth_kinross_2012_ward12,3-approval,8,1.0,1.0,1.0,1.0,1.0,1.0,1.0,1.0,1.0,1.0,1.0,1.0,1.0,1.0
perth_kinross_2012_ward12,2-approval,8,1.0,1.0,1.0,1.0,1.0,1.0,1.0,1.0,1.0,1.0,0.6666666666666667,0.9986979166666666,1.0,1.0
perth_kinross_2012_ward12,plurality,8,0.7457354608795238,1.0,0.7372950819672132,1.0,0.7457354608795238,1.0,0.7372950819672132,1.0,0.8571428571428572,0.9642857142857143,0.0,0.9152901785714286,1.0,0.9583333333333333
perth_kinross_2012_ward12,stv,8,0.7457354608795238,1.0,0.7372950819672132,1.0,0.7457354608795238,1.0,0.7372950819672132,1.0,0.8571428571428572,0.9583333333333334,0.0,0.9141927083333333,1.0,0.9583333333333333
perth_kinross_2012_ward12,ranked-pairs,8,1.0,1.0,1.0,1.0,1.0,1.0,1.0,1.0,1.0,1.0,1.0,1.0,1.0,1.0
glasgow_2012_ward15,borda,8,1.0,1.0,1.0,1.0,1.0,1.0,1.0,1.0,1.0,1.0,1.0,1.0,1.0,1.0
glasgow_2012_ward15,3-approval,8,1.0,1.0,1.0,1.0,1.0,1.0,1.0,1.0,1.0,1.0,1.0,1.0,1.0,1.0
glasgow_2012_ward15,2-approval,8,0.8761971863323557,1.0,0.9280010140702243,1.0,1.0,1.0,1.0,1.0,0.9523809523809523,0.9880952380952381,0.0,0.9670758928571429,1.0,1.0
glasgow_2012_ward15,plurality,8,0.72920425048091,1.0,0.7089887640449438,1.0,1.0,1.0,1.0,1.0,0.8571428571428572,0.9464285714285714,0.0,0.8881696428571431,1.0,0.96875
glasgow_2012_ward15,stv,8,0.8761971863323557,1.0,0.9280010140702243,1.0,1.0,1.0,1.0,1.0,0.9047619047619048,0.9702380952380952,0.0,0.9258928571428572,1.0,0.9166666666666667
glasgow_2012_ward15,ranked-pairs,8,1.0,1.0,1.0,1.0,1.0,1.0,1.0,1.0,1.0,1.0,1.0,1.0,1.0,1.0
glasgow_2017_ward6,borda,8,0.8602282950016925,1.0,0.9094283593170008,1.0,1.0,1.0,1.0,1.0,0.9523809523809523,0.9940476190476191,0.0,0.9776785714285714,1.0,0.9583333333333334
glasgow_2017_ward6,3-approval,8,1.0,1.0,1.0,1.0,1.0,1.0,1.0,1.0,1.0,1.0,0.0,0.9462239583333333,1.0,1.0
glasgow_2017_ward6,2-approval,8,0.7632891428817223,1.0,0.7667868796153186,1.0,0.7770536095129958,1.0,0.7893729889555614,1.0,0.8095238095238095,0.9345238095238095,0.0,0.8543340773809524,1.0,0.9166666666666666
glasgow_2017_ward6,plurality,8,0.7187244604441955,1.0,0.690853808858575,1.0,0.7187244604441955,1.0,0.690853808858575,1.0,0.8095238095238095,0.9583333333333334,0.0,0.8578125000000001,1.0,0.875
glasgow_2017_ward6,stv,8,0.7187244604441955,1.0,0.690853808858575,1.0,0.7187244604441955,1.0,0.690853808858575,1.0,0.8095238095238095,0.9464285714285714,0.0,0.8536644345238096,1.0,0.9166666666666666
glasgow_2017_ward6,ranked-pairs,8,1.0,1.0,1.0,1.0,1.0,1.0,1.0,1.0,1.0,1.0,1.0,1.0,1.0,1.0
fife_2012_ward1,borda,8,1.0,1.0,1.0,1.0,1.0,1.0,1.0,1.0,1.0,1.0,0.6666666666666667,0.9907552083333333,1.0,1.0
fife_2012_ward1,3-approval,8,0.9567982750031268,1.0,0.9908459595959599,1.0,1.0,1.0,1.0,1.0,0.9047619047619048,0.9523809523809523,0.0,0.9546316964285714,1.0,0.9375
fife_2012_ward1,2-approval,8,0.9567982750031268,1.0,0.9908459595959599,1.0,1.0,1.0,1.0,1.0,1.0,1.0,0.0,0.973046875,1.0,1.0
fife_2012_ward1,plurality,8,0.7523841134996191,1.0,0.748544496811755,1.0,0.9111701771109308,1.0,0.9620469746461349,1.0,0.8571428571428572,0.9642857142857143,0.0,0.8966703869047621,1.0,0.9583333333333334
fife_2012_ward1,stv,8,0.8134944296905116,1.0,0.8460412703058687,1.0,0.9111701771109308,1.0,0.9620469746461349,1.0,0.8571428571428572,0.9642857142857143,0.0,0.9164620535714286,1.0,0.9583333333333334
fife_2012_ward1,ranked-pairs,8,1.0,1.0,1.0,1.0,1.0,1.0,1.0,1.0,1.0,1.0,1.0,1.0,1.0,1.0
dumgal_2012_ward4,borda,8,0.9574429090123346,1.0,0.9911154985192495,1.0,1.0,1.0,1.0,1.0,0.9523809523809523,0.9880952380952381,0.0,0.9791852678571429,1.0,1.0
dumgal_2012_ward4,3-approval,8,0.9574429090123346,1.0,0.9911154985192495,1.0,1.0,1.0,1.0,1.0,0.9523809523809523,0.9761904761904762,0.0,0.9650111607142857,1.0,1.0
dumgal_2012_ward4,2-approval,8,0.9574429090123346,1.0,0.9911154985192495,1.0,1.0,1.0,1.0,1.0,0.9523809523809523,0.9880952380952381,0.0,0.9713727678571429,1.0,1.0
dumgal_2012_ward4,plurality,8,0.9574429090123346,1.0,0.9911154985192495,1.0,1.0,1.0,1.0,1.0,0.9523809523809523,0.9880952380952381,0.0,0.9755394345238095,1.0,1.0
dumgal_2012_ward4,stv,8,0.9574429090123346,1.0,0.9911154985192495,1.0,1.0,1.0,1.0,1.0,0.9523809523809523,0.9880952380952381,0.0,0.9731956845238096,1.0,1.0
dumgal_2012_ward4,ranked-pairs,8,1.0,1.0,1.0,1.0,1.0,1.0,1.0,1.0,1.0,1.0,1.0,1.0,1.0,1.0
orkney_2022_ward2,borda,8,1.0,1.0,1.0,1.0,1.0,1.0,1.0,1.0,0.9523809523809523,0.9880952380952381,0.0,0.9687686011904761,1.0,1.0
orkney_2022_ward2,3-approval,8,0.8957607149746517,1.0,0.9482323232323231,1.0,1.0,1.0,1.0,1.0,0.9047619047619048,0.9642857142857143,0.0,0.9388578869047619,1.0,1.0
orkney_2022_ward2,2-approval,8,0.8438355715566653,1.0,0.8886168910648716,1.0,1.0,1.0,1.0,1.0,0.9523809523809523,0.9821428571428571,0.0,0.9253534226190476,1.0,1.0
orkney_2022_ward2,plurality,8,0.741345138573496,1.0,0.7298206278026906,1.0,0.741345138573496,1.0,0.7298206278026906,1.0,0.8571428571428572,0.9583333333333334,0.0,0.8906808035714286,1.0,0.9583333333333334
orkney_2022_ward2,stv,8,0.741345138573496,1.0,0.7298206278026906,1.0,0.741345138573496,1.0,0.7298206278026906,1.0,0.8571428571428572,0.9464285714285714,0.0,0.878013392857143,1.0,0.9166666666666666
orkney_2022_ward2,ranked-pairs,8,1.0,1.0,1.0,1.0,1.0,1.0,1.0,1.0,1.0,1.0,1.0,1.0,1.0,1.0
east_ayrshire_2012_ward8,borda,8,1.0,1.0,1.0,1.0,1.0,1.0,1.0,1.0,1.0,1.0,1.0,1.0,1.0,1.0
east_ayrshire_2012_ward8,3-approval,8,1.0,1.0,1.0,1.0,1.0,1.0,1.0,1.0,1.0,1.0,1.0,1.0,1.0,1.0
east_ayrshire_2012_ward8,2-approval,8,0.8946670173859588,1.0,0.9471788715486193,1.0,1.0,1.0,1.0,1.0,0.9523809523809523,0.9940476190476191,0.0,0.9512462797619048,1.0,1.0
east_ayrshire_2012_ward8,plurality,8,0.6675284385582445,1.0,0.6015007898894155,1.0,1.0,1.0,1.0,1.0,0.8095238095238095,0.9464285714285714,0.0,0.8806175595238097,1.0,0.9583333333333334
east_ayrshire_2012_ward8,stv,8,0.6675284385582445,1.0,0.6015007898894155,1.0,1.0,1.0,1.0,1.0,0.8571428571428572,0.9523809523809523,0.0,0.8999441964285716,1.0,0.9583333333333334
east_ayrshire_2012_ward8,ranked-pairs,8,1.0,1.0,1.0,1.0,1.0,1.0,1.0,1.0,1.0,1.0,1.0,1.0,1.0,1.0
angus_2022_ward3,borda,8,0.9412733189188808,1.0,0.983171757819645,1.0,1.0,1.0,1.0,1.0,1.0,1.0,0.0,0.9733072916666666,1.0,1.0
angus_2022_ward3,3-approval,8,0.8097281660314595,1.0,0.8404345611950431,1.0,1.0,1.0,1.0,1.0,0.9523809523809523,0.9642857142857143,0.0,0.9181547619047619,1.0,1.0
angus_2022_ward3,2-approval,8,0.8826895503697638,1.0,0.9350348027842227,1.0,1.0,1.0,1.0,1.0,0.9047619047619048,0.9523809523809523,0.0,0.877027529761905,1.0,1.0
angus_2022_ward3,plurality,8,0.7374377278704438,1.0,0.7231404958677684,1.0,0.7880504122270072,1.0,0.8069999999999998,1.0,0.9047619047619048,0.9702380952380952,0.0,0.8619605654761906,1.0,0.9166666666666666
angus_2022_ward3,stv,8,0.7374377278704438,1.0,0.7231404958677684,1.0,0.7880504122270072,1.0,0.8069999999999998,1.0,0.9047619047619048,0.9583333333333334,0.0,0.8707031250000001,1.0,0.9166666666666666
angus_2022_ward3,ranked-pairs,8,0.9827048696979521,1.0,0.9985253456221198,1.0,1.0,1.0,1.0,1.0,0.9523809523809523,0.9940476190476191,0.0,0.9776785714285714,1.0,1.0
fife_2017_ward13,borda,8,0.8704163097678893,1.0,0.9214817797463258,1.0,1.0,1.0,1.0,1.0,0.9523809523809523,0.9761904761904762,0.0,0.9755580357142857,1.0,1.0
fife_2017_ward13,3-approval,8,1.0,1.0,1.0,1.0,1.0,1.0,1.0,1.0,1.0,1.0,0.0,0.9526041666666667,1.0,1.0
fife_2017_ward13,2-approval,8,0.8370159031472777,1.0,0.8794801102796376,1.0,1.0,1.0,1.0,1.0,0.9047619047619048,0.9702380952380952,0.0,0.9327938988095238,1.0,1.0
fife_2017_ward13,plurality,8,0.6898176159995213,1.0,0.6404262633207288,1.0,0.6898176159995213,1.0,0.6404262633207288,1.0,0.9047619047619048,0.9583333333333334,0.0,0.8985677083333334,1.0,0.9375
fife_2017_ward13,stv,8,0.8370159031472777,1.0,0.8794801102796376,1.0,1.0,1.0,1.0,1.0,0.9047619047619048,0.9702380952380952,0.0,0.9166480654761905,1.0,0.9375
fife_2017_ward13,ranked-pairs,8,1.0,1.0,1.0,1.0,1.0,1.0,1.0,1.0,1.0,1.0,1.0,1.0,1.0,1.0
eilean_siar_2017_ward2,borda,8,1.0,1.0,1.0,1.0,1.0,1.0,1.0,1.0,1.0,1.0,0.0,0.9817708333333334,1.0,1.0
eilean_siar_2017_ward2,3-approval,8,1.0,1.0,1.0,1.0,1.0,1.0,1.0,1.0,0.9523809523809523,0.9880952380952381,0.0,0.9566592261904762,1.0,0.9166666666666666
eilean_siar_2017_ward2,2-approval,8,1.0,1.0,1.0,1.0,1.0,1.0,1.0,1.0,1.0,1.0,0.0,0.9803385416666667,1.0,1.0
eilean_siar_2017_ward2,plurality,8,0.8007353788875855,1.0,0.8267949666913397,1.0,1.0,1.0,1.0,1.0,0.9523809523809523,0.9940476190476191,0.0,0.9774181547619047,1.0,1.0
eilean_siar_2017_ward2,stv,8,0.8007353788875855,1.0,0.8267949666913397,1.0,1.0,1.0,1.0,1.0,0.9523809523809523,0.9880952380952381,0.0,0.9674665178571429,1.0,1.0
eilean_siar_2017_ward2,ranked-pairs,8,1.0,1.0,1.0,1.0,1.0,1.0,1.0,1.0,1.0,1.0,1.0,1.0,1.0,1.0
perth_kinross_2022_ward1,borda,8,0.9491045016658748,1.0,0.9873251748251748,1.0,1.0,1.0,1.0,1.0,1.0,1.0,0.6666666666666667,0.9908854166666666,1.0,1.0
perth_kinross_2022_ward1,3-approval,8,0.9491045016658748,1.0,0.9873251748251748,1.0,1.0,1.0,1.0,1.0,0.9523809523809523,0.9761904761904762,0.0,0.9501674107142857,1.0,1.0
perth_kinross_2022_ward1,2-approval,8,0.9491045016658748,1.0,0.9873251748251748,1.0,1.0,1.0,1.0,1.0,0.9047619047619048,0.9642857142857143,0.0,0.9557849702380952,1.0,1.0
perth_kinross_2022_ward1,plurality,8,0.9491045016658748,1.0,0.9873251748251748,1.0,1.0,1.0,1.0,1.0,0.9047619047619048,0.9642857142857143,0.0,0.9186755952380953,1.0,0.875
perth_kinross_2022_ward1,stv,8,0.9491045016658748,1.0,0.9873251748251748,1.0,1.0,1.0,1.0,1.0,0.8571428571428572,0.9523809523809523,0.0,0.9179129464285715,1.0,1.0
perth_kinross_2022_ward1,ranked-pairs,8,1.0,1.0,1.0,1.0,1.0,1.0,1.0,1.0,1.0,1.0,1.0,1.0,1.0,1.0
glasgow_2012_ward6,borda,8,1.0,1.0,1.0,1.0,1.0,1.0,1.0,1.0,1.0,1.0,0.0,0.97578125,1.0,1.0
glasgow_2012_ward6,3-approval,8,0.936903714973306,1.0,0.9806079664570231,1.0,1.0,1.0,1.0,1.0,0.9523809523809523,0.9940476190476191,0.9333333333333333,0.9992931547619047,1.0,1.0
glasgow_2012_ward6,2-approval,8,0.8753657188582253,1.0,0.927078021417644,1.0,1.0,1.0,1.0,1.0,0.9047619047619048,0.9702380952380952,0.0,0.9242001488095238,1.0,1.0
glasgow_2012_ward6,plurality,8,0.7096616009919023,1.0,0.6750886524822693,1.0,0.7096616009919023,1.0,0.6750886524822693,1.0,0.9047619047619048,0.9642857142857143,0.0,0.8914620535714287,1.0,0.9375
glasgow_2012_ward6,stv,8,0.7096616009919023,1.0,0.6750886524822693,1.0,0.7096616009919023,1.0,0.6750886524822693,1.0,0.9047619047619048,0.9702380952380952,0.0,0.9226376488095238,1.0,0.9375
glasgow_2012_ward6,ranked-pairs,8,1.0,1.0,1.0,1.0,1.0,1.0,1.0,1.0,1.0,1.0,1.0,1.0,1.0,1.0
north_ayrshire_2017_ward4,borda,8,0.9252666774327281,1.0,0.9729364005412721,1.0,1.0,1.0,1.0,1.0,1.0,1.0,1.0,1.0,1.0,1.0
north_ayrshire_2017_ward4,3-approval,8,0.9252666774327281,1.0,0.9729364005412721,1.0,1.0,1.0,1.0,1.0,1.0,1.0,0.6666666666666667,0.95859375,1.0,1.0
north_ayrshire_2017_ward4,2-approval,8,0.8858196839724597,1.0,0.9383142781175219,1.0,0.9024014488366463,1.0,0.9544235924932977,1.0,0.9523809523809523,0.9761904761904762,0.0,0.8521205357142857,1.0,0.9375
north_ayrshire_2017_ward4,plurality,8,0.8946014168020647,1.0,0.9471153846153848,1.0,0.9024014488366463,1.0,0.9544235924932977,1.0,0.9047619047619048,0.9702380952380952,0.0,0.9202938988095238,1.0,0.8958333333333333
north_ayrshire_2017_ward4,stv,8,0.7373539082523941,1.0,0.7229969274403214,1.0,1.0,1.0,1.0,1.0,0.8571428571428572,0.9642857142857143,0.0,0.910732886904762,1.0,0.9375
north_ayrshire_2017_ward4,ranked-pairs,8,1.0,1.0,1.0,1.0,1.0,1.0,1.0,1.0,1.0,1.0,1.0,1.0,1.0,1.0
west_lothian_2017_ward5,borda,8,0.9070047761837158,1.0,0.9585051203617505,1.0,1.0,1.0,1.0,1.0,0.9523809523809523,0.9940476190476191,0.0,0.9817150297619047,1.0,0.9583333333333334
west_lothian_2017_ward5,3-approval,8,0.9070047761837158,1.0,0.9585051203617505,1.0,1.0,1.0,1.0,1.0,0.9523809523809523,0.9821428571428571,0.0,0.9806919642857143,1.0,1.0
west_lothian_2017_ward5,2-approval,8,0.7827072047707468,1.0,0.798485588666341,1.0,0.8777945445914894,1.0,0.9297601887039708,1.0,0.8095238095238095,0.9226190476190477,0.0,0.9069568452380954,1.0,0.875
west_lothian_2017_ward5,plurality,8,0.7609870659632219,1.0,0.7629594157787624,1.0,0.7827072047707468,1.0,0.798485588666341,1.0,0.8571428571428572,0.9523809523809523,0.0,0.8358816964285714,1.0,0.9583333333333334
west_lothian_2017_ward5,stv,8,0.7609870659632219,1.0,0.7629594157787624,1.0,0.7827072047707468,1.0,0.798485588666341,1.0,0.8571428571428572,0.9345238095238095,0.0,0.8377976190476191,1.0,0.9583333333333334
west_lothian_2017_ward5,ranked-pairs,8,1.0,1.0,1.0,1.0,1.0,1.0,1.0,1.0,1.0,1.0,1.0,1.0,1.0,1.0
west_dunbartonshire_2017_ward2,borda,8,0.9351172977017015,1.0,0.9795095733960363,1.0,1.0,1.0,1.0,1.0,0.9523809523809523,0.9940476190476191,0.0,0.9722098214285715,1.0,1.0
west_dunbartonshire_2017_ward2,3-approval,8,0.9351172977017015,1.0,0.9795095733960363,1.0,1.0,1.0,1.0,1.0,0.9523809523809523,0.9821428571428571,0.0,0.9025669642857144,1.0,1.0
west_dunbartonshire_2017_ward2,2-approval,8,0.8233930364365026,1.0,0.860457774269929,1.0,1.0,1.0,1.0,1.0,0.8571428571428572,0.9642857142857143,0.0,0.8301339285714286,1.0,1.0
west_dunbartonshire_2017_ward2,plurality,8,0.8233930364365026,1.0,0.860457774269929,1.0,0.8396555357803145,1.0,0.8830484102891837,1.0,0.8571428571428572,0.9523809523809523,0.0,0.8675223214285716,1.0,0.9583333333333333
west_dunbartonshire_2017_ward2,stv,8,0.8233930364365026,1.0,0.860457774269929,1.0,1.0,1.0,1.0,1.0,0.8571428571428572,0.9404761904761905,0.0,0.8674107142857144,1.0,0.9166666666666666
west_dunbartonshire_2017_ward2,ranked-pairs,8,1.0,1.0,1.0,1.0,1.0,1.0,1.0,1.0,1.0,1.0,1.0,1.0,1.0,1.0
east_lothian_2017_ward3,borda,8,1.0,1.0,1.0,1.0,1.0,1.0,1.0,1.0,1.0,1.0,1.0,1.0,1.0,1.0
east_lothian_2017_ward3,3-approval,8,1.0,1.0,1.0,1.0,1.0,1.0,1.0,1.0,1.0,1.0,1.0,1.0,1.0,1.0
east_lothian_2017_ward3,2-approval,8,0.7308540910888794,1.0,0.7118320610687023,1.0,0.7308540910888794,1.0,0.7118320610687023,1.0,0.9047619047619048,0.9761904761904762,0.0,0.939750744047619,1.0,0.9166666666666666
east_lothian_2017_ward3,plurality,8,0.6098957273377984,1.0,0.5028721876495931,1.0,0.6098957273377984,1.0,0.5028721876495931,1.0,0.7619047619047619,0.9285714285714286,0.0,0.8114397321428569,1.0,0.875
east_lothian_2017_ward3,stv,8,0.6098957273377984,1.0,0.5028721876495931,1.0,0.6098957273377984,1.0,0.5028721876495931,1.0,0.8095238095238095,0.9404761904761905,0.0,0.8405877976190476,1.0,0.875
east_lothian_2017_ward3,ranked-pairs,8,1.0,1.0,1.0,1.0,1.0,1.0,1.0,1.0,1.0,1.0,1.0,1.0,1.0,1.0
perth_kinross_2017_ward10,borda,8,0.9050396438285991,1.0,0.9567840606145644,1.0,1.0,1.0,1.0,1.0,1.0,1.0,0.9,0.9993489583333334,1.0,1.0
perth_kinross_2017_ward10,3-approval,8,1.0,1.0,1.0,1.0,1.0,1.0,1.0,1.0,1.0,1.0,0.0,0.980859375,1.0,1.0
perth_kinross_2017_ward10,2-approval,8,0.9050396438285991,1.0,0.9567840606145644,1.0,1.0,1.0,1.0,1.0,0.9047619047619048,0.9702380952380952,0.6666666666666667,0.9704241071428571,1.0,1.0
perth_kinross_2017_ward10,plurality,8,0.9050396438285991,1.0,0.9567840606145644,1.0,1.0,1.0,1.0,1.0,1.0,1.0,0.0,0.9567708333333333,1.0,1.0
perth_kinross_2017_ward10,stv,8,0.9050396438285991,1.0,0.9567840606145644,1.0,1.0,1.0,1.0,1.0,0.9523809523809523,0.9821428571428571,0.0,0.9594680059523809,1.0,0.9166666666666666
perth_kinross_2017_ward10,ranked-pairs,8,1.0,1.0,1.0,1.0,1.0,1.0,1.0,1.0,1.0,1.0,1.0,1.0,1.0,1.0
renfrewshire_2022_ward9,borda,8,0.9315686057753827,1.0,0.977241847826087,1.0,1.0,1.0,1.0,1.0,1.0,1.0,1.0,1.0,1.0,1.0
renfrewshire_2022_ward9,3-approval,8,0.9090504296475584,1.0,0.9602626704832464,1.0,1.0,1.0,1.0,1.0,0.8571428571428572,0.8988095238095238,0.0,0.883686755952381,1.0,1.0
renfrewshire_2022_ward9,2-approval,8,0.7935504400788826,1.0,0.8156581409856519,1.0,1.0,1.0,1.0,1.0,0.8095238095238095,0.9464285714285714,0.0,0.8403831845238096,1.0,0.9270833333333334
renfrewshire_2022_ward9,plurality,8,0.7134239666563439,1.0,0.6816409071211902,1.0,1.0,1.0,1.0,1.0,0.8095238095238095,0.9464285714285714,0.0,0.8692894345238096,1.0,0.9583333333333334
renfrewshire_2022_ward9,stv,8,0.7935504400788826,1.0,0.8156581409856519,1.0,1.0,1.0,1.0,1.0,0.8571428571428572,0.9464285714285714,0.0,0.885044642857143,1.0,0.9583333333333334
renfrewshire_2022_ward9,ranked-pairs,8,1.0,1.0,1.0,1.0,1.0,1.0,1.0,1.0,1.0,1.0,1.0,1.0,1.0,1.0
west_dunbartonshire_2012_ward6,borda,8,0.9711684408232165,1.0,0.9959090909090912,1.0,1.0,1.0,1.0,1.0,0.9523809523809523,0.9940476190476191,0.0,0.9776785714285714,1.0,1.0
west_dunbartonshire_2012_ward6,3-approval,8,0.9711684408232165,1.0,0.9959090909090912,1.0,1.0,1.0,1.0,1.0,0.9523809523809523,0.9880952380952381,0.0,0.9695498511904762,1.0,1.0
west_dunbartonshire_2012_ward6,2-approval,8,0.8504141462396146,1.0,0.8971700151220566,1.0,1.0,1.0,1.0,1.0,0.9523809523809523,0.9761904761904762,0.0,0.944828869047619,1.0,1.0
west_dunbartonshire_2012_ward6,plurality,8,0.776798285711801,1.0,0.788959054797311,1.0,0.843210123692656,1.0,0.8877901977644026,1.0,0.9047619047619048,0.9761904761904762,0.0,0.9094122023809524,1.0,0.9583333333333333
west_dunbartonshire_2012_ward6,stv,8,0.843210123692656,1.0,0.8877901977644026,1.0,0.843210123692656,1.0,0.8877901977644026,1.0,0.9047619047619048,0.9821428571428571,0.0,0.9176711309523811,1.0,0.9583333333333333
west_dunbartonshire_2012_ward6,ranked-pairs,8,1.0,1.0,1.0,1.0,1.0,1.0,1.0,1.0,1.0,1.0,1.0,1.0,1.0,1.0
highland_2022_badenoch,borda,8,1.0,1.0,1.0,1.0,1.0,1.0,1.0,1.0,1.0,1.0,0.0,0.9809895833333333,1.0,1.0
highland_2022_badenoch,3-approval,8,1.0,1.0,1.0,1.0,1.0,1.0,1.0,1.0,1.0,1.0,0.0,0.9455729166666667,1.0,1.0
highland_2022_badenoch,2-approval,8,0.7961094217246204,1.0,0.8196478525588282,1.0,0.7961094217246204,1.0,0.8196478525588282,1.0,0.8571428571428572,0.9285714285714286,0.0,0.8186011904761905,1.0,0.8958333333333333
highland_2022_badenoch,plurality,8,0.7081271545104784,1.0,0.6724137931034483,1.0,0.7961094217246204,1.0,0.8196478525588282,1.0,0.7619047619047619,0.9226190476190477,0.0,0.835732886904762,1.0,0.9583333333333333
highland_2022_badenoch,stv,8,0.7961094217246204,1.0,0.8196478525588282,1.0,0.7961094217246204,1.0,0.8196478525588282,1.0,0.8571428571428572,0.9583333333333334,0.0,0.8700520833333335,1.0,0.9583333333333333
highland_2022_badenoch,ranked-pairs,8,1.0,1.0,1.0,1.0,1.0,1.0,1.0,1.0,1.0,1.0,1.0,1.0,1.0,1.0
eilean_siar_2022_ward2,borda,8,0.9190551937187622,1.0,0.9683496608892241,1.0,0.9190551937187622,1.0,0.9683496608892241,1.0,0.9523809523809523,0.9880952380952381,0.0,0.9771019345238096,1.0,1.0
eilean_siar_2022_ward2,3-approval,8,0.9339684423693125,1.0,0.9787878787878789,1.0,1.0,1.0,1.0,1.0,0.9523809523809523,0.9583333333333334,0.0,0.9147135416666667,1.0,0.8541666666666666
eilean_siar_2022_ward2,2-approval,8,0.9339684423693125,1.0,0.9787878787878789,1.0,1.0,1.0,1.0,1.0,0.9047619047619048,0.9821428571428571,0.0,0.917671130952381,1.0,0.9583333333333333
eilean_siar_2022_ward2,plurality,8,0.8938119879533439,1.0,0.9463487332339793,1.0,0.9533505766022716,1.0,0.9893373952779893,1.0,0.8571428571428572,0.9761904761904762,0.0,0.9181361607142857,1.0,0.875
eilean_siar_2022_ward2,stv,8,0.9339684423693125,1.0,0.9787878787878789,1.0,0.9533505766022716,1.0,0.9893373952779893,1.0,0.9523809523809523,0.9880952380952381,0.0,0.9306175595238095,1.0,0.9375
eilean_siar_2022_ward2,ranked-pairs,8,1.0,1.0,1.0,1.0,1.0,1.0,1.0,1.0,1.0,1.0,1.0,1.0,1.0,1.0
aberdeenshire_2012_ward11,borda,8,1.0,1.0,1.0,1.0,1.0,1.0,1.0,1.0,1.0,1.0,1.0,1.0,1.0,1.0
aberdeenshire_2012_ward11,3-approval,8,1.0,1.0,1.0,1.0,1.0,1.0,1.0,1.0,0.9523809523809523,0.9940476190476191,0.0,0.9819754464285714,1.0,1.0
aberdeenshire_2012_ward11,2-approval,8,0.9450384954127389,1.0,0.9852398523985243,1.0,0.9450384954127389,1.0,0.9852398523985243,1.0,1.0,1.0,0.0,0.9670572916666667,1.0,1.0
aberdeenshire_2012_ward11,plurality,8,0.805940771657602,1.0,0.8347324239244494,1.0,0.9450384954127389,1.0,0.9852398523985243,1.0,0.8571428571428572,0.9107142857142857,0.0,0.9137462797619048,1.0,1.0
aberdeenshire_2012_ward11,stv,8,0.8401049965483971,1.0,0.8836520333961757,1.0,0.9450384954127389,1.0,0.9852398523985243,1.0,0.9047619047619048,0.9702380952380952,0.0,0.9400855654761905,1.0,1.0
aberdeenshire_2012_ward11,ranked-pairs,8,1.0,1.0,1.0,1.0,1.0,1.0,1.0,1.0,1.0,1.0,1.0,1.0,1.0,1.0
aberdeen_2017_ward4,borda,8,1.0,1.0,1.0,1.0,1.0,1.0,1.0,1.0,1.0,1.0,1.0,1.0,1.0,1.0
aberdeen_2017_ward4,3-approval,8,0.7252024463308404,1.0,0.702078073412313,1.0,1.0,1.0,1.0,1.0,0.9047619047619048,0.9523809523809523,0.0,0.9479910714285714,1.0,1.0
aberdeen_2017_ward4,2-approval,8,0.7335161368662362,1.0,0.7164120642381513,1.0,0.7718750621527172,1.0,0.7809388335704125,1.0,0.8571428571428572,0.9702380952380952,0.0,0.9045386904761905,1.0,0.875
aberdeen_2017_ward4,plurality,8,0.5825706409081255,1.0,0.45799367825652976,1.0,0.7335161368662362,1.0,0.7164120642381513,1.0,0.7619047619047619,0.9583333333333334,0.0,0.8619791666666667,1.0,0.9375
aberdeen_2017_ward4,stv,8,0.7335161368662362,1.0,0.7164120642381513,1.0,0.7718750621527172,1.0,0.7809388335704125,1.0,0.9047619047619048,0.9642857142857143,0.0,0.9251860119047619,1.0,0.9375
aberdeen_2017_ward4,ranked-pairs,8,1.0,1.0,1.0,1.0,1.0,1.0,1.0,1.0,1.0,1.0,1.0,1.0,1.0,1.0
argyll_bute_2017_ward4,borda,8,0.9285343153124636,1.0,0.975213013168087,1.0,1.0,1.0,1.0,1.0,1.0,1.0,0.0,0.9915364583333334,1.0,1.0
argyll_bute_2017_ward4,3-approval,8,0.9285343153124636,1.0,0.975213013168087,1.0,1.0,1.0,1.0,1.0,0.9523809523809523,0.9940476190476191,0.0,0.9556733630952381,1.0,1.0
argyll_bute_2017_ward4,2-approval,8,0.8294550496794929,1.0,0.8690447104813097,1.0,1.0,1.0,1.0,1.0,0.9047619047619048,0.9523809523809523,0.0,0.9052827380952382,1.0,1.0
argyll_bute_2017_ward4,plurality,8,0.7865826148044016,1.0,0.8046709129511679,1.0,0.7865826148044016,1.0,0.8046709129511679,1.0,0.8571428571428572,0.9345238095238095,0.0,0.8430059523809523,1.0,0.9583333333333333
argyll_bute_2017_ward4,stv,8,0.7865826148044016,1.0,0.8046709129511679,1.0,0.7865826148044016,1.0,0.8046709129511679,1.0,0.8571428571428572,0.9226190476190477,0.0,0.8490141369047619,1.0,0.9583333333333333
argyll_bute_2017_ward4,ranked-pairs,8,1.0,1.0,1.0,1.0,1.0,1.0,1.0,1.0,1.0,1.0,1.0,1.0,1.0,1.0
east_renfrewshire_2022_ward2,borda,8,1.0,1.0,1.0,1.0,1.0,1.0,1.0,1.0,0.9523809523809523,0.9702380952380952,0.0,0.9653459821428572,1.0,1.0
east_renfrewshire_2022_ward2,3-approval,8,1.0,1.0,1.0,1.0,1.0,1.0,1.0,1.0,0.9523809523809523,0.9940476190476191,0.0,0.9679129464285714,1.0,1.0
east_renfrewshire_2022_ward2,2-approval,8,0.8811124422491167,1.0,0.9333546940083305,1.0,1.0,1.0,1.0,1.0,0.9047619047619048,0.9642857142857143,0.0,0.9428943452380952,1.0,1.0
east_renfrewshire_2022_ward2,plurality,8,0.7715863096943026,1.0,0.7804662142224844,1.0,1.0,1.0,1.0,1.0,0.8571428571428572,0.9702380952380952,0.0,0.9127418154761906,1.0,0.9375
east_renfrewshire_2022_ward2,stv,8,0.7715863096943026,1.0,0.7804662142224844,1.0,1.0,1.0,1.0,1.0,0.8571428571428572,0.9523809523809523,0.0,0.9127046130952382,1.0,1.0
east_renfrewshire_2022_ward2,ranked-pairs,8,1.0,1.0,1.0,1.0,1.0,1.0,1.0,1.0,1.0,1.0,1.0,1.0,1.0,1.0
west_lothian_2022_ward3,borda,8,1.0,1.0,1.0,1.0,1.0,1.0,1.0,1.0,1.0,1.0,1.0,1.0,1.0,1.0
west_lothian_2022_ward3,3-approval,8,1.0,1.0,1.0,1.0,1.0,1.0,1.0,1.0,1.0,1.0,0.8333333333333334,0.9834635416666667,1.0,1.0
west_lothian_2022_ward3,2-approval,8,0.8247695872428471,1.0,0.862424320494654,1.0,1.0,1.0,1.0,1.0,0.8571428571428572,0.9642857142857143,0.0,0.9280505952380952,1.0,0.9166666666666666
west_lothian_2022_ward3,plurality,8,0.7563738686845979,1.0,0.7552506980696856,1.0,0.7563738686845979,1.0,0.7552506980696856,1.0,0.8571428571428572,0.9523809523809523,0.0,0.9086681547619049,1.0,0.9583333333333334
west_lothian_2022_ward3,stv,8,0.7563738686845979,1.0,0.7552506980696856,1.0,0.7563738686845979,1.0,0.7552506980696856,1.0,0.9047619047619048,0.9702380952380952,0.0,0.9084449404761905,1.0,0.9583333333333334
west_lothian_2022_ward3,ranked-pairs,8,1.0,1.0,1.0,1.0,1.0,1.0,1.0,1.0,1.0,1.0,1.0,1.0,1.0,1.0
edinburgh_2022_ward7,borda,8,0.9084518017322282,1.0,0.9597519597519598,1.0,1.0,1.0,1.0,1.0,0.9523809523809523,0.9821428571428571,0.0,0.9533482142857143,1.0,1.0
edinburgh_2022_ward7,3-approval,8,0.9346278822933298,1.0,0.9792035921068181,1.0,1.0,1.0,1.0,1.0,0.9523809523809523,0.9761904761904762,0.0,0.9191778273809524,1.0,1.0
edinburgh_2022_ward7,2-approval,8,0.7842046354389386,1.0,0.8008816256316527,1.0,1.0,1.0,1.0,1.0,0.9047619047619048,0.9702380952380952,0.0,0.9184709821428572,1.0,1.0
edinburgh_2022_ward7,plurality,8,0.7842046354389386,1.0,0.8008816256316527,1.0,1.0,1.0,1.0,1.0,0.9523809523809523,0.9880952380952381,0.0,0.9030133928571429,1.0,1.0
edinburgh_2022_ward7,stv,8,0.7842046354389386,1.0,0.8008816256316527,1.0,1.0,1.0,1.0,1.0,0.9047619047619048,0.9702380952380952,0.0,0.8762834821428573,1.0,1.0
edinburgh_2022_ward7,ranked-pairs,8,1.0,1.0,1.0,1.0,1.0,1.0,1.0,1.0,1.0,1.0,1.0,1.0,1.0,1.0
edinburgh_2012_ward3,borda,8,1.0,1.0,1.0,1.0,1.0,1.0,1.0,1.0,1.0,1.0,0.0,0.9807291666666667,1.0,1.0
edinburgh_2012_ward3,3-approval,8,1.0,1.0,1.0,1.0,1.0,1.0,1.0,1.0,0.9523809523809523,0.9642857142857143,0.0,0.9656808035714286,1.0,1.0
edinburgh_2012_ward3,2-approval,8,1.0,1.0,1.0,1.0,1.0,1.0,1.0,1.0,1.0,1.0,0.0,0.9778645833333334,1.0,1.0
edinburgh_2012_ward3,plurality,8,0.8391277765031564,1.0,0.8823381521055939,1.0,1.0,1.0,1.0,1.0,0.9047619047619048,0.9761904761904762,0.0,0.9415736607142857,1.0,0.9375
edinburgh_2012_ward3,stv,8,0.8391277765031564,1.0,0.8823381521055939,1.0,1.0,1.0,1.0,1.0,0.9047619047619048,0.9583333333333334,0.0,0.9321614583333333,1.0,1.0
edinburgh_2012_ward3,ranked-pairs,8,1.0,1.0,1.0,1.0,1.0,1.0,1.0,1.0,1.0,1.0,1.0,1.0,1.0,1.0
edinburgh_2022_ward3,borda,8,1.0,1.0,1.0,1.0,1.0,1.0,1.0,1.0,0.9523809523809523,0.9940476190476191,0.6666666666666667,0.9942150297619048,1.0,1.0
edinburgh_2022_ward3,3-approval,8,1.0,1.0,1.0,1.0,1.0,1.0,1.0,1.0,0.9523809523809523,0.9940476190476191,0.5,0.9670014880952381,1.0,1.0
edinburgh_2022_ward3,2-approval,8,0.9327730588806444,1.0,0.9780242779405611,1.0,1.0,1.0,1.0,1.0,0.9523809523809523,0.9880952380952381,0.0,0.9553571428571428,1.0,1.0
edinburgh_2022_ward3,plurality,8,0.6030674029288179,1.0,0.4915173991951393,1.0,0.6030674029288179,1.0,0.4915173991951393,1.0,0.8571428571428572,0.9702380952380952,0.0,0.8980282738095239,1.0,0.875
edinburgh_2022_ward3,stv,8,0.6975026491356876,1.0,0.6538629801382447,1.0,1.0,1.0,1.0,1.0,0.9047619047619048,0.9821428571428571,0.0,0.9414992559523809,1.0,1.0
edinburgh_2022_ward3,ranked-pairs,8,1.0,1.0,1.0,1.0,1.0,1.0,1.0,1.0,1.0,1.0,1.0,1.0,1.0,1.0
aberdeenshire_2012_ward4,borda,8,0.9208739291107183,1.0,0.9697275479313826,1.0,1.0,1.0,1.0,1.0,0.9523809523809523,0.9940476190476191,0.6666666666666667,0.9815848214285714,1.0,1.0
aberdeenshire_2012_ward4,3-approval,8,0.9157347401698104,1.0,0.9657603222557908,1.0,1.0,1.0,1.0,1.0,0.9523809523809523,0.9702380952380952,0.0,0.9386532738095238,1.0,1.0
aberdeenshire_2012_ward4,2-approval,8,0.9157347401698104,1.0,0.9657603222557908,1.0,1.0,1.0,1.0,1.0,0.9523809523809523,0.9940476190476191,0.0,0.9615327380952381,1.0,1.0
aberdeenshire_2012_ward4,plurality,8,0.767736397540129,1.0,0.7741422403999093,1.0,1.0,1.0,1.0,1.0,0.8571428571428572,0.9583333333333334,0.0,0.8615885416666668,1.0,1.0
aberdeenshire_2012_ward4,stv,8,0.7880435462587072,1.0,0.8069891228882202,1.0,1.0,1.0,1.0,1.0,0.8571428571428572,0.9523809523809523,0.0,0.8697358630952382,1.0,1.0
aberdeenshire_2012_ward4,ranked-pairs,8,1.0,1.0,1.0,1.0,1.0,1.0,1.0,1.0,1.0,1.0,1.0,1.0,1.0,1.0
south_lanarkshire_2017_ward10,borda,8,0.9058670077304636,1.0,0.9575125531093086,1.0,1.0,1.0,1.0,1.0,0.9523809523809523,0.9761904761904762,0.0,0.9682663690476191,1.0,1.0
south_lanarkshire_2017_ward10,3-approval,8,1.0,1.0,1.0,1.0,1.0,1.0,1.0,1.0,0.9523809523809523,0.9880952380952381,0.0,0.9402529761904762,1.0,1.0
south_lanarkshire_2017_ward10,2-approval,8,0.7936645718589393,1.0,0.8158366176997492,1.0,1.0,1.0,1.0,1.0,0.9523809523809523,0.9880952380952381,0.0,0.9390811011904762,1.0,1.0
south_lanarkshire_2017_ward10,plurality,8,0.7103011354906619,1.0,0.6762030759054076,1.0,0.7103011354906619,1.0,0.6762030759054076,1.0,0.9047619047619048,0.9761904761904762,0.0,0.9150111607142858,1.0,0.9375
south_lanarkshire_2017_ward10,stv,8,0.7936645718589393,1.0,0.8158366176997492,1.0,1.0,1.0,1.0,1.0,0.9047619047619048,0.9761904761904762,0.0,0.924516369047619,1.0,0.9375
south_lanarkshire_2017_ward10,ranked-pairs,8,1.0,1.0,1.0,1.0,1.0,1.0,1.0,1.0,1.0,1.0,1.0,1.0,1.0,1.0
glasgow_2022_ward13,borda,8,0.8789977824956368,1.0,0.9310730670247286,1.0,1.0,1.0,1.0,1.0,1.0,1.0,0.0,0.971875,1.0,1.0
glasgow_2022_ward13,3-approval,8,0.8789977824956368,1.0,0.9310730670247286,1.0,1.0,1.0,1.0,1.0,0.9523809523809523,0.9880952380952381,0.0,0.9466331845238095,1.0,1.0
glasgow_2022_ward13,2-approval,8,0.8789977824956368,1.0,0.9310730670247286,1.0,1.0,1.0,1.0,1.0,0.9047619047619048,0.9583333333333334,0.0,0.9526041666666667,1.0,1.0
glasgow_2022_ward13,plurality,8,0.6544673674017271,1.0,0.5788125514591529,1.0,0.6544673674017271,1.0,0.5788125514591529,1.0,0.6666666666666667,0.9107142857142857,0.0,0.8020275297619046,1.0,0.8541666666666666
glasgow_2022_ward13,stv,8,0.6694209609146563,1.0,0.6047982146178167,1.0,1.0,1.0,1.0,1.0,0.8095238095238095,0.9166666666666666,0.0,0.8369791666666666,1.0,0.9166666666666666
glasgow_2022_ward13,ranked-pairs,8,1.0,1.0,1.0,1.0,1.0,1.0,1.0,1.0,1.0,1.0,1.0,1.0,1.0,1.0
edinburgh_2017_ward4,borda,8,0.8868604202127978,1.0,0.9393882879522565,1.0,0.943740967094932,1.0,0.9845419847328244,1.0,0.9523809523809523,0.9821428571428571,0.0,0.9464471726190475,1.0,1.0
edinburgh_2017_ward4,3-approval,8,0.9365367224390768,1.0,0.980384688630737,1.0,0.943740967094932,1.0,0.9845419847328244,1.0,0.8571428571428572,0.9226190476190477,0.0,0.7652901785714284,1.0,0.78125
edinburgh_2017_ward4,2-approval,8,0.8331621107643997,1.0,0.8742002342975579,1.0,0.943740967094932,1.0,0.9845419847328244,1.0,0.8095238095238095,0.9345238095238095,0.0,0.7489955357142857,1.0,1.0
edinburgh_2017_ward4,plurality,8,0.8502309658258611,1.0,0.8969354250273622,1.0,0.943740967094932,1.0,0.9845419847328244,1.0,0.8571428571428572,0.9464285714285714,0.0,0.8453311011904763,1.0,0.9166666666666666
edinburgh_2017_ward4,stv,8,0.8331621107643997,1.0,0.8742002342975579,1.0,0.943740967094932,1.0,0.9845419847328244,1.0,0.8571428571428572,0.9345238095238095,0.0,0.8187872023809524,1.0,0.8854166666666666
edinburgh_2017_ward4,ranked-pairs,8,1.0,1.0,1.0,1.0,1.0,1.0,1.0,1.0,1.0,1.0,1.0,1.0,1.0,1.0
stirling_2022_ward7,borda,8,1.0,1.0,1.0,1.0,1.0,1.0,1.0,1.0,1.0,1.0,0.8333333333333334,0.9983072916666667,1.0,1.0
stirling_2022_ward7,3-approval,8,1.0,1.0,1.0,1.0,1.0,1.0,1.0,1.0,1.0,1.0,0.8333333333333334,0.9970052083333333,1.0,1.0
stirling_2022_ward7,2-approval,8,0.8843899617770206,1.0,0.936825480389576,1.0,1.0,1.0,1.0,1.0,0.9523809523809523,0.9761904761904762,0.0,0.9450892857142856,1.0,1.0
stirling_2022_ward7,plurality,8,0.7765319055922855,1.0,0.78852698104035,1.0,1.0,1.0,1.0,1.0,0.9047619047619048,0.9642857142857143,0.0,0.9328683035714286,1.0,0.9375
stirling_2022_ward7,stv,8,0.7765319055922855,1.0,0.78852698104035,1.0,1.0,1.0,1.0,1.0,0.9047619047619048,0.9583333333333334,0.0,0.9360677083333333,1.0,1.0
stirling_2022_ward7,ranked-pairs,8,1.0,1.0,1.0,1.0,1.0,1.0,1.0,1.0,1.0,1.0,1.0,1.0,1.0,1.0
fife_2017_ward1,borda,8,0.9666786848152995,1.0,0.9945407835581246,1.0,1.0,1.0,1.0,1.0,1.0,1.0,1.0,1.0,1.0,1.0
fife_2017_ward1,3-approval,8,1.0,1.0,1.0,1.0,1.0,1.0,1.0,1.0,0.9523809523809523,0.9880952380952381,0.0,0.9565290178571428,1.0,1.0
fife_2017_ward1,2-approval,8,0.8410948106803616,1.0,0.8849772382397573,1.0,0.8410948106803616,1.0,0.8849772382397573,1.0,0.8571428571428572,0.9285714285714286,0.0,0.9059709821428573,1.0,0.75
fife_2017_ward1,plurality,8,0.7152376491670189,1.0,0.6847958768479587,1.0,0.7152376491670189,1.0,0.6847958768479587,1.0,0.8571428571428572,0.9523809523809523,0.0,0.8489025297619048,1.0,0.875
fife_2017_ward1,stv,8,0.7152376491670189,1.0,0.6847958768479587,1.0,0.7152376491670189,1.0,0.6847958768479587,1.0,0.8095238095238095,0.9404761904761905,0.0,0.8693638392857144,1.0,0.875
fife_2017_ward1,ranked-pairs,8,1.0,1.0,1.0,1.0,1.0,1.0,1.0,1.0,1.0,1.0,1.0,1.0,1.0,1.0
renfrewshire_2012_ward5,borda,8,1.0,1.0,1.0,1.0,1.0,1.0,1.0,1.0,0.9523809523809523,0.9821428571428571,0.6666666666666667,0.9886346726190476,1.0,0.8854166666666666
renfrewshire_2012_ward5,3-approval,8,0.8795795521365416,1.0,0.9317040508871778,1.0,0.8795795521365416,1.0,0.9317040508871778,1.0,0.9523809523809523,0.9761904761904762,0.8333333333333334,0.9879278273809524,1.0,0.875
renfrewshire_2012_ward5,2-approval,8,1.0,1.0,1.0,1.0,1.0,1.0,1.0,1.0,1.0,1.0,0.0,0.989453125,1.0,1.0
renfrewshire_2012_ward5,plurality,8,0.7024946140219934,1.0,0.6625846419824233,1.0,0.8795795521365416,1.0,0.9317040508871778,1.0,0.8571428571428572,0.9642857142857143,0.0,0.9155505952380952,1.0,0.9583333333333334
renfrewshire_2012_ward5,stv,8,0.764044875536512,1.0,0.768040447372453,1.0,0.8795795521365416,1.0,0.9317040508871778,1.0,0.9047619047619048,0.9761904761904762,0.0,0.9357142857142857,1.0,0.9583333333333334
renfrewshire_2012_ward5,ranked-pairs,8,1.0,1.0,1.0,1.0,1.0,1.0,1.0,1.0,1.0,1.0,1.0,1.0,1.0,1.0
midlothian_2017_ward4,borda,8,0.9384923021955387,1.0,0.9815602836879431,1.0,0.9384923021955387,1.0,0.9815602836879431,1.0,0.9523809523809523,0.9702380952380952,0.0,0.9549293154761904,1.0,1.0
midlothian_2017_ward4,3-approval,8,0.9384923021955387,1.0,0.9815602836879431,1.0,0.9384923021955387,1.0,0.9815602836879431,1.0,0.9523809523809523,0.9583333333333334,0.0,0.8546875,1.0,0.9375
midlothian_2017_ward4,2-approval,8,0.8626764331444894,1.0,0.9123887748117727,1.0,0.8816211078671105,1.0,0.9338985983734209,1.0,0.9047619047619048,0.9642857142857143,0.0,0.8218005952380951,1.0,0.8958333333333333
midlothian_2017_ward4,plurality,8,0.8816211078671105,1.0,0.9338985983734209,1.0,0.9384923021955387,1.0,0.9815602836879431,1.0,0.8571428571428572,0.9523809523809523,0.0,0.8298921130952381,1.0,0.9375
midlothian_2017_ward4,stv,8,0.8273523446095548,1.0,0.8660878276840873,1.0,0.9384923021955387,1.0,0.9815602836879431,1.0,0.8095238095238095,0.9404761904761905,0.0,0.8059523809523809,1.0,0.9375
midlothian_2017_ward4,ranked-pairs,8,0.9809540906209067,1.0,0.9982120507777577,1.0,0.9809540906209067,1.0,0.9982120507777577,1.0,0.9523809523809523,0.9940476190476191,0.0,0.9776785714285714,1.0,0.9583333333333334
glasgow_2007_langside,borda,8,1.0,1.0,1.0,1.0,1.0,1.0,1.0,1.0,1.0,1.0,0.6666666666666667,0.990625,1.0,1.0
glasgow_2007_langside,3-approval,8,1.0,1.0,1.0,1.0,1.0,1.0,1.0,1.0,1.0,1.0,0.8333333333333334,0.9881510416666667,1.0,1.0
glasgow_2007_langside,2-approval,8,0.8930424284908965,1.0,0.9455966649296508,1.0,0.8930424284908965,1.0,0.9455966649296508,1.0,0.9523809523809523,0.9880952380952381,0.0,0.9565290178571428,1.0,0.8958333333333334
glasgow_2007_langside,plurality,8,0.7084116085108042,1.0,0.6729097589389729,1.0,1.0,1.0,1.0,1.0,0.8571428571428572,0.9642857142857143,0.0,0.8814360119047621,1.0,0.9375
glasgow_2007_langside,stv,8,0.7084116085108042,1.0,0.6729097589389729,1.0,1.0,1.0,1.0,1.0,0.8571428571428572,0.9702380952380952,0.0,0.9100074404761905,1.0,0.9375
glasgow_2007_langside,ranked-pairs,8,1.0,1.0,1.0,1.0,1.0,1.0,1.0,1.0,1.0,1.0,1.0,1.0,1.0,1.0
fife_2022_ward12,borda,8,0.9009140148892153,1.0,0.9530677096064529,1.0,1.0,1.0,1.0,1.0,0.9047619047619048,0.9880952380952381,0.0,0.9500186011904762,1.0,0.9375
fife_2022_ward12,3-approval,8,0.9009140148892153,1.0,0.9530677096064529,1.0,1.0,1.0,1.0,1.0,1.0,1.0,0.0,0.919140625,1.0,1.0
fife_2022_ward12,2-approval,8,0.7806006277231516,1.0,0.7951022242192765,1.0,1.0,1.0,1.0,1.0,0.9523809523809523,0.9761904761904762,0.0,0.9259486607142857,1.0,1.0
fife_2022_ward12,plurality,8,0.6239812680650704,1.0,0.5265571264807031,1.0,1.0,1.0,1.0,1.0,0.8571428571428572,0.9642857142857143,0.0,0.907998511904762,1.0,0.9375
fife_2022_ward12,stv,8,0.7806006277231516,1.0,0.7951022242192765,1.0,1.0,1.0,1.0,1.0,0.9047619047619048,0.9702380952380952,0.0,0.9311011904761906,1.0,0.9375
fife_2022_ward12,ranked-pairs,8,1.0,1.0,1.0,1.0,1.0,1.0,1.0,1.0,1.0,1.0,1.0,1.0,1.0,1.0
stirling_2022_ward6,borda,8,0.9077171328850394,1.0,0.9591211037301993,1.0,1.0,1.0,1.0,1.0,0.9523809523809523,0.9940476190476191,0.6666666666666667,0.9940848214285715,1.0,1.0
stirling_2022_ward6,3-approval,8,1.0,1.0,1.0,1.0,1.0,1.0,1.0,1.0,0.9523809523809523,0.9821428571428571,0.0,0.927436755952381,1.0,1.0
stirling_2022_ward6,2-approval,8,0.9221831728758582,1.0,0.9707016191210485,1.0,1.0,1.0,1.0,1.0,0.9523809523809523,0.9702380952380952,0.0,0.9490699404761904,1.0,1.0
stirling_2022_ward6,plurality,8,0.7613534510803464,1.0,0.7635694572217111,1.0,0.7613534510803464,1.0,0.7635694572217111,1.0,0.9047619047619048,0.9642857142857143,0.0,0.8891183035714287,1.0,0.9375
stirling_2022_ward6,stv,8,0.7613534510803464,1.0,0.7635694572217111,1.0,0.7613534510803464,1.0,0.7635694572217111,1.0,0.8571428571428572,0.9702380952380952,0.0,0.9245907738095238,1.0,0.9375
stirling_2022_ward6,ranked-pairs,8,1.0,1.0,1.0,1.0,1.0,1.0,1.0,1.0,1.0,1.0,1.0,1.0,1.0,1.0
south_lanarkshire_2022_ward9,borda,8,1.0,1.0,1.0,1.0,1.0,1.0,1.0,1.0,1.0,1.0,1.0,1.0,1.0,1.0
south_lanarkshire_2022_ward9,3-approval,8,1.0,1.0,1.0,1.0,1.0,1.0,1.0,1.0,1.0,1.0,1.0,1.0,1.0,1.0
south_lanarkshire_2022_ward9,2-approval,8,0.865739256189372,1.0,0.9160359845780377,1.0,1.0,1.0,1.0,1.0,0.9523809523809523,0.9880952380952381,0.0,0.9681175595238095,1.0,1.0
south_lanarkshire_2022_ward9,plurality,8,0.7795260408512314,1.0,0.7933707564822239,1.0,0.8228899448103787,1.0,0.8597366597366596,1.0,0.8571428571428572,0.9583333333333334,0.0,0.8855468750000001,1.0,0.9166666666666667
south_lanarkshire_2022_ward9,stv,8,0.8228899448103787,1.0,0.8597366597366596,1.0,0.9252789882159352,1.0,0.9729451551242465,1.0,0.8571428571428572,0.9345238095238095,0.0,0.8922247023809524,1.0,0.8333333333333333
south_lanarkshire_2022_ward9,ranked-pairs,8,1.0,1.0,1.0,1.0,1.0,1.0,1.0,1.0,1.0,1.0,1.0,1.0,1.0,1.0
perth_kinross_2022_ward8,borda,8,0.947285530126722,1.0,0.9864113650401481,1.0,0.9579659029602232,1.0,0.9913312693498452,1.0,0.9523809523809523,0.9880952380952381,0.0,0.9347842261904762,1.0,0.9583333333333334
perth_kinross_2022_ward8,3-approval,8,0.947285530126722,1.0,0.9864113650401481,1.0,0.9579659029602232,1.0,0.9913312693498452,1.0,0.9523809523809523,0.9702380952380952,0.0,0.9162574404761905,1.0,0.9583333333333334
perth_kinross_2022_ward8,2-approval,8,0.8545379742298055,1.0,0.9023957409050576,1.0,0.8545379742298055,1.0,0.9023957409050576,1.0,0.9523809523809523,0.9880952380952381,0.0,0.8610863095238097,1.0,1.0
perth_kinross_2022_ward8,plurality,8,0.7322795271987701,1.0,0.7142857142857144,1.0,0.8545379742298055,1.0,0.9023957409050576,1.0,0.8095238095238095,0.9345238095238095,0.0,0.842485119047619,1.0,0.9166666666666667
perth_kinross_2022_ward8,stv,8,0.7322795271987701,1.0,0.7142857142857144,1.0,0.947285530126722,1.0,0.9864113650401481,1.0,0.8095238095238095,0.9226190476190477,0.0,0.8495349702380952,1.0,0.875
perth_kinross_2022_ward8,ranked-pairs,8,0.9579659029602232,1.0,0.9913312693498452,1.0,0.9579659029602232,1.0,0.9913312693498452,1.0,0.9523809523809523,0.9940476190476191,0.0,0.9776785714285714,1.0,0.9583333333333334
south_lanarkshire_2017_ward17,borda,8,0.9620515491624557,1.0,0.992926981485334,1.0,0.9620515491624557,1.0,0.992926981485334,1.0,0.9523809523809523,0.9940476190476191,0.0,0.9683035714285715,1.0,0.9375
south_lanarkshire_2017_ward17,3-approval,8,1.0,1.0,1.0,1.0,1.0,1.0,1.0,1.0,0.9523809523809523,0.9940476190476191,0.0,0.9436941964285714,1.0,0.9375
south_lanarkshire_2017_ward17,2-approval,8,0.8359757005193664,1.0,0.8780631248774752,1.0,1.0,1.0,1.0,1.0,0.9047619047619048,0.9642857142857143,0.0,0.882607886904762,1.0,1.0
south_lanarkshire_2017_ward17,plurality,8,0.7797125834671639,1.0,0.7936715970791987,1.0,0.8322385645340786,1.0,0.8729227761485828,1.0,0.8095238095238095,0.9404761904761905,0.0,0.8390252976190475,1.0,0.9375
south_lanarkshire_2017_ward17,stv,8,0.7797125834671639,1.0,0.7936715970791987,1.0,0.8322385645340786,1.0,0.8729227761485828,1.0,0.8571428571428572,0.9345238095238095,0.0,0.8411830357142857,1.0,0.9375
south_lanarkshire_2017_ward17,ranked-pairs,8,1.0,1.0,1.0,1.0,1.0,1.0,1.0,1.0,1.0,1.0,1.0,1.0,1.0,1.0
moray_2017_ward4,borda,8,0.941868071758148,1.0,0.983507154984235,1.0,1.0,1.0,1.0,1.0,0.9523809523809523,0.9940476190476191,0.0,0.9787202380952381,1.0,1.0
moray_2017_ward4,3-approval,8,1.0,1.0,1.0,1.0,1.0,1.0,1.0,1.0,0.9523809523809523,0.9821428571428571,0.0,0.9636346726190477,1.0,1.0
moray_2017_ward4,2-approval,8,0.8509759094892428,1.0,0.8978881411000235,1.0,1.0,1.0,1.0,1.0,0.9047619047619048,0.9523809523809523,0.0,0.8931733630952382,1.0,1.0
moray_2017_ward4,plurality,8,0.7776136414718717,1.0,0.7902802101576183,1.0,1.0,1.0,1.0,1.0,0.9047619047619048,0.9642857142857143,0.0,0.8401599702380953,1.0,1.0
moray_2017_ward4,stv,8,0.8509759094892428,1.0,0.8978881411000235,1.0,1.0,1.0,1.0,1.0,0.9047619047619048,0.9702380952380952,0.0,0.9002418154761905,1.0,0.9375
moray_2017_ward4,ranked-pairs,8,1.0,1.0,1.0,1.0,1.0,1.0,1.0,1.0,1.0,1.0,1.0,1.0,1.0,1.0
fife_2022_ward14,borda,8,0.9265028176689964,1.0,0.9738087724834333,1.0,1.0,1.0,1.0,1.0,1.0,1.0,0.6666666666666667,0.9955729166666667,1.0,1.0
fife_2022_ward14,3-approval,8,0.9265028176689964,1.0,0.9738087724834333,1.0,1.0,1.0,1.0,1.0,1.0,1.0,0.0,0.9328125,1.0,1.0
fife_2022_ward14,2-approval,8,0.9265028176689964,1.0,0.9738087724834333,1.0,1.0,1.0,1.0,1.0,0.9523809523809523,0.9880952380952381,0.33333333333333337,0.9517113095238094,1.0,1.0
fife_2022_ward14,plurality,8,0.6971411572405444,1.0,0.6532311351922824,1.0,0.7546433549141286,1.0,0.7523462669841717,1.0,0.9047619047619048,0.9642857142857143,0.0,0.8714099702380953,1.0,0.9583333333333334
fife_2022_ward14,stv,8,0.730984662185565,1.0,0.7120569317093199,1.0,0.7546433549141286,1.0,0.7523462669841717,1.0,0.9047619047619048,0.9642857142857143,0.0,0.8772693452380953,1.0,0.9583333333333334
fife_2022_ward14,ranked-pairs,8,0.9558760012815473,1.0,0.9904534606205251,1.0,1.0,1.0,1.0,1.0,0.9523809523809523,0.9940476190476191,0.0,0.9776785714285714,1.0,1.0
stirling_2012_ward2,borda,8,0.9505602900712582,1.0,0.9880341880341881,1.0,1.0,1.0,1.0,1.0,1.0,1.0,1.0,1.0,1.0,1.0
stirling_2012_ward2,3-approval,8,0.9505602900712582,1.0,0.9880341880341881,1.0,1.0,1.0,1.0,1.0,1.0,1.0,0.8333333333333334,0.9993489583333334,1.0,1.0
stirling_2012_ward2,2-approval,8,0.9505602900712582,1.0,0.9880341880341881,1.0,1.0,1.0,1.0,1.0,0.9523809523809523,0.9880952380952381,0.6666666666666667,0.9948102678571429,1.0,1.0
stirling_2012_ward2,plurality,8,0.7911412325812869,1.0,0.8118792599805258,1.0,1.0,1.0,1.0,1.0,0.8571428571428572,0.9404761904761905,0.0,0.8109002976190474,1.0,0.9375
stirling_2012_ward2,stv,8,0.8164788709573702,1.0,0.8504375497215593,1.0,1.0,1.0,1.0,1.0,0.8571428571428572,0.9464285714285714,0.0,0.8513206845238095,1.0,0.9375
stirling_2012_ward2,ranked-pairs,8,1.0,1.0,1.0,1.0,1.0,1.0,1.0,1.0,1.0,1.0,1.0,1.0,1.0,1.0
highland_2012_ward8,borda,8,1.0,1.0,1.0,1.0,1.0,1.0,1.0,1.0,1.0,1.0,1.0,1.0,1.0,1.0
highland_2012_ward8,3-approval,8,0.9116772353928817,1.0,0.9624681933842238,1.0,1.0,1.0,1.0,1.0,0.9523809523809523,0.9761904761904762,0.0,0.965922619047619,1.0,1.0
highland_2012_ward8,2-approval,8,0.9116772353928817,1.0,0.9624681933842238,1.0,1.0,1.0,1.0,1.0,0.9523809523809523,0.9940476190476191,0.0,0.9731212797619048,1.0,1.0
highland_2012_ward8,plurality,8,0.7606234227923335,1.0,0.7623536132533562,1.0,1.0,1.0,1.0,1.0,1.0,1.0,0.0,0.9701822916666667,1.0,1.0
highland_2012_ward8,stv,8,0.7606234227923335,1.0,0.7623536132533562,1.0,1.0,1.0,1.0,1.0,0.9523809523809523,0.9821428571428571,0.0,0.9381138392857142,1.0,1.0
highland_2012_ward8,ranked-pairs,8,1.0,1.0,1.0,1.0,1.0,1.0,1.0,1.0,1.0,1.0,1.0,1.0,1.0,1.0
perth_kinross_2012_ward10,borda,8,1.0,1.0,1.0,1.0,1.0,1.0,1.0,1.0,0.9047619047619048,0.9642857142857143,0.0,0.9611235119047619,1.0,0.9583333333333333
perth_kinross_2012_ward10,3-approval,8,1.0,1.0,1.0,1.0,1.0,1.0,1.0,1.0,0.9523809523809523,0.9761904761904762,0.0,0.9450892857142856,1.0,1.0
perth_kinross_2012_ward10,2-approval,8,0.9262218267153082,1.0,0.9736116581331233,1.0,0.9262218267153082,1.0,0.9736116581331233,1.0,0.9523809523809523,0.9880952380952381,0.0,0.9386904761904762,1.0,1.0
perth_kinross_2012_ward10,plurality,8,0.749612863898372,1.0,0.7438663650600316,1.0,0.749612863898372,1.0,0.7438663650600316,1.0,0.9047619047619048,0.9583333333333334,0.0,0.8636718750000001,1.0,0.9166666666666666
perth_kinross_2012_ward10,stv,8,0.749612863898372,1.0,0.7438663650600316,1.0,0.749612863898372,1.0,0.7438663650600316,1.0,0.8571428571428572,0.9464285714285714,0.0,0.8621279761904763,1.0,0.875
perth_kinross_2012_ward10,ranked-pairs,8,1.0,1.0,1.0,1.0,1.0,1.0,1.0,1.0,1.0,1.0,1.0,1.0,1.0,1.0
south_lanarkshire_2017_ward5,borda,8,0.9590858993043242,1.0,0.9917845732542219,1.0,1.0,1.0,1.0,1.0,0.9523809523809523,0.9761904761904762,0.0,0.9633184523809524,1.0,1.0
south_lanarkshire_2017_ward5,3-approval,8,0.9590858993043242,1.0,0.9917845732542219,1.0,1.0,1.0,1.0,1.0,0.9523809523809523,0.9761904761904762,0.0,0.953422619047619,1.0,1.0
south_lanarkshire_2017_ward5,2-approval,8,0.8921731147908365,1.0,0.9447415329768272,1.0,1.0,1.0,1.0,1.0,0.9523809523809523,0.9880952380952381,0.0,0.9468936011904762,1.0,1.0
south_lanarkshire_2017_ward5,plurality,8,0.9590858993043242,1.0,0.9917845732542219,1.0,1.0,1.0,1.0,1.0,0.9047619047619048,0.9761904761904762,0.0,0.9484747023809523,1.0,0.9375
south_lanarkshire_2017_ward5,stv,8,0.9590858993043242,1.0,0.9917845732542219,1.0,1.0,1.0,1.0,1.0,0.9047619047619048,0.9583333333333334,0.0,0.9477864583333333,1.0,0.9375
south_lanarkshire_2017_ward5,ranked-pairs,8,1.0,1.0,1.0,1.0,1.0,1.0,1.0,1.0,1.0,1.0,1.0,1.0,1.0,1.0
south_ayrshire_2022_ward3,borda,8,0.8579398617802176,1.0,0.9066253390158853,1.0,1.0,1.0,1.0,1.0,0.9523809523809523,0.9940476190476191,0.8333333333333334,0.995517113095238,1.0,1.0
south_ayrshire_2022_ward3,3-approval,8,1.0,1.0,1.0,1.0,1.0,1.0,1.0,1.0,1.0,1.0,0.0,0.9444010416666667,1.0,1.0
south_ayrshire_2022_ward3,2-approval,8,1.0,1.0,1.0,1.0,1.0,1.0,1.0,1.0,1.0,1.0,0.0,0.9700520833333334,1.0,1.0
south_ayrshire_2022_ward3,plurality,8,0.6919583341087711,1.0,0.6441697293685267,1.0,1.0,1.0,1.0,1.0,0.8571428571428572,0.9583333333333334,0.0,0.9111979166666667,1.0,0.9270833333333333
south_ayrshire_2022_ward3,stv,8,0.8579398617802176,1.0,0.9066253390158853,1.0,1.0,1.0,1.0,1.0,0.9047619047619048,0.9702380952380952,0.0,0.9221168154761905,1.0,1.0
south_ayrshire_2022_ward3,ranked-pairs,8,1.0,1.0,1.0,1.0,1.0,1.0,1.0,1.0,1.0,1.0,1.0,1.0,1.0,1.0
fife_2012_ward22,borda,8,1.0,1.0,1.0,1.0,1.0,1.0,1.0,1.0,0.9523809523809523,0.9940476190476191,0.6666666666666667,0.9878348214285714,1.0,1.0
fife_2012_ward22,3-approval,8,1.0,1.0,1.0,1.0,1.0,1.0,1.0,1.0,1.0,1.0,0.0,0.9822916666666667,1.0,1.0
fife_2012_ward22,2-approval,8,0.8350564307021353,1.0,0.8768058421971743,1.0,1.0,1.0,1.0,1.0,0.8095238095238095,0.9226190476190477,0.0,0.833779761904762,1.0,0.9583333333333334
fife_2012_ward22,plurality,8,0.646592209384664,1.0,0.5652058784588906,1.0,1.0,1.0,1.0,1.0,0.7619047619047619,0.9404761904761905,0.0,0.8321242559523809,1.0,1.0
fife_2012_ward22,stv,8,0.646592209384664,1.0,0.5652058784588906,1.0,1.0,1.0,1.0,1.0,0.8095238095238095,0.9285714285714286,0.0,0.8193824404761904,1.0,1.0
fife_2012_ward22,ranked-pairs,8,1.0,1.0,1.0,1.0,1.0,1.0,1.0,1.0,1.0,1.0,1.0,1.0,1.0,1.0
edinburgh_2012_ward14,borda,8,0.974089155682822,1.0,0.9966942148760332,1.0,1.0,1.0,1.0,1.0,0.9523809523809523,0.9940476190476191,0.6666666666666667,0.9925223214285714,1.0,0.9375
edinburgh_2012_ward14,3-approval,8,0.974089155682822,1.0,0.9966942148760332,1.0,1.0,1.0,1.0,1.0,1.0,1.0,0.8333333333333334,0.998046875,1.0,1.0
edinburgh_2012_ward14,2-approval,8,0.7726917277516658,1.0,0.7822742122457582,1.0,0.9454209934684131,1.0,0.9854425921577835,1.0,0.8571428571428572,0.9345238095238095,0.0,0.8789434523809525,1.0,0.8541666666666666
edinburgh_2012_ward14,plurality,8,0.7726917277516658,1.0,0.7822742122457582,1.0,0.9454209934684131,1.0,0.9854425921577835,1.0,0.9047619047619048,0.9464285714285714,0.0,0.8608258928571428,1.0,0.8958333333333334
edinburgh_2012_ward14,stv,8,0.7726917277516658,1.0,0.7822742122457582,1.0,1.0,1.0,1.0,1.0,0.8095238095238095,0.9285714285714286,0.0,0.8641741071428573,1.0,0.9375
edinburgh_2012_ward14,ranked-pairs,8,1.0,1.0,1.0,1.0,1.0,1.0,1.0,1.0,1.0,1.0,1.0,1.0,1.0,1.0
east_lothian_2017_ward2,borda,8,0.9254399296765392,1.0,0.9730594825286744,1.0,0.9254399296765392,1.0,0.9730594825286744,1.0,0.9523809523809523,0.9940476190476191,0.9333333333333333,0.9995535714285714,1.0,0.96875
east_lothian_2017_ward2,3-approval,8,1.0,1.0,1.0,1.0,1.0,1.0,1.0,1.0,0.9523809523809523,0.9821428571428571,0.0,0.9689732142857143,1.0,1.0
east_lothian_2017_ward2,2-approval,8,0.7726432001968696,1.0,0.7821949162751476,1.0,0.7726432001968696,1.0,0.7821949162751476,1.0,0.8571428571428572,0.9285714285714286,0.0,0.8468563988095239,1.0,0.84375
east_lothian_2017_ward2,plurality,8,0.7109447012288617,1.0,0.6773242630385489,1.0,0.7726432001968696,1.0,0.7821949162751476,1.0,0.9047619047619048,0.9523809523809523,0.0,0.8335379464285715,1.0,0.9583333333333333
east_lothian_2017_ward2,stv,8,0.7109447012288617,1.0,0.6773242630385489,1.0,0.7726432001968696,1.0,0.7821949162751476,1.0,0.7619047619047619,0.9107142857142857,0.0,0.8397879464285715,1.0,0.9583333333333333
east_lothian_2017_ward2,ranked-pairs,8,1.0,1.0,1.0,1.0,1.0,1.0,1.0,1.0,1.0,1.0,1.0,1.0,1.0,1.0
dumgal_2012_ward10,borda,8,1.0,1.0,1.0,1.0,1.0,1.0,1.0,1.0,1.0,1.0,1.0,1.0,1.0,1.0
dumgal_2012_ward10,3-approval,8,1.0,1.0,1.0,1.0,1.0,1.0,1.0,1.0,1.0,1.0,0.8333333333333334,0.9799479166666667,1.0,1.0
dumgal_2012_ward10,2-approval,8,0.8429931227799438,1.0,0.8875028351100023,1.0,1.0,1.0,1.0,1.0,0.9523809523809523,0.9880952380952381,0.0,0.9321800595238094,1.0,1.0
dumgal_2012_ward10,plurality,8,0.9125630833988635,1.0,0.9631988676574662,1.0,1.0,1.0,1.0,1.0,0.8571428571428572,0.9523809523809523,0.0,0.9515066964285714,1.0,1.0
dumgal_2012_ward10,stv,8,1.0,1.0,1.0,1.0,1.0,1.0,1.0,1.0,0.9047619047619048,0.9702380952380952,0.5,0.9514136904761905,1.0,1.0
dumgal_2012_ward10,ranked-pairs,8,1.0,1.0,1.0,1.0,1.0,1.0,1.0,1.0,1.0,1.0,1.0,1.0,1.0,1.0
east_renfrewshire_2017_ward5,borda,8,1.0,1.0,1.0,1.0,1.0,1.0,1.0,1.0,0.9523809523809523,0.9761904761904762,0.0,0.9665736607142857,1.0,0.84375
east_renfrewshire_2017_ward5,3-approval,8,0.7926078701876466,1.0,0.8141822906998331,1.0,1.0,1.0,1.0,1.0,0.9523809523809523,0.9821428571428571,0.0,0.9343377976190477,1.0,0.875
east_renfrewshire_2017_ward5,2-approval,8,0.9521969384805147,1.0,0.988807488807489,1.0,1.0,1.0,1.0,1.0,0.9523809523809523,0.9880952380952381,0.0,0.9162946428571429,1.0,1.0
east_renfrewshire_2017_ward5,plurality,8,0.6067696648151194,1.0,0.497663014328404,1.0,1.0,1.0,1.0,1.0,0.9047619047619048,0.9702380952380952,0.0,0.9283668154761905,1.0,0.9583333333333333
east_renfrewshire_2017_ward5,stv,8,0.9521969384805147,1.0,0.988807488807489,1.0,1.0,1.0,1.0,1.0,0.9047619047619048,0.9642857142857143,0.0,0.977139136904762,1.0,0.9583333333333333
east_renfrewshire_2017_ward5,ranked-pairs,8,1.0,1.0,1.0,1.0,1.0,1.0,1.0,1.0,1.0,1.0,1.0,1.0,1.0,1.0
angus_2012_ward6,borda,8,0.9833408004435675,1.0,0.998631698973774,1.0,1.0,1.0,1.0,1.0,1.0,1.0,0.0,0.9787760416666667,1.0,1.0
angus_2012_ward6,3-approval,8,0.784785617688018,1.0,0.8018092105263157,1.0,1.0,1.0,1.0,1.0,0.9523809523809523,0.9880952380952381,0.0,0.9682477678571428,1.0,1.0
angus_2012_ward6,2-approval,8,0.8693429678638555,1.0,0.9202453987730062,1.0,1.0,1.0,1.0,1.0,0.9523809523809523,0.9761904761904762,0.0,0.931938244047619,1.0,1.0
angus_2012_ward6,plurality,8,0.7885277410832028,1.0,0.8077557755775578,1.0,1.0,1.0,1.0,1.0,0.9047619047619048,0.9642857142857143,0.0,0.8628162202380953,1.0,1.0
angus_2012_ward6,stv,8,0.7885277410832028,1.0,0.8077557755775578,1.0,1.0,1.0,1.0,1.0,0.9047619047619048,0.9583333333333334,0.0,0.8787760416666668,1.0,1.0
angus_2012_ward6,ranked-pairs,8,1.0,1.0,1.0,1.0,1.0,1.0,1.0,1.0,1.0,1.0,1.0,1.0,1.0,1.0
west_lothian_2022_ward8,borda,8,0.8597498069218821,1.0,0.9088451139436078,1.0,1.0,1.0,1.0,1.0,0.9523809523809523,0.9821428571428571,0.0,0.9659784226190476,1.0,1.0
west_lothian_2022_ward8,3-approval,8,0.8597498069218821,1.0,0.9088451139436078,1.0,1.0,1.0,1.0,1.0,0.9523809523809523,0.9761904761904762,0.0,0.9379278273809524,1.0,1.0
west_lothian_2022_ward8,2-approval,8,0.8597498069218821,1.0,0.9088451139436078,1.0,1.0,1.0,1.0,1.0,0.9523809523809523,0.9761904761904762,0.0,0.9562872023809523,1.0,1.0
west_lothian_2022_ward8,plurality,8,0.6993501898544826,1.0,0.6570917626019895,1.0,0.6993501898544826,1.0,0.6570917626019895,1.0,0.8571428571428572,0.9702380952380952,0.0,0.9230282738095238,1.0,0.9583333333333333
west_lothian_2022_ward8,stv,8,0.8597498069218821,1.0,0.9088451139436078,1.0,1.0,1.0,1.0,1.0,0.9523809523809523,0.9880952380952381,0.0,0.9588727678571428,1.0,1.0
west_lothian_2022_ward8,ranked-pairs,8,1.0,1.0,1.0,1.0,1.0,1.0,1.0,1.0,1.0,1.0,1.0,1.0,1.0,1.0
north_lanarkshire_2022_ward19,borda,8,0.9324530156712457,1.0,0.9778176480182676,1.0,1.0,1.0,1.0,1.0,1.0,1.0,1.0,1.0,1.0,1.0
north_lanarkshire_2022_ward19,3-approval,8,0.9324530156712457,1.0,0.9778176480182676,1.0,1.0,1.0,1.0,1.0,1.0,1.0,0.8333333333333334,0.9993489583333334,1.0,1.0
north_lanarkshire_2022_ward19,2-approval,8,0.786959836879932,1.0,0.8052702099151405,1.0,1.0,1.0,1.0,1.0,0.9047619047619048,0.9642857142857143,0.0,0.9126860119047621,1.0,1.0
north_lanarkshire_2022_ward19,plurality,8,0.6676071147420646,1.0,0.6016378285563333,1.0,0.700731189068589,1.0,0.659504584644861,1.0,0.8571428571428572,0.9583333333333334,0.0,0.8871093750000001,1.0,0.9166666666666666
north_lanarkshire_2022_ward19,stv,8,0.700731189068589,1.0,0.659504584644861,1.0,0.700731189068589,1.0,0.659504584644861,1.0,0.8571428571428572,0.9523809523809523,0.0,0.9051525297619049,1.0,0.9583333333333333
north_lanarkshire_2022_ward19,ranked-pairs,8,1.0,1.0,1.0,1.0,1.0,1.0,1.0,1.0,1.0,1.0,1.0,1.0,1.0,1.0
sc_borders_2017_ward3,borda,8,0.8916679542799179,1.0,0.9442419043534207,1.0,1.0,1.0,1.0,1.0,0.9047619047619048,0.9642857142857143,0.0,0.894717261904762,1.0,0.8541666666666666
sc_borders_2017_ward3,3-approval,8,0.8916679542799179,1.0,0.9442419043534207,1.0,1.0,1.0,1.0,1.0,0.9523809523809523,0.9821428571428571,0.0,0.8166294642857141,1.0,1.0
sc_borders_2017_ward3,2-approval,8,0.8916679542799179,1.0,0.9442419043534207,1.0,1.0,1.0,1.0,1.0,0.9523809523809523,0.9940476190476191,0.0,0.8599702380952381,1.0,1.0
sc_borders_2017_ward3,plurality,8,0.9004237162451233,1.0,0.9526168425586904,1.0,1.0,1.0,1.0,1.0,0.9047619047619048,0.9702380952380952,0.0,0.9342261904761905,1.0,0.9270833333333333
sc_borders_2017_ward3,stv,8,0.8827624913073103,1.0,0.9351120597652081,1.0,0.8827624913073103,1.0,0.9351120597652081,1.0,0.9047619047619048,0.9761904761904762,0.0,0.9263392857142857,1.0,0.9583333333333333
sc_borders_2017_ward3,ranked-pairs,8,1.0,1.0,1.0,1.0,1.0,1.0,1.0,1.0,1.0,1.0,1.0,1.0,1.0,1.0
south_lanarkshire_2022_ward4,borda,8,0.9084630106152113,1.0,0.9597615499254841,1.0,1.0,1.0,1.0,1.0,1.0,1.0,1.0,1.0,1.0,1.0
south_lanarkshire_2022_ward4,3-approval,8,1.0,1.0,1.0,1.0,1.0,1.0,1.0,1.0,0.9523809523809523,0.9642857142857143,0.0,0.9508370535714286,1.0,1.0
south_lanarkshire_2022_ward4,2-approval,8,0.8279305841179192,1.0,0.8669032830523514,1.0,0.8279305841179192,1.0,0.8669032830523514,1.0,0.8571428571428572,0.9404761904761905,0.0,0.8710565476190477,1.0,0.7500000000000001
south_lanarkshire_2022_ward4,plurality,8,0.7933586208729881,1.0,0.8153580672993959,1.0,0.8279305841179192,1.0,0.8669032830523514,1.0,0.9047619047619048,0.9761904761904762,0.0,0.9223028273809524,1.0,1.0
south_lanarkshire_2022_ward4,stv,8,0.7597901211698626,1.0,0.7609641781051222,1.0,0.8279305841179192,1.0,0.8669032830523514,1.0,0.8571428571428572,0.9583333333333334,0.0,0.8869791666666668,1.0,0.9375
south_lanarkshire_2022_ward4,ranked-pairs,8,1.0,1.0,1.0,1.0,1.0,1.0,1.0,1.0,1.0,1.0,1.0,1.0,1.0,1.0
east_ayrshire_2017_ward1,borda,8,0.9025281753004422,1.0,0.9545382794001578,1.0,1.0,1.0,1.0,1.0,0.9523809523809523,0.9880952380952381,0.33333333333333337,0.9868675595238096,1.0,1.0
east_ayrshire_2017_ward1,3-approval,8,0.8645636585386831,1.0,0.9146435750734497,1.0,1.0,1.0,1.0,1.0,0.9047619047619048,0.9761904761904762,0.0,0.8971726190476191,1.0,1.0
east_ayrshire_2017_ward1,2-approval,8,1.0,1.0,1.0,1.0,1.0,1.0,1.0,1.0,0.9523809523809523,0.9940476190476191,0.0,0.9518973214285714,1.0,1.0
east_ayrshire_2017_ward1,plurality,8,0.8575108529571795,1.0,0.9060960591133004,1.0,0.8575108529571795,1.0,0.9060960591133004,1.0,0.8095238095238095,0.9761904761904762,0.0,0.9435267857142857,1.0,0.9583333333333334
east_ayrshire_2017_ward1,stv,8,0.8453967934462872,1.0,0.8906703313482975,1.0,0.8453967934462872,1.0,0.8906703313482975,1.0,0.8571428571428572,0.9583333333333334,0.0,0.9283854166666667,1.0,0.9583333333333333
east_ayrshire_2017_ward1,ranked-pairs,8,1.0,1.0,1.0,1.0,1.0,1.0,1.0,1.0,1.0,1.0,1.0,1.0,1.0,1.0
east_ayrshire_2017_ward8,borda,8,1.0,1.0,1.0,1.0,1.0,1.0,1.0,1.0,1.0,1.0,0.33333333333333337,0.9944010416666667,1.0,1.0
east_ayrshire_2017_ward8,3-approval,8,0.9352494736423245,1.0,0.979591836734694,1.0,1.0,1.0,1.0,1.0,0.9523809523809523,0.9880952380952381,0.0,0.9679873511904762,1.0,1.0
east_ayrshire_2017_ward8,2-approval,8,0.9352494736423245,1.0,0.979591836734694,1.0,1.0,1.0,1.0,1.0,1.0,1.0,0.0,0.983203125,1.0,1.0
east_ayrshire_2017_ward8,plurality,8,0.7547664129792465,1.0,0.7525530243519246,1.0,0.7815681319207468,1.0,0.796657942419972,1.0,0.8095238095238095,0.9642857142857143,0.0,0.8647693452380953,1.0,0.9583333333333333
east_ayrshire_2017_ward8,stv,8,0.7815681319207468,1.0,0.796657942419972,1.0,0.7815681319207468,1.0,0.796657942419972,1.0,0.8571428571428572,0.9523809523809523,0.0,0.8771577380952381,1.0,0.8854166666666666
east_ayrshire_2017_ward8,ranked-pairs,8,1.0,1.0,1.0,1.0,1.0,1.0,1.0,1.0,1.0,1.0,1.0,1.0,1.0,1.0
falkirk_2012_ward2,borda,8,0.8740596804733178,1.0,0.9256181998021761,1.0,0.9571660111137105,1.0,0.991000204540806,1.0,0.9523809523809523,0.9880952380952381,0.0,0.9750186011904762,1.0,0.9583333333333333
falkirk_2012_ward2,3-approval,8,0.9571660111137105,1.0,0.991000204540806,1.0,0.9571660111137105,1.0,0.991000204540806,1.0,0.9523809523809523,0.9821428571428571,0.0,0.9619419642857143,1.0,1.0
falkirk_2012_ward2,2-approval,8,0.8740596804733178,1.0,0.9256181998021761,1.0,1.0,1.0,1.0,1.0,0.9047619047619048,0.9702380952380952,0.0,0.9394345238095237,1.0,1.0
falkirk_2012_ward2,plurality,8,0.7929322219503212,1.0,0.8146905294556303,1.0,0.9571660111137105,1.0,0.991000204540806,1.0,0.8095238095238095,0.9404761904761905,0.0,0.8248325892857141,1.0,0.9583333333333333
falkirk_2012_ward2,stv,8,0.8092564656273254,1.0,0.8397278397278398,1.0,0.9571660111137105,1.0,0.991000204540806,1.0,0.8571428571428572,0.9583333333333334,0.0,0.8488281249999999,1.0,0.9166666666666666
falkirk_2012_ward2,ranked-pairs,8,1.0,1.0,1.0,1.0,1.0,1.0,1.0,1.0,1.0,1.0,1.0,1.0,1.0,1.0
falkirk_2022_ward2,borda,8,0.8969448486149145,1.0,0.9493621955933514,1.0,1.0,1.0,1.0,1.0,0.9523809523809523,0.9940476190476191,0.9333333333333333,0.9995535714285714,1.0,1.0
falkirk_2022_ward2,3-approval,8,0.942519861709812,1.0,0.9838709677419353,1.0,1.0,1.0,1.0,1.0,0.9047619047619048,0.9523809523809523,0.0,0.9215587797619048,1.0,1.0
falkirk_2022_ward2,2-approval,8,1.0,1.0,1.0,1.0,1.0,1.0,1.0,1.0,0.9523809523809523,0.9880952380952381,0.0,0.9644717261904762,1.0,1.0
falkirk_2022_ward2,plurality,8,0.6817092772300293,1.0,0.6262495969042244,1.0,0.6817092772300293,1.0,0.6262495969042244,1.0,0.8095238095238095,0.9702380952380952,0.0,0.8876116071428573,1.0,0.875
falkirk_2022_ward2,stv,8,0.797556703838901,1.0,0.8218930635838151,1.0,0.797556703838901,1.0,0.8218930635838151,1.0,0.8571428571428572,0.9702380952380952,0.0,0.9311011904761904,1.0,0.9375
falkirk_2022_ward2,ranked-pairs,8,1.0,1.0,1.0,1.0,1.0,1.0,1.0,1.0,1.0,1.0,1.0,1.0,1.0,1.0
stirling_2012_ward4,borda,8,0.9715531902842883,1.0,0.9960172585462992,1.0,1.0,1.0,1.0,1.0,0.9523809523809523,0.9940476190476191,0.0,0.9776785714285714,1.0,1.0
stirling_2012_ward4,3-approval,8,0.9715531902842883,1.0,0.9960172585462992,1.0,1.0,1.0,1.0,1.0,1.0,1.0,0.0,0.9770833333333333,1.0,1.0
stirling_2012_ward4,2-approval,8,0.8730488604278167,1.0,0.9244799999999997,1.0,1.0,1.0,1.0,1.0,0.9523809523809523,0.9821428571428571,0.0,0.9454055059523809,1.0,1.0
stirling_2012_ward4,plurality,8,0.6737409925452386,1.0,0.6123324396782841,1.0,1.0,1.0,1.0,1.0,0.7619047619047619,0.9345238095238095,0.0,0.8387090773809524,1.0,0.9375
stirling_2012_ward4,stv,8,0.6737409925452386,1.0,0.6123324396782841,1.0,1.0,1.0,1.0,1.0,0.7619047619047619,0.9404761904761905,0.0,0.8237909226190476,1.0,0.9375
stirling_2012_ward4,ranked-pairs,8,1.0,1.0,1.0,1.0,1.0,1.0,1.0,1.0,1.0,1.0,1.0,1.0,1.0,1.0
aberdeen_2022_ward13,borda,8,0.933597457844562,1.0,0.9785522788203753,1.0,1.0,1.0,1.0,1.0,1.0,1.0,1.0,1.0,1.0,1.0
aberdeen_2022_ward13,3-approval,8,0.933597457844562,1.0,0.9785522788203753,1.0,1.0,1.0,1.0,1.0,1.0,1.0,0.8333333333333334,0.9809895833333333,1.0,1.0
aberdeen_2022_ward13,2-approval,8,0.9229085493250818,1.0,0.9712348469282923,1.0,0.9229085493250818,1.0,0.9712348469282923,1.0,1.0,1.0,0.0,0.9588541666666667,1.0,1.0
aberdeen_2022_ward13,plurality,8,0.6802074322066369,1.0,0.6236249788458283,1.0,0.9229085493250818,1.0,0.9712348469282923,1.0,0.9047619047619048,0.9821428571428571,0.0,0.8839471726190478,1.0,1.0
aberdeen_2022_ward13,stv,8,0.6802074322066369,1.0,0.6236249788458283,1.0,0.9229085493250818,1.0,0.9712348469282923,1.0,0.9047619047619048,0.9702380952380952,0.0,0.9239397321428571,1.0,1.0
aberdeen_2022_ward13,ranked-pairs,8,1.0,1.0,1.0,1.0,1.0,1.0,1.0,1.0,1.0,1.0,1.0,1.0,1.0,1.0
north_lanarkshire_2022_ward4,borda,8,1.0,1.0,1.0,1.0,1.0,1.0,1.0,1.0,1.0,1.0,1.0,1.0,1.0,1.0
north_lanarkshire_2022_ward4,3-approval,8,0.7542691696735239,1.0,0.7517173699705594,1.0,1.0,1.0,1.0,1.0,0.9047619047619048,0.9642857142857143,0.0,0.9344308035714286,1.0,1.0
north_lanarkshire_2022_ward4,2-approval,8,0.6946983604350004,1.0,0.648960739030023,1.0,1.0,1.0,1.0,1.0,0.9047619047619048,0.9702380952380952,0.0,0.8663876488095239,1.0,0.9583333333333334
north_lanarkshire_2022_ward4,plurality,8,0.5524867090323975,1.0,0.4105096799683919,1.0,0.5524867090323975,1.0,0.4105096799683919,1.0,0.7619047619047619,0.9285714285714286,0.0,0.8128720238095237,1.0,0.84375
north_lanarkshire_2022_ward4,stv,8,0.6813851235975691,1.0,0.6256830601092895,1.0,1.0,1.0,1.0,1.0,0.8095238095238095,0.9107142857142857,0.0,0.7914806547619044,1.0,0.9583333333333334
north_lanarkshire_2022_ward4,ranked-pairs,8,1.0,1.0,1.0,1.0,1.0,1.0,1.0,1.0,1.0,1.0,1.0,1.0,1.0,1.0
glasgow_2022_ward17,borda,8,0.9366568778872656,1.0,0.980457926206796,1.0,1.0,1.0,1.0,1.0,0.9523809523809523,0.9880952380952381,0.0,0.9691592261904762,1.0,1.0
glasgow_2022_ward17,3-approval,8,0.8508350175697513,1.0,0.897708216880939,1.0,1.0,1.0,1.0,1.0,0.8571428571428572,0.9642857142857143,0.0,0.9000558035714287,1.0,1.0
glasgow_2022_ward17,2-approval,8,0.7503147330482332,1.0,0.7450526856849139,1.0,1.0,1.0,1.0,1.0,0.9523809523809523,0.9880952380952381,0.0,0.9075706845238095,1.0,1.0
glasgow_2022_ward17,plurality,8,0.7503147330482332,1.0,0.7450526856849139,1.0,1.0,1.0,1.0,1.0,0.9047619047619048,0.9761904761904762,0.0,0.9348028273809523,1.0,1.0
glasgow_2022_ward17,stv,8,0.7503147330482332,1.0,0.7450526856849139,1.0,1.0,1.0,1.0,1.0,0.9047619047619048,0.9583333333333334,0.0,0.9174479166666667,1.0,1.0
glasgow_2022_ward17,ranked-pairs,8,1.0,1.0,1.0,1.0,1.0,1.0,1.0,1.0,1.0,1.0,1.0,1.0,1.0,1.0
east_dunbartonshire_2012_ward2,borda,8,1.0,1.0,1.0,1.0,1.0,1.0,1.0,1.0,1.0,1.0,1.0,1.0,1.0,1.0
east_dunbartonshire_2012_ward2,3-approval,8,1.0,1.0,1.0,1.0,1.0,1.0,1.0,1.0,0.9523809523809523,0.9880952380952381,0.9333333333333333,0.9991071428571429,1.0,1.0
east_dunbartonshire_2012_ward2,2-approval,8,1.0,1.0,1.0,1.0,1.0,1.0,1.0,1.0,0.9047619047619048,0.9761904761904762,0.8,0.9907924107142857,1.0,1.0
east_dunbartonshire_2012_ward2,plurality,8,0.751527924557517,1.0,0.7471008737092931,1.0,0.9028760934557503,1.0,0.9548524706718805,1.0,0.8571428571428572,0.9404761904761905,0.0,0.8950148809523811,1.0,0.875
east_dunbartonshire_2012_ward2,stv,8,0.9028760934557503,1.0,0.9548524706718805,1.0,0.9028760934557503,1.0,0.9548524706718805,1.0,0.9047619047619048,0.9583333333333334,0.0,0.9322916666666667,1.0,0.9375
east_dunbartonshire_2012_ward2,ranked-pairs,8,1.0,1.0,1.0,1.0,1.0,1.0,1.0,1.0,1.0,1.0,1.0,1.0,1.0,1.0
dumgal_2017_ward1,borda,8,1.0,1.0,1.0,1.0,1.0,1.0,1.0,1.0,1.0,1.0,1.0,1.0,1.0,1.0
dumgal_2017_ward1,3-approval,8,1.0,1.0,1.0,1.0,1.0,1.0,1.0,1.0,1.0,1.0,0.0,0.969921875,1.0,1.0
dumgal_2017_ward1,2-approval,8,0.8414938169705314,1.0,0.885509838998211,1.0,1.0,1.0,1.0,1.0,0.9523809523809523,0.9702380952380952,0.0,0.9541480654761905,1.0,1.0
dumgal_2017_ward1,plurality,8,0.8414938169705314,1.0,0.885509838998211,1.0,1.0,1.0,1.0,1.0,0.9523809523809523,0.9880952380952381,0.0,0.9494977678571428,1.0,1.0
dumgal_2017_ward1,stv,8,0.8414938169705314,1.0,0.885509838998211,1.0,1.0,1.0,1.0,1.0,1.0,1.0,0.0,0.9805989583333333,1.0,1.0
dumgal_2017_ward1,ranked-pairs,8,1.0,1.0,1.0,1.0,1.0,1.0,1.0,1.0,1.0,1.0,1.0,1.0,1.0,1.0
sc_borders_2012_ward8,borda,8,1.0,1.0,1.0,1.0,1.0,1.0,1.0,1.0,1.0,1.0,0.0,0.9908854166666666,1.0,1.0
sc_borders_2012_ward8,3-approval,8,1.0,1.0,1.0,1.0,1.0,1.0,1.0,1.0,1.0,1.0,0.0,0.969140625,1.0,1.0
sc_borders_2012_ward8,2-approval,8,0.8751619159509416,1.0,0.9268510258697591,1.0,1.0,1.0,1.0,1.0,0.9047619047619048,0.9880952380952381,0.0,0.8908296130952382,1.0,1.0
sc_borders_2012_ward8,plurality,8,0.8751619159509416,1.0,0.9268510258697591,1.0,1.0,1.0,1.0,1.0,1.0,1.0,0.0,0.9638020833333334,1.0,1.0
sc_borders_2012_ward8,stv,8,0.8676635665426065,1.0,0.9182948490230904,1.0,1.0,1.0,1.0,1.0,0.9523809523809523,0.9761904761904762,0.0,0.9281622023809524,1.0,1.0
sc_borders_2012_ward8,ranked-pairs,8,1.0,1.0,1.0,1.0,1.0,1.0,1.0,1.0,1.0,1.0,1.0,1.0,1.0,1.0
north_lanarkshire_2022_ward8,borda,8,0.9279382937388139,1.0,0.9748048261178138,1.0,1.0,1.0,1.0,1.0,0.9523809523809523,0.9940476190476191,0.8333333333333334,0.9972098214285714,1.0,0.9583333333333333
north_lanarkshire_2022_ward8,3-approval,8,0.9581624913030892,1.0,0.991411701556629,1.0,0.9581624913030892,1.0,0.991411701556629,1.0,0.9047619047619048,0.9345238095238095,0.0,0.9060267857142859,1.0,0.84375
north_lanarkshire_2022_ward8,2-approval,8,0.8716948604868661,1.0,0.92294402211472,1.0,0.9581624913030892,1.0,0.991411701556629,1.0,0.8571428571428572,0.9702380952380952,0.0,0.9123511904761905,1.0,0.9583333333333333
north_lanarkshire_2022_ward8,plurality,8,0.6855264162726359,1.0,0.6329225352112677,1.0,0.6855264162726359,1.0,0.6329225352112677,1.0,0.8095238095238095,0.9642857142857143,0.0,0.8766183035714287,1.0,0.9166666666666666
north_lanarkshire_2022_ward8,stv,8,0.6855264162726359,1.0,0.6329225352112677,1.0,0.9581624913030892,1.0,0.991411701556629,1.0,0.8571428571428572,0.9523809523809523,0.0,0.8978608630952383,1.0,0.9583333333333333
north_lanarkshire_2022_ward8,ranked-pairs,8,1.0,1.0,1.0,1.0,1.0,1.0,1.0,1.0,1.0,1.0,1.0,1.0,1.0,1.0
aberdeenshire_2012_ward2,borda,8,1.0,1.0,1.0,1.0,1.0,1.0,1.0,1.0,0.9523809523809523,0.9821428571428571,0.0,0.9674107142857142,1.0,1.0
aberdeenshire_2012_ward2,3-approval,8,0.9333896610340221,1.0,0.9784197702749736,1.0,1.0,1.0,1.0,1.0,0.9523809523809523,0.9761904761904762,0.8333333333333334,0.9966517857142857,1.0,0.8333333333333334
aberdeenshire_2012_ward2,2-approval,8,0.9214938643322863,1.0,0.9701906412478336,1.0,0.9214938643322863,1.0,0.9701906412478336,1.0,1.0,1.0,0.0,0.9367187499999999,1.0,1.0
aberdeenshire_2012_ward2,plurality,8,0.7807392620196821,1.0,0.7953253316487682,1.0,0.7807392620196821,1.0,0.7953253316487682,1.0,0.9047619047619048,0.9761904761904762,0.0,0.9152715773809524,1.0,0.9375
aberdeenshire_2012_ward2,stv,8,0.7807392620196821,1.0,0.7953253316487682,1.0,0.7807392620196821,1.0,0.7953253316487682,1.0,0.8571428571428572,0.9523809523809523,0.0,0.8926525297619049,1.0,0.9375
aberdeenshire_2012_ward2,ranked-pairs,8,1.0,1.0,1.0,1.0,1.0,1.0,1.0,1.0,1.0,1.0,1.0,1.0,1.0,1.0
north_ayrshire_2017_ward6,borda,8,0.9612060894002283,1.0,0.9926098794243485,1.0,1.0,1.0,1.0,1.0,0.9523809523809523,0.9940476190476191,0.0,0.9933035714285714,1.0,1.0
north_ayrshire_2017_ward6,3-approval,8,0.9612060894002283,1.0,0.9926098794243485,1.0,1.0,1.0,1.0,1.0,0.9523809523809523,0.9642857142857143,0.0,0.9154203869047619,1.0,1.0
north_ayrshire_2017_ward6,2-approval,8,0.8208725036411666,1.0,0.8568321855744836,1.0,0.9046777308220404,1.0,0.9564636242123353,1.0,0.9047619047619048,0.9583333333333334,0.0,0.8865885416666668,1.0,1.0
north_ayrshire_2017_ward6,plurality,8,0.7741823058771129,1.0,0.7847064971259363,1.0,0.9046777308220404,1.0,0.9564636242123353,1.0,0.8571428571428572,0.9642857142857143,0.0,0.8625558035714287,1.0,1.0
north_ayrshire_2017_ward6,stv,8,0.7935777603667198,1.0,0.8157008683324475,1.0,0.9046777308220404,1.0,0.9564636242123353,1.0,0.8571428571428572,0.9642857142857143,0.0,0.8764880952380953,1.0,1.0
north_ayrshire_2017_ward6,ranked-pairs,8,1.0,1.0,1.0,1.0,1.0,1.0,1.0,1.0,1.0,1.0,1.0,1.0,1.0,1.0
highland_2022_nairn,borda,8,0.8897849170625126,1.0,0.9423620267470333,1.0,1.0,1.0,1.0,1.0,0.9523809523809523,0.9821428571428571,0.0,0.952436755952381,1.0,1.0
highland_2022_nairn,3-approval,8,0.8897849170625126,1.0,0.9423620267470333,1.0,1.0,1.0,1.0,1.0,0.9523809523809523,0.9761904761904762,0.0,0.9363653273809524,1.0,1.0
highland_2022_nairn,2-approval,8,0.8897849170625126,1.0,0.9423620267470333,1.0,1.0,1.0,1.0,1.0,1.0,1.0,0.0,0.961328125,1.0,1.0
highland_2022_nairn,plurality,8,0.7209178558986814,1.0,0.6946589975349219,1.0,0.8060352610226965,1.0,0.8348754448398575,1.0,0.9047619047619048,0.9761904761904762,0.0,0.9180059523809524,1.0,1.0
highland_2022_nairn,stv,8,0.7209178558986814,1.0,0.6946589975349219,1.0,0.8060352610226965,1.0,0.8348754448398575,1.0,0.9523809523809523,0.9821428571428571,0.0,0.923530505952381,1.0,0.9583333333333334
highland_2022_nairn,ranked-pairs,8,1.0,1.0,1.0,1.0,1.0,1.0,1.0,1.0,1.0,1.0,1.0,1.0,1.0,1.0
south_ayrshire_2022_ward2,borda,8,0.9156214637587007,1.0,0.9656703166617342,1.0,0.9586366875193895,1.0,0.9916041979010496,1.0,0.9523809523809523,0.9880952380952381,0.6666666666666667,0.9877790178571428,1.0,1.0
south_ayrshire_2022_ward2,3-approval,8,0.9156214637587007,1.0,0.9656703166617342,1.0,0.9586366875193895,1.0,0.9916041979010496,1.0,0.9523809523809523,0.9761904761904762,0.0,0.9350632440476191,1.0,1.0
south_ayrshire_2022_ward2,2-approval,8,0.8643562031067447,1.0,0.9143968871595332,1.0,0.9586366875193895,1.0,0.9916041979010496,1.0,0.8571428571428572,0.9523809523809523,0.0,0.9090587797619049,1.0,1.0
south_ayrshire_2022_ward2,plurality,8,0.7042819980813976,1.0,0.665705329153605,1.0,0.8217944263631737,1.0,0.8581619806966009,1.0,0.8571428571428572,0.9464285714285714,0.0,0.8403831845238094,1.0,0.9583333333333333
south_ayrshire_2022_ward2,stv,8,0.7042819980813976,1.0,0.665705329153605,1.0,0.8217944263631737,1.0,0.8581619806966009,1.0,0.8095238095238095,0.9285714285714286,0.0,0.8299293154761903,1.0,0.9166666666666666
south_ayrshire_2022_ward2,ranked-pairs,8,1.0,1.0,1.0,1.0,1.0,1.0,1.0,1.0,1.0,1.0,1.0,1.0,1.0,1.0
south_lanarkshire_2017_ward8,borda,8,0.8583182844189219,1.0,0.9070912167358868,1.0,1.0,1.0,1.0,1.0,0.9523809523809523,0.9821428571428571,0.0,0.9306919642857143,1.0,0.9375
south_lanarkshire_2017_ward8,3-approval,8,0.864155363384644,1.0,0.9141577890998918,1.0,0.864155363384644,1.0,0.9141577890998918,1.0,1.0,1.0,0.0,0.9200520833333333,1.0,1.0
south_lanarkshire_2017_ward8,2-approval,8,0.8583182844189219,1.0,0.9070912167358868,1.0,1.0,1.0,1.0,1.0,0.9523809523809523,0.9761904761904762,0.0,0.9254278273809523,1.0,1.0
south_lanarkshire_2017_ward8,plurality,8,0.6889237728933174,1.0,0.6388631857237278,1.0,1.0,1.0,0.6388631857237278,1.0,0.8571428571428572,0.9523809523809523,0.0,0.9042410714285715,0.6666666666666666,0.9375
south_lanarkshire_2017_ward8,stv,8,0.6889237728933174,1.0,0.6388631857237278,1.0,1.0,1.0,1.0,1.0,0.8571428571428572,0.9583333333333334,0.0,0.8894531250000002,1.0,0.9375
south_lanarkshire_2017_ward8,ranked-pairs,8,1.0,1.0,1.0,1.0,1.0,1.0,1.0,1.0,1.0,1.0,1.0,1.0,1.0,1.0
aberdeenshire_2022_ward18,borda,8,0.9359959183644285,1.0,0.9800534283170081,1.0,0.9359959183644285,1.0,0.9800534283170081,1.0,0.9047619047619048,0.9702380952380952,0.0,0.9725074404761905,1.0,0.9583333333333333
aberdeenshire_2022_ward18,3-approval,8,0.9509013694117088,1.0,0.988197424892704,1.0,1.0,1.0,1.0,1.0,0.9047619047619048,0.9702380952380952,0.0,0.9145647321428572,1.0,0.9166666666666666
aberdeenshire_2022_ward18,2-approval,8,0.7953390779909334,1.0,0.8184494602551522,1.0,0.9359959183644285,1.0,0.9800534283170081,1.0,0.8095238095238095,0.9345238095238095,0.0,0.8960007440476192,1.0,0.8958333333333333
aberdeenshire_2022_ward18,plurality,8,0.9359959183644285,1.0,0.9800534283170081,1.0,0.9359959183644285,1.0,0.9800534283170081,1.0,0.9047619047619048,0.9583333333333334,0.0,0.8803385416666667,1.0,0.9583333333333333
aberdeenshire_2022_ward18,stv,8,0.9359959183644285,1.0,0.9800534283170081,1.0,0.9359959183644285,1.0,0.9800534283170081,1.0,0.8571428571428572,0.9285714285714286,0.0,0.8757626488095239,1.0,0.8854166666666666
aberdeenshire_2022_ward18,ranked-pairs,8,1.0,1.0,1.0,1.0,1.0,1.0,1.0,1.0,1.0,1.0,1.0,1.0,1.0,1.0
highland_2012_ward12,borda,8,0.9703817630621832,1.0,0.9956834532374099,1.0,1.0,1.0,1.0,1.0,0.9523809523809523,0.9940476190476191,0.0,0.9776785714285714,1.0,1.0
highland_2012_ward12,3-approval,8,0.8999143410934825,1.0,0.9521463757916958,1.0,1.0,1.0,1.0,1.0,0.9523809523809523,0.9761904761904762,0.0,0.969828869047619,1.0,1.0
highland_2012_ward12,2-approval,8,0.8962682329777337,1.0,0.9487179487179486,1.0,1.0,1.0,1.0,1.0,0.9047619047619048,0.9761904761904762,0.0,0.9210007440476191,1.0,1.0
highland_2012_ward12,plurality,8,0.8962682329777337,1.0,0.9487179487179486,1.0,1.0,1.0,1.0,1.0,0.9523809523809523,0.9940476190476191,0.0,0.9663504464285715,1.0,1.0
highland_2012_ward12,stv,8,0.8962682329777337,1.0,0.9487179487179486,1.0,1.0,1.0,1.0,1.0,0.9523809523809523,0.9880952380952381,0.0,0.9614769345238094,1.0,1.0
highland_2012_ward12,ranked-pairs,8,1.0,1.0,1.0,1.0,1.0,1.0,1.0,1.0,1.0,1.0,1.0,1.0,1.0,1.0
perth_kinross_2017_ward12,borda,8,1.0,1.0,1.0,1.0,1.0,1.0,1.0,1.0,1.0,1.0,0.0,0.9877604166666667,1.0,1.0
perth_kinross_2017_ward12,3-approval,8,1.0,1.0,1.0,1.0,1.0,1.0,1.0,1.0,0.9523809523809523,0.9821428571428571,0.0,0.966499255952381,1.0,1.0
perth_kinross_2017_ward12,2-approval,8,1.0,1.0,1.0,1.0,1.0,1.0,1.0,1.0,0.9523809523809523,0.9940476190476191,0.0,0.9766369047619048,1.0,1.0
perth_kinross_2017_ward12,plurality,8,0.8677443881971142,1.0,0.9183891660727013,1.0,1.0,1.0,1.0,1.0,0.9523809523809523,0.9821428571428571,0.0,0.9539992559523809,1.0,1.0
perth_kinross_2017_ward12,stv,8,1.0,1.0,1.0,1.0,1.0,1.0,1.0,1.0,0.9523809523809523,0.9583333333333334,0.33333333333333337,0.9604166666666667,1.0,0.9166666666666666
perth_kinross_2017_ward12,ranked-pairs,8,1.0,1.0,1.0,1.0,1.0,1.0,1.0,1.0,1.0,1.0,1.0,1.0,1.0,1.0
glasgow_2007_maryhill,borda,8,1.0,1.0,1.0,1.0,1.0,1.0,1.0,1.0,0.9523809523809523,0.9940476190476191,0.0,0.9839285714285714,1.0,1.0
glasgow_2007_maryhill,3-approval,8,0.9467927436981777,1.0,0.986158475426279,1.0,1.0,1.0,1.0,1.0,0.9523809523809523,0.9702380952380952,0.0,0.9409970238095238,1.0,1.0
glasgow_2007_maryhill,2-approval,8,0.9467927436981777,1.0,0.986158475426279,1.0,1.0,1.0,1.0,1.0,1.0,1.0,0.0,0.9671875,1.0,1.0
glasgow_2007_maryhill,plurality,8,0.8000504752538986,1.0,0.8257422091093493,1.0,1.0,1.0,1.0,1.0,0.9523809523809523,0.9940476190476191,0.0,0.9433035714285714,1.0,1.0
glasgow_2007_maryhill,stv,8,0.8000504752538986,1.0,0.8257422091093493,1.0,1.0,1.0,1.0,1.0,0.9047619047619048,0.9702380952380952,0.0,0.9374813988095239,1.0,1.0
glasgow_2007_maryhill,ranked-pairs,8,1.0,1.0,1.0,1.0,1.0,1.0,1.0,1.0,1.0,1.0,1.0,1.0,1.0,1.0
stirling_2022_ward2,borda,8,0.9396299314021752,1.0,0.9822280730623663,1.0,0.9396299314021752,1.0,0.9822280730623663,1.0,0.8571428571428572,0.9464285714285714,0.0,0.9110863095238096,1.0,0.9375
stirling_2022_ward2,3-approval,8,1.0,1.0,1.0,1.0,1.0,1.0,1.0,1.0,0.9047619047619048,0.9523809523809523,0.0,0.8125744047619046,1.0,0.8958333333333334
stirling_2022_ward2,2-approval,8,0.9396299314021752,1.0,0.9822280730623663,1.0,0.9396299314021752,1.0,0.9822280730623663,1.0,0.9047619047619048,0.9702380952380952,0.0,0.8743303571428572,1.0,0.8958333333333334
stirling_2022_ward2,plurality,8,0.7661173788576973,1.0,0.771470588235294,1.0,0.9396299314021752,1.0,0.9822280730623663,1.0,0.8571428571428572,0.9642857142857143,0.0,0.8659412202380953,1.0,0.9375
stirling_2022_ward2,stv,8,0.7661173788576973,1.0,0.771470588235294,1.0,0.8596561593084863,1.0,0.9087307875138646,1.0,0.8571428571428572,0.9583333333333334,0.0,0.8436197916666666,1.0,0.875
stirling_2022_ward2,ranked-pairs,8,1.0,1.0,1.0,1.0,1.0,1.0,1.0,1.0,1.0,1.0,1.0,1.0,1.0,1.0
glasgow_2022_ward19,borda,8,1.0,1.0,1.0,1.0,1.0,1.0,1.0,1.0,0.9523809523809523,0.9821428571428571,0.6666666666666667,0.9924107142857143,1.0,1.0
glasgow_2022_ward19,3-approval,8,1.0,1.0,1.0,1.0,1.0,1.0,1.0,1.0,0.9523809523809523,0.9821428571428571,0.9333333333333333,0.998921130952381,1.0,1.0
glasgow_2022_ward19,2-approval,8,0.8442580026801388,1.0,0.889173935351462,1.0,1.0,1.0,1.0,1.0,0.9047619047619048,0.9642857142857143,0.0,0.9357328869047619,1.0,1.0
glasgow_2022_ward19,plurality,8,0.6495545190643904,1.0,0.570316664889647,1.0,0.7541141714056079,1.0,0.7514567725056485,1.0,0.9047619047619048,0.9583333333333334,0.0,0.8550781250000001,1.0,0.9583333333333333
glasgow_2022_ward19,stv,8,0.7541141714056079,1.0,0.7514567725056485,1.0,0.7541141714056079,1.0,0.7514567725056485,1.0,0.9047619047619048,0.9642857142857143,0.0,0.8787016369047621,1.0,0.9583333333333333
glasgow_2022_ward19,ranked-pairs,8,1.0,1.0,1.0,1.0,1.0,1.0,1.0,1.0,1.0,1.0,1.0,1.0,1.0,1.0
aberdeen_2017_ward5,borda,8,0.9291259531997234,1.0,0.9756150664053995,1.0,1.0,1.0,1.0,1.0,1.0,1.0,0.8333333333333334,0.997265625,1.0,1.0
aberdeen_2017_ward5,3-approval,8,1.0,1.0,1.0,1.0,1.0,1.0,1.0,1.0,1.0,1.0,0.0,0.9614583333333333,1.0,1.0
aberdeen_2017_ward5,2-approval,8,0.84105121229389,1.0,0.8849189862899877,1.0,1.0,1.0,1.0,1.0,0.9047619047619048,0.9761904761904762,0.0,0.9423549107142857,1.0,1.0
aberdeen_2017_ward5,plurality,8,0.7233846352981119,1.0,0.6989327841228234,1.0,0.7233846352981119,1.0,0.6989327841228234,1.0,0.9047619047619048,0.9583333333333334,0.0,0.843359375,1.0,0.875
aberdeen_2017_ward5,stv,8,0.7233846352981119,1.0,0.6989327841228234,1.0,0.7233846352981119,1.0,0.6989327841228234,1.0,0.8095238095238095,0.9404761904761905,0.0,0.877436755952381,1.0,0.875
aberdeen_2017_ward5,ranked-pairs,8,1.0,1.0,1.0,1.0,1.0,1.0,1.0,1.0,1.0,1.0,1.0,1.0,1.0,1.0
aberdeen_2022_ward2,borda,8,1.0,1.0,1.0,1.0,1.0,1.0,1.0,1.0,1.0,1.0,0.0,0.973828125,1.0,1.0
aberdeen_2022_ward2,3-approval,8,1.0,1.0,1.0,1.0,1.0,1.0,1.0,1.0,0.9523809523809523,0.9821428571428571,0.0,0.906343005952381,1.0,0.8854166666666666
aberdeen_2022_ward2,2-approval,8,0.8419807460412897,1.0,0.8861585450506734,1.0,0.8419807460412897,1.0,0.8861585450506734,1.0,0.9523809523809523,0.9821428571428571,0.0,0.895014880952381,1.0,0.9166666666666666
aberdeen_2022_ward2,plurality,8,0.8004267035302866,1.0,0.82632074203522,1.0,1.0,1.0,1.0,1.0,0.8095238095238095,0.9523809523809523,0.0,0.8890066964285716,1.0,0.9583333333333333
aberdeen_2022_ward2,stv,8,0.8004267035302866,1.0,0.82632074203522,1.0,1.0,1.0,1.0,1.0,0.8571428571428572,0.9523809523809523,0.0,0.8909598214285716,1.0,0.9583333333333333
aberdeen_2022_ward2,ranked-pairs,8,1.0,1.0,1.0,1.0,1.0,1.0,1.0,1.0,1.0,1.0,1.0,1.0,1.0,1.0
angus_2017_ward7,borda,8,1.0,1.0,1.0,1.0,1.0,1.0,1.0,1.0,1.0,1.0,0.6666666666666667,0.99765625,1.0,1.0
angus_2017_ward7,3-approval,8,1.0,1.0,1.0,1.0,1.0,1.0,1.0,1.0,0.9523809523809523,0.9702380952380952,0.6666666666666667,0.9680803571428571,1.0,1.0
angus_2017_ward7,2-approval,8,0.847198540457068,1.0,0.8930219929405374,1.0,1.0,1.0,1.0,1.0,0.9047619047619048,0.9761904761904762,0.0,0.9174851190476191,1.0,1.0
angus_2017_ward7,plurality,8,0.7447518925722286,1.0,0.7356235997012694,1.0,0.8816979363255556,1.0,0.9339805825242717,1.0,0.9047619047619048,0.9345238095238095,0.0,0.830766369047619,1.0,0.9375
angus_2017_ward7,stv,8,0.7630590140470304,1.0,0.7664048644540157,1.0,0.8816979363255556,1.0,0.9339805825242717,1.0,0.8571428571428572,0.9523809523809523,0.0,0.8728608630952381,1.0,0.9375
angus_2017_ward7,ranked-pairs,8,1.0,1.0,1.0,1.0,1.0,1.0,1.0,1.0,1.0,1.0,1.0,1.0,1.0,1.0
inverclyde_2017_ward7,borda,8,0.9430251016956887,1.0,0.9841502788376871,1.0,1.0,1.0,1.0,1.0,0.8571428571428572,0.9404761904761905,0.0,0.9473586309523809,1.0,0.7708333333333333
inverclyde_2017_ward7,3-approval,8,0.8644191938516202,1.0,0.9144718210138771,1.0,1.0,1.0,1.0,1.0,0.9523809523809523,0.9761904761904762,0.0,0.9178757440476191,1.0,1.0
inverclyde_2017_ward7,2-approval,8,0.797058226087151,1.0,0.8211206896551725,1.0,1.0,1.0,1.0,1.0,0.9523809523809523,0.9821428571428571,0.0,0.9184523809523809,1.0,1.0
inverclyde_2017_ward7,plurality,8,0.797058226087151,1.0,0.8211206896551725,1.0,0.8594887403047624,1.0,0.9085262563523433,1.0,0.9047619047619048,0.9642857142857143,0.0,0.8922433035714287,1.0,0.9375
inverclyde_2017_ward7,stv,8,0.797058226087151,1.0,0.8211206896551725,1.0,0.8594887403047624,1.0,0.9085262563523433,1.0,0.8571428571428572,0.9583333333333334,0.0,0.8778645833333335,1.0,0.9375
inverclyde_2017_ward7,ranked-pairs,8,1.0,1.0,1.0,1.0,1.0,1.0,1.0,1.0,1.0,1.0,1.0,1.0,1.0,1.0
falkirk_2017_ward8,borda,8,1.0,1.0,1.0,1.0,1.0,1.0,1.0,1.0,1.0,1.0,1.0,1.0,1.0,1.0
falkirk_2017_ward8,3-approval,8,1.0,1.0,1.0,1.0,1.0,1.0,1.0,1.0,1.0,1.0,0.8333333333333334,0.9877604166666667,1.0,1.0
falkirk_2017_ward8,2-approval,8,0.9171620747624651,1.0,0.9668850072780202,1.0,1.0,1.0,1.0,1.0,0.9523809523809523,0.9940476190476191,0.0,0.9686941964285715,1.0,1.0
falkirk_2017_ward8,plurality,8,1.0,1.0,1.0,1.0,1.0,1.0,1.0,1.0,0.9523809523809523,0.9880952380952381,0.6666666666666667,0.9760602678571428,1.0,1.0
falkirk_2017_ward8,stv,8,1.0,1.0,1.0,1.0,1.0,1.0,1.0,1.0,0.9523809523809523,0.9880952380952381,0.6666666666666667,0.9841331845238095,1.0,1.0
falkirk_2017_ward8,ranked-pairs,8,1.0,1.0,1.0,1.0,1.0,1.0,1.0,1.0,1.0,1.0,1.0,1.0,1.0,1.0
highland_2017_ward5,borda,8,0.9148257349489265,1.0,0.965034965034965,1.0,0.9363453877971263,1.0,0.9802677942212827,1.0,0.8095238095238095,0.9107142857142857,0.0,0.8739025297619047,1.0,0.8125
highland_2017_ward5,3-approval,8,0.8829038860271029,1.0,0.9352617079889809,1.0,0.9086195567918876,1.0,0.9598953792502181,1.0,0.8571428571428572,0.8690476190476191,0.0,0.8071056547619045,0.75,0.7083333333333334
highland_2017_ward5,2-approval,8,0.7821157800530255,1.0,0.7975371821525669,1.0,0.8829038860271029,1.0,0.9352617079889809,1.0,0.6666666666666667,0.8452380952380952,0.0,0.7169084821428571,1.0,0.7708333333333334
highland_2017_ward5,plurality,8,0.7477698107287363,1.0,0.7407464766919623,1.0,0.7821157800530255,1.0,0.7975371821525669,1.0,0.7142857142857143,0.8988095238095238,0.0,0.7293898809523808,1.0,0.9166666666666666
highland_2017_ward5,stv,8,0.7477698107287363,1.0,0.7407464766919623,1.0,0.7821157800530255,1.0,0.7975371821525669,1.0,0.7619047619047619,0.9226190476190477,0.0,0.7362537202380951,1.0,0.9583333333333333
highland_2017_ward5,ranked-pairs,8,0.9363453877971263,1.0,0.9802677942212827,1.0,0.9363453877971263,1.0,0.9802677942212827,1.0,1.0,1.0,0.0,0.98515625,1.0,1.0
west_dunbartonshire_2022_ward2,borda,8,0.8723371147816505,1.0,0.9236742111349746,1.0,0.8723371147816505,1.0,0.9236742111349746,1.0,0.9523809523809523,0.9880952380952381,0.0,0.9623883928571428,1.0,0.9583333333333333
west_dunbartonshire_2022_ward2,3-approval,8,0.9655824411703738,1.0,0.9941770851173146,1.0,1.0,1.0,1.0,1.0,0.9523809523809523,0.9940476190476191,0.0,0.9339285714285714,1.0,0.96875
west_dunbartonshire_2022_ward2,2-approval,8,0.750559077071211,1.0,0.7454654474591516,1.0,1.0,1.0,1.0,1.0,0.9047619047619048,0.9642857142857143,0.0,0.9095610119047619,1.0,1.0
west_dunbartonshire_2022_ward2,plurality,8,0.750559077071211,1.0,0.7454654474591516,1.0,0.8723371147816505,1.0,0.9236742111349746,1.0,0.8095238095238095,0.9464285714285714,0.0,0.8884300595238096,1.0,0.9583333333333333
west_dunbartonshire_2022_ward2,stv,8,0.750559077071211,1.0,0.7454654474591516,1.0,0.8723371147816505,1.0,0.9236742111349746,1.0,0.7619047619047619,0.9404761904761905,0.0,0.8610305059523811,1.0,0.9583333333333333
west_dunbartonshire_2022_ward2,ranked-pairs,8,0.9655824411703738,1.0,0.9941770851173146,1.0,1.0,1.0,1.0,1.0,0.9523809523809523,0.9940476190476191,0.0,0.9776785714285714,1.0,1.0
dumgal_2022_ward4,borda,8,0.9586385216082313,1.0,0.991604938271605,1.0,1.0,1.0,1.0,1.0,0.9523809523809523,0.9761904761904762,0.0,0.9725632440476191,1.0,1.0
dumgal_2022_ward4,3-approval,8,0.9040083146283912,1.0,0.9558680892337539,1.0,1.0,1.0,1.0,1.0,0.9523809523809523,0.9642857142857143,0.0,0.9069568452380953,1.0,1.0
dumgal_2022_ward4,2-approval,8,0.8190925407510038,1.0,0.8542528735632184,1.0,0.8190925407510038,1.0,0.8542528735632184,1.0,0.8095238095238095,0.9345238095238095,0.0,0.8207403273809523,1.0,0.7916666666666666
dumgal_2022_ward4,plurality,8,0.8199742946285162,1.0,0.8555325511847253,1.0,1.0,1.0,1.0,1.0,0.7142857142857143,0.9285714285714286,0.0,0.8268043154761904,1.0,0.875
dumgal_2022_ward4,stv,8,0.8381835440117732,1.0,0.8810634328358209,1.0,1.0,1.0,1.0,1.0,0.8095238095238095,0.9285714285714286,0.0,0.8583147321428573,1.0,0.9375
dumgal_2022_ward4,ranked-pairs,8,1.0,1.0,1.0,1.0,1.0,1.0,1.0,1.0,1.0,1.0,1.0,1.0,1.0,1.0
perth_kinross_2017_ward6,borda,8,1.0,1.0,1.0,1.0,1.0,1.0,1.0,1.0,0.9523809523809523,0.9821428571428571,0.0,0.950874255952381,1.0,1.0
perth_kinross_2017_ward6,3-approval,8,0.909026138595386,1.0,0.9602420051858254,1.0,1.0,1.0,1.0,1.0,0.9523809523809523,0.9642857142857143,0.0,0.9156808035714287,1.0,1.0
perth_kinross_2017_ward6,2-approval,8,0.8670394422439834,1.0,0.9175649968294228,1.0,1.0,1.0,1.0,1.0,0.9523809523809523,0.9880952380952381,0.0,0.9284040178571428,1.0,1.0
perth_kinross_2017_ward6,plurality,8,0.7315271339644596,1.0,0.7129909365558912,1.0,0.7315271339644596,1.0,0.7129909365558912,1.0,0.9047619047619048,0.9761904761904762,0.0,0.9036830357142858,1.0,0.9375
perth_kinross_2017_ward6,stv,8,0.7315271339644596,1.0,0.7129909365558912,1.0,0.7315271339644596,1.0,0.7129909365558912,1.0,0.9047619047619048,0.9761904761904762,0.0,0.9044642857142858,1.0,0.9375
perth_kinross_2017_ward6,ranked-pairs,8,1.0,1.0,1.0,1.0,1.0,1.0,1.0,1.0,1.0,1.0,1.0,1.0,1.0,1.0
eilean_siar_2017_ward6,borda,8,1.0,1.0,1.0,1.0,1.0,1.0,1.0,1.0,1.0,1.0,1.0,1.0,1.0,1.0
eilean_siar_2017_ward6,3-approval,8,1.0,1.0,1.0,1.0,1.0,1.0,1.0,1.0,1.0,1.0,0.8333333333333334,0.9908854166666666,1.0,1.0
eilean_siar_2017_ward6,2-approval,8,0.8495829627373428,1.0,0.8961038961038961,1.0,1.0,1.0,1.0,1.0,0.9523809523809523,0.9880952380952381,0.0,0.9330915178571428,1.0,1.0
eilean_siar_2017_ward6,plurality,8,0.8495829627373428,1.0,0.8961038961038961,1.0,1.0,1.0,1.0,1.0,0.9523809523809523,0.9761904761904762,0.0,0.9583705357142858,1.0,1.0
eilean_siar_2017_ward6,stv,8,0.8495829627373428,1.0,0.8961038961038961,1.0,1.0,1.0,1.0,1.0,1.0,1.0,0.0,0.9608072916666667,1.0,1.0
eilean_siar_2017_ward6,ranked-pairs,8,1.0,1.0,1.0,1.0,1.0,1.0,1.0,1.0,1.0,1.0,1.0,1.0,1.0,1.0
south_lanarkshire_2017_ward6,borda,8,0.91033783381298,1.0,0.9613508442776736,1.0,1.0,1.0,1.0,1.0,1.0,1.0,0.8333333333333334,0.9975260416666667,1.0,1.0
south_lanarkshire_2017_ward6,3-approval,8,0.8370597706485297,1.0,0.879539733908666,1.0,1.0,1.0,1.0,1.0,0.9047619047619048,0.9523809523809523,0.0,0.9449962797619048,1.0,1.0
south_lanarkshire_2017_ward6,2-approval,8,0.8213338895277884,1.0,0.857498223169865,1.0,1.0,1.0,1.0,1.0,0.9047619047619048,0.9642857142857143,0.0,0.920107886904762,1.0,1.0
south_lanarkshire_2017_ward6,plurality,8,0.6413104197625895,1.0,0.5561178922298303,1.0,0.6413104197625895,1.0,0.5561178922298303,1.0,0.8571428571428572,0.9642857142857143,0.0,0.8944568452380953,1.0,0.9375
south_lanarkshire_2017_ward6,stv,8,0.8213338895277884,1.0,0.857498223169865,1.0,1.0,1.0,1.0,1.0,0.8571428571428572,0.9821428571428571,0.0,0.9407180059523809,1.0,1.0
south_lanarkshire_2017_ward6,ranked-pairs,8,1.0,1.0,1.0,1.0,1.0,1.0,1.0,1.0,1.0,1.0,1.0,1.0,1.0,1.0
north_lanarkshire_2017_ward12,borda,8,0.9085940850287302,1.0,0.9598736176935228,1.0,1.0,1.0,1.0,1.0,0.9523809523809523,0.9702380952380952,0.0,0.9709449404761905,1.0,1.0
north_lanarkshire_2017_ward12,3-approval,8,0.9587551464298655,1.0,0.9916519505538607,1.0,1.0,1.0,1.0,1.0,1.0,1.0,0.0,0.9307291666666666,1.0,1.0
north_lanarkshire_2017_ward12,2-approval,8,0.8111551580648857,1.0,0.842566463686321,1.0,1.0,1.0,1.0,1.0,0.8571428571428572,0.9404761904761905,0.0,0.8944940476190477,1.0,1.0
north_lanarkshire_2017_ward12,plurality,8,0.7791565645428878,1.0,0.7927745664739884,1.0,0.7791565645428878,1.0,0.7927745664739884,1.0,0.7619047619047619,0.9107142857142857,0.0,0.8104910714285714,1.0,0.8854166666666666
north_lanarkshire_2017_ward12,stv,8,0.7791565645428878,1.0,0.7927745664739884,1.0,0.7859859766841905,1.0,0.8037220122128524,1.0,0.8571428571428572,0.9226190476190477,0.0,0.7984933035714283,1.0,0.875
north_lanarkshire_2017_ward12,ranked-pairs,8,1.0,1.0,1.0,1.0,1.0,1.0,1.0,1.0,1.0,1.0,1.0,1.0,1.0,1.0
clackmannanshire_2022_ward2,borda,8,0.8674926439522531,1.0,0.918095238095238,1.0,0.8674926439522531,1.0,0.918095238095238,1.0,0.9523809523809523,0.9761904761904762,0.0,0.9552455357142857,1.0,0.9166666666666666
clackmannanshire_2022_ward2,3-approval,8,0.8674926439522531,1.0,0.918095238095238,1.0,0.8674926439522531,1.0,0.918095238095238,1.0,0.9523809523809523,0.9642857142857143,0.0,0.9491443452380952,1.0,0.78125
clackmannanshire_2022_ward2,2-approval,8,0.7990982311321433,1.0,0.8242753623188406,1.0,0.8674926439522531,1.0,0.918095238095238,1.0,0.9047619047619048,0.9583333333333334,0.0,0.901953125,1.0,1.0
clackmannanshire_2022_ward2,plurality,8,0.7379081680698493,1.0,0.7239460731863898,1.0,0.8674926439522531,1.0,0.918095238095238,1.0,0.8571428571428572,0.9761904761904762,0.0,0.8742559523809526,1.0,1.0
clackmannanshire_2022_ward2,stv,8,0.7379081680698493,1.0,0.7239460731863898,1.0,0.8674926439522531,1.0,0.918095238095238,1.0,0.9047619047619048,0.9583333333333334,0.0,0.8824218750000001,1.0,1.0
clackmannanshire_2022_ward2,ranked-pairs,8,1.0,1.0,1.0,1.0,1.0,1.0,1.0,1.0,1.0,1.0,1.0,1.0,1.0,1.0
perth_kinross_2017_ward7,borda,8,1.0,1.0,1.0,1.0,1.0,1.0,1.0,1.0,1.0,1.0,1.0,1.0,1.0,1.0
perth_kinross_2017_ward7,3-approval,8,1.0,1.0,1.0,1.0,1.0,1.0,1.0,1.0,1.0,1.0,1.0,1.0,1.0,1.0
perth_kinross_2017_ward7,2-approval,8,0.8242739180801815,1.0,0.8617173159290231,1.0,0.8349388852982518,1.0,0.8766447368421053,1.0,0.8571428571428572,0.9642857142857143,0.0,0.9365141369047619,1.0,0.875
perth_kinross_2017_ward7,plurality,8,0.8242739180801815,1.0,0.8617173159290231,1.0,0.8349388852982518,1.0,0.8766447368421053,1.0,0.9523809523809523,0.9702380952380952,0.0,0.9252418154761904,1.0,0.9375
perth_kinross_2017_ward7,stv,8,0.8349388852982518,1.0,0.8766447368421053,1.0,0.8349388852982518,1.0,0.8766447368421053,1.0,0.9523809523809523,0.9761904761904762,0.0,0.9306361607142857,1.0,0.9375
perth_kinross_2017_ward7,ranked-pairs,8,1.0,1.0,1.0,1.0,1.0,1.0,1.0,1.0,1.0,1.0,1.0,1.0,1.0,1.0
angus_2022_ward4,borda,8,1.0,1.0,1.0,1.0,1.0,1.0,1.0,1.0,1.0,1.0,0.0,0.994140625,1.0,1.0
angus_2022_ward4,3-approval,8,0.8688542477810601,1.0,0.9196797865243496,1.0,1.0,1.0,1.0,1.0,0.9523809523809523,0.9702380952380952,0.0,0.9167782738095239,1.0,1.0
angus_2022_ward4,2-approval,8,0.8502047071474612,1.0,0.896901779828609,1.0,0.8502047071474612,1.0,0.896901779828609,1.0,0.9523809523809523,0.9821428571428571,0.0,0.9154575892857143,1.0,1.0
angus_2022_ward4,plurality,8,0.8093697770163767,1.0,0.8398976982097187,1.0,0.9408143332438622,1.0,0.9829106945975745,1.0,0.8095238095238095,0.9642857142857143,0.0,0.8546130952380953,1.0,0.9583333333333333
angus_2022_ward4,stv,8,0.8093697770163767,1.0,0.8398976982097187,1.0,0.9408143332438622,1.0,0.9829106945975745,1.0,0.8095238095238095,0.9523809523809523,0.0,0.8524181547619047,1.0,0.9166666666666666
angus_2022_ward4,ranked-pairs,8,1.0,1.0,1.0,1.0,1.0,1.0,1.0,1.0,1.0,1.0,1.0,1.0,1.0,1.0
east_lothian_2022_ward4,borda,8,1.0,1.0,1.0,1.0,1.0,1.0,1.0,1.0,0.9047619047619048,0.9761904761904762,0.0,0.9433965773809523,1.0,1.0
east_lothian_2022_ward4,3-approval,8,0.8923437392708018,1.0,0.944909839557007,1.0,1.0,1.0,1.0,1.0,0.8571428571428572,0.9642857142857143,0.0,0.9343005952380953,1.0,0.9375
east_lothian_2022_ward4,2-approval,8,0.8488266004068694,1.0,0.8951300498063088,1.0,1.0,1.0,1.0,1.0,0.9047619047619048,0.9642857142857143,0.0,0.8608630952380953,1.0,1.0
east_lothian_2022_ward4,plurality,8,0.7916149850251798,1.0,0.812624057165542,1.0,0.7916149850251798,1.0,0.812624057165542,1.0,0.9047619047619048,0.9583333333333334,0.0,0.8968750000000001,1.0,0.875
east_lothian_2022_ward4,stv,8,0.7916149850251798,1.0,0.812624057165542,1.0,0.7916149850251798,1.0,0.812624057165542,1.0,0.9047619047619048,0.9583333333333334,0.0,0.8718750000000001,1.0,0.9375
east_lothian_2022_ward4,ranked-pairs,8,1.0,1.0,1.0,1.0,1.0,1.0,1.0,1.0,1.0,1.0,1.0,1.0,1.0,1.0
fife_2017_ward21,borda,8,1.0,1.0,1.0,1.0,1.0,1.0,1.0,1.0,0.9523809523809523,0.9940476190476191,0.0,0.9784598214285715,1.0,1.0
fife_2017_ward21,3-approval,8,1.0,1.0,1.0,1.0,1.0,1.0,1.0,1.0,1.0,1.0,0.0,0.9430989583333333,1.0,1.0
fife_2017_ward21,2-approval,8,1.0,1.0,1.0,1.0,1.0,1.0,1.0,1.0,1.0,1.0,0.0,0.971875,1.0,1.0
fife_2017_ward21,plurality,8,0.7572527688901919,1.0,0.7567232105916425,1.0,0.787122193719865,1.0,0.805527994330262,1.0,0.8095238095238095,0.9345238095238095,0.0,0.8704799107142858,1.0,0.9166666666666666
fife_2017_ward21,stv,8,0.7572527688901919,1.0,0.7567232105916425,1.0,0.787122193719865,1.0,0.805527994330262,1.0,0.8571428571428572,0.9464285714285714,0.0,0.8747581845238096,1.0,0.9166666666666666
fife_2017_ward21,ranked-pairs,8,1.0,1.0,1.0,1.0,1.0,1.0,1.0,1.0,1.0,1.0,1.0,1.0,1.0,1.0
edinburgh_2012_ward17,borda,8,1.0,1.0,1.0,1.0,1.0,1.0,1.0,1.0,0.9523809523809523,0.9940476190476191,0.6666666666666667,0.9925223214285714,1.0,0.9375
edinburgh_2012_ward17,3-approval,8,1.0,1.0,1.0,1.0,1.0,1.0,1.0,1.0,1.0,1.0,0.8333333333333334,0.9848958333333333,1.0,1.0
edinburgh_2012_ward17,2-approval,8,0.8424316263629179,1.0,0.8867579908675799,1.0,1.0,1.0,1.0,1.0,0.9523809523809523,0.9821428571428571,0.0,0.9490513392857143,1.0,0.9375
edinburgh_2012_ward17,plurality,8,0.8424316263629179,1.0,0.8867579908675799,1.0,0.940966386407526,1.0,0.9829973947621006,1.0,0.9047619047619048,0.9880952380952381,0.0,0.9475446428571428,1.0,0.9375
edinburgh_2012_ward17,stv,8,0.7988791984011197,1.0,0.8239374448228024,1.0,1.0,1.0,1.0,1.0,0.9047619047619048,0.9821428571428571,0.0,0.9326450892857143,1.0,0.9375
edinburgh_2012_ward17,ranked-pairs,8,1.0,1.0,1.0,1.0,1.0,1.0,1.0,1.0,1.0,1.0,1.0,1.0,1.0,1.0
fife_2022_ward2,borda,8,0.9415488526568334,1.0,0.9833275442862106,1.0,1.0,1.0,1.0,1.0,1.0,1.0,0.8333333333333334,0.99609375,1.0,1.0
fife_2022_ward2,3-approval,8,1.0,1.0,1.0,1.0,1.0,1.0,1.0,1.0,0.9523809523809523,0.9880952380952381,0.0,0.9702008928571428,1.0,1.0
fife_2022_ward2,2-approval,8,0.8430689690657187,1.0,0.887603305785124,1.0,1.0,1.0,1.0,1.0,0.8571428571428572,0.9404761904761905,0.0,0.8899367559523811,1.0,1.0
fife_2022_ward2,plurality,8,0.7462707270838658,1.0,0.7382039573820396,1.0,0.7462707270838658,1.0,0.7382039573820396,1.0,0.8571428571428572,0.9642857142857143,0.0,0.8796130952380954,1.0,0.9375
fife_2022_ward2,stv,8,0.7462707270838658,1.0,0.7382039573820396,1.0,0.7462707270838658,1.0,0.7382039573820396,1.0,0.8095238095238095,0.9583333333333334,0.0,0.8703125,1.0,0.9375
fife_2022_ward2,ranked-pairs,8,1.0,1.0,1.0,1.0,1.0,1.0,1.0,1.0,1.0,1.0,1.0,1.0,1.0,1.0
renfrewshire_2012_ward8,borda,8,1.0,1.0,1.0,1.0,1.0,1.0,1.0,1.0,1.0,1.0,1.0,1.0,1.0,1.0
renfrewshire_2012_ward8,3-approval,8,1.0,1.0,1.0,1.0,1.0,1.0,1.0,1.0,1.0,1.0,1.0,1.0,1.0,1.0
renfrewshire_2012_ward8,2-approval,8,1.0,1.0,1.0,1.0,1.0,1.0,1.0,1.0,0.9523809523809523,0.9880952380952381,0.9333333333333333,0.9993675595238095,1.0,1.0
renfrewshire_2012_ward8,plurality,8,0.7756563728571856,1.0,0.7871053129135943,1.0,1.0,1.0,1.0,1.0,0.9523809523809523,0.9821428571428571,0.0,0.9640252976190476,1.0,0.9375
renfrewshire_2012_ward8,stv,8,1.0,1.0,1.0,1.0,1.0,1.0,1.0,1.0,0.9523809523809523,0.9880952380952381,0.6666666666666667,0.9847842261904762,1.0,0.9375
renfrewshire_2012_ward8,ranked-pairs,8,1.0,1.0,1.0,1.0,1.0,1.0,1.0,1.0,1.0,1.0,1.0,1.0,1.0,1.0
renfrewshire_2012_ward7,borda,8,0.9579538992672719,1.0,0.9913263462233465,1.0,1.0,1.0,1.0,1.0,1.0,1.0,1.0,1.0,1.0,1.0
renfrewshire_2012_ward7,3-approval,8,0.9773042080174756,1.0,0.9974623889795176,1.0,1.0,1.0,1.0,1.0,0.9523809523809523,0.9821428571428571,0.0,0.9473586309523809,1.0,1.0
renfrewshire_2012_ward7,2-approval,8,0.8163407784495821,1.0,0.850235057085292,1.0,1.0,1.0,1.0,1.0,0.9523809523809523,0.9940476190476191,0.0,0.9422619047619047,1.0,1.0
renfrewshire_2012_ward7,plurality,8,0.865023578607356,1.0,0.9151894334376085,1.0,1.0,1.0,1.0,1.0,0.9523809523809523,0.9761904761904762,0.0,0.9484747023809523,1.0,0.9583333333333333
renfrewshire_2012_ward7,stv,8,0.865023578607356,1.0,0.9151894334376085,1.0,1.0,1.0,1.0,1.0,0.9523809523809523,0.9761904761904762,0.0,0.951078869047619,1.0,0.9583333333333333
renfrewshire_2012_ward7,ranked-pairs,8,0.9773042080174756,1.0,0.9974623889795176,1.0,1.0,1.0,1.0,1.0,0.9523809523809523,0.9940476190476191,0.0,0.9776785714285714,1.0,1.0
south_lanarkshire_2017_ward1,borda,8,0.9700738459169794,1.0,0.9955935004131096,1.0,1.0,1.0,1.0,1.0,0.9523809523809523,0.9940476190476191,0.0,0.9776785714285714,1.0,1.0
south_lanarkshire_2017_ward1,3-approval,8,0.8798616011067566,1.0,0.932009065457939,1.0,1.0,1.0,1.0,1.0,0.9047619047619048,0.9642857142857143,0.0,0.9296130952380952,1.0,1.0
south_lanarkshire_2017_ward1,2-approval,8,0.8854697617657767,1.0,0.9379513238833914,1.0,1.0,1.0,1.0,1.0,0.9523809523809523,0.9821428571428571,0.0,0.9375930059523809,1.0,1.0
south_lanarkshire_2017_ward1,plurality,8,0.7789587324827729,1.0,0.7924551638837352,1.0,1.0,1.0,1.0,1.0,0.8571428571428572,0.9642857142857143,0.0,0.9109933035714286,1.0,0.9583333333333334
south_lanarkshire_2017_ward1,stv,8,0.7789587324827729,1.0,0.7924551638837352,1.0,1.0,1.0,1.0,1.0,0.8571428571428572,0.9583333333333334,0.0,0.9209635416666666,1.0,0.9583333333333334
south_lanarkshire_2017_ward1,ranked-pairs,8,1.0,1.0,1.0,1.0,1.0,1.0,1.0,1.0,1.0,1.0,1.0,1.0,1.0,1.0
fife_2022_ward6,borda,8,0.8906600941961416,1.0,0.9432391523713423,1.0,1.0,1.0,1.0,1.0,0.9523809523809523,0.9880952380952381,0.6666666666666667,0.9813988095238095,1.0,1.0
fife_2022_ward6,3-approval,8,1.0,1.0,1.0,1.0,1.0,1.0,1.0,1.0,0.9523809523809523,0.9761904761904762,0.0,0.931938244047619,1.0,1.0
fife_2022_ward6,2-approval,8,0.7779166514677429,1.0,0.7907706613971871,1.0,0.7779166514677429,1.0,0.7907706613971871,1.0,0.8571428571428572,0.9523809523809523,0.0,0.8697358630952381,1.0,0.875
fife_2022_ward6,plurality,8,0.8113272645038241,1.0,0.8428229665071771,1.0,0.8113272645038241,1.0,0.8428229665071771,1.0,0.8571428571428572,0.9642857142857143,0.0,0.8578683035714286,1.0,0.9270833333333333
fife_2022_ward6,stv,8,0.8906600941961416,1.0,0.9432391523713423,1.0,1.0,1.0,1.0,1.0,0.9047619047619048,0.9523809523809523,0.0,0.8770275297619048,1.0,0.9583333333333334
fife_2022_ward6,ranked-pairs,8,1.0,1.0,1.0,1.0,1.0,1.0,1.0,1.0,1.0,1.0,1.0,1.0,1.0,1.0
north_lanarkshire_2017_ward11,borda,8,1.0,1.0,1.0,1.0,1.0,1.0,1.0,1.0,0.9523809523809523,0.9940476190476191,0.6666666666666667,0.9925223214285714,1.0,1.0
north_lanarkshire_2017_ward11,3-approval,8,0.956162235520742,1.0,0.9905761405011781,1.0,1.0,1.0,1.0,1.0,0.9523809523809523,0.9702380952380952,0.0,0.9436011904761904,1.0,1.0
north_lanarkshire_2017_ward11,2-approval,8,0.781554709917789,1.0,0.7966363812101295,1.0,1.0,1.0,1.0,1.0,0.8571428571428572,0.9702380952380952,0.0,0.851934523809524,1.0,1.0
north_lanarkshire_2017_ward11,plurality,8,0.6458092344072486,1.0,0.5638566380615851,1.0,0.6458092344072486,1.0,0.5638566380615851,1.0,0.8571428571428572,0.9345238095238095,0.0,0.8393601190476191,1.0,0.9583333333333333
north_lanarkshire_2017_ward11,stv,8,0.6458092344072486,1.0,0.5638566380615851,1.0,0.7240117644423463,1.0,0.7000182915675874,1.0,0.8095238095238095,0.8869047619047619,0.0,0.8100074404761903,1.0,0.8645833333333333
north_lanarkshire_2017_ward11,ranked-pairs,8,1.0,1.0,1.0,1.0,1.0,1.0,1.0,1.0,1.0,1.0,1.0,1.0,1.0,1.0
glasgow_2017_ward11,borda,8,1.0,1.0,1.0,1.0,1.0,1.0,1.0,1.0,1.0,1.0,1.0,1.0,1.0,1.0
glasgow_2017_ward11,3-approval,8,1.0,1.0,1.0,1.0,1.0,1.0,1.0,1.0,1.0,1.0,0.8333333333333334,0.994140625,1.0,1.0
glasgow_2017_ward11,2-approval,8,0.8107829429217668,1.0,0.8420112652836929,1.0,1.0,1.0,1.0,1.0,0.9523809523809523,0.9880952380952381,0.0,0.9517113095238094,1.0,1.0
glasgow_2017_ward11,plurality,8,0.6816795815888052,1.0,0.6261976955730746,1.0,0.7854556300369447,1.0,0.8028775043700418,1.0,0.9047619047619048,0.9702380952380952,0.0,0.9283668154761905,1.0,0.9375
glasgow_2017_ward11,stv,8,0.6816795815888052,1.0,0.6261976955730746,1.0,0.7854556300369447,1.0,0.8028775043700418,1.0,0.9047619047619048,0.9702380952380952,0.0,0.9037574404761906,1.0,0.9375
glasgow_2017_ward11,ranked-pairs,8,1.0,1.0,1.0,1.0,1.0,1.0,1.0,1.0,1.0,1.0,1.0,1.0,1.0,1.0
aberdeenshire_2022_ward5,borda,8,0.9385584442433108,1.0,0.981599433828733,1.0,0.9385584442433108,1.0,0.981599433828733,1.0,0.9523809523809523,0.9821428571428571,0.0,0.9166294642857143,1.0,1.0
aberdeenshire_2022_ward5,3-approval,8,0.858182330117475,1.0,0.9069239500567536,1.0,0.9385584442433108,1.0,0.981599433828733,1.0,1.0,1.0,0.0,0.865234375,1.0,1.0
aberdeenshire_2022_ward5,2-approval,8,0.7921546751816739,1.0,0.8134715025906737,1.0,0.9385584442433108,1.0,0.981599433828733,1.0,0.8571428571428572,0.9345238095238095,0.0,0.8571986607142859,1.0,1.0
aberdeenshire_2022_ward5,plurality,8,0.7921546751816739,1.0,0.8134715025906737,1.0,0.9645634487097199,1.0,0.9938286256824114,1.0,0.8571428571428572,0.9583333333333334,0.0,0.8907552083333334,1.0,0.9583333333333334
aberdeenshire_2022_ward5,stv,8,0.7921546751816739,1.0,0.8134715025906737,1.0,0.9645634487097199,1.0,0.9938286256824114,1.0,0.8571428571428572,0.9523809523809523,0.0,0.8809337797619049,1.0,0.9583333333333334
aberdeenshire_2022_ward5,ranked-pairs,8,0.9645634487097199,1.0,0.9938286256824114,1.0,0.9645634487097199,1.0,0.9938286256824114,1.0,0.9523809523809523,0.9940476190476191,0.0,0.9776785714285714,1.0,0.9583333333333334
highland_2012_ward7,borda,8,1.0,1.0,1.0,1.0,1.0,1.0,1.0,1.0,0.9523809523809523,0.9940476190476191,0.0,0.9800223214285714,1.0,0.9583333333333334
highland_2012_ward7,3-approval,8,0.9090249147155333,1.0,0.9602409638554215,1.0,1.0,1.0,1.0,1.0,0.9523809523809523,0.9761904761904762,0.0,0.9336309523809524,1.0,1.0
highland_2012_ward7,2-approval,8,0.8413244615711034,1.0,0.885283893395133,1.0,1.0,1.0,1.0,1.0,0.9047619047619048,0.9702380952380952,0.0,0.8963355654761906,1.0,1.0
highland_2012_ward7,plurality,8,0.8413244615711034,1.0,0.885283893395133,1.0,1.0,1.0,1.0,1.0,0.9523809523809523,0.9761904761904762,0.0,0.9383184523809524,1.0,0.9270833333333334
highland_2012_ward7,stv,8,0.9090249147155333,1.0,0.9602409638554215,1.0,0.9488024437082146,1.0,0.9871755725190838,1.0,0.9047619047619048,0.9761904761904762,0.0,0.9226934523809524,1.0,0.9270833333333334
highland_2012_ward7,ranked-pairs,8,1.0,1.0,1.0,1.0,1.0,1.0,1.0,1.0,1.0,1.0,1.0,1.0,1.0,1.0
glasgow_2022_ward21,borda,8,0.9586087599484868,1.0,0.9915929203539825,1.0,1.0,1.0,1.0,1.0,0.9523809523809523,0.9821428571428571,0.0,0.9744419642857143,1.0,1.0
glasgow_2022_ward21,3-approval,8,0.9586087599484868,1.0,0.9915929203539825,1.0,1.0,1.0,1.0,1.0,0.9523809523809523,0.9880952380952381,0.0,0.9692894345238096,1.0,1.0
glasgow_2022_ward21,2-approval,8,0.7866206454466794,1.0,0.8047313552526061,1.0,1.0,1.0,1.0,1.0,0.9523809523809523,0.9821428571428571,0.0,0.9455357142857143,1.0,1.0
glasgow_2022_ward21,plurality,8,0.7866206454466794,1.0,0.8047313552526061,1.0,0.8516564964113955,1.0,0.8987555368065808,1.0,0.9047619047619048,0.9761904761904762,0.0,0.927250744047619,1.0,0.9375
glasgow_2022_ward21,stv,8,0.7866206454466794,1.0,0.8047313552526061,1.0,1.0,1.0,1.0,1.0,0.8571428571428572,0.9642857142857143,0.0,0.9354724702380952,1.0,0.9375
glasgow_2022_ward21,ranked-pairs,8,1.0,1.0,1.0,1.0,1.0,1.0,1.0,1.0,1.0,1.0,1.0,1.0,1.0,1.0
eilean_siar_2017_ward1,borda,8,1.0,1.0,1.0,1.0,1.0,1.0,1.0,1.0,1.0,1.0,0.0,0.9928385416666666,1.0,1.0
eilean_siar_2017_ward1,3-approval,8,0.9458790837259595,1.0,0.9856836077308516,1.0,1.0,1.0,1.0,1.0,0.9523809523809523,0.9940476190476191,0.6666666666666667,0.9753348214285714,1.0,1.0
eilean_siar_2017_ward1,2-approval,8,0.8735560809415525,1.0,0.9250520471894516,1.0,0.8735560809415525,1.0,0.9250520471894516,1.0,0.9047619047619048,0.9702380952380952,0.0,0.9449032738095238,1.0,0.875
eilean_siar_2017_ward1,plurality,8,0.7688211636634722,1.0,0.7759282970550575,1.0,0.8735560809415525,1.0,0.9250520471894516,1.0,0.8571428571428572,0.9523809523809523,0.0,0.8869233630952382,1.0,0.9166666666666667
eilean_siar_2017_ward1,stv,8,0.7896464091014979,1.0,0.8095238095238093,1.0,0.8735560809415525,1.0,0.9250520471894516,1.0,0.9047619047619048,0.9642857142857143,0.0,0.9272693452380952,1.0,1.0
eilean_siar_2017_ward1,ranked-pairs,8,1.0,1.0,1.0,1.0,1.0,1.0,1.0,1.0,1.0,1.0,1.0,1.0,1.0,1.0
fife_2022_ward10,borda,8,1.0,1.0,1.0,1.0,1.0,1.0,1.0,1.0,0.9523809523809523,0.9940476190476191,0.0,0.9776785714285714,1.0,1.0
fife_2022_ward10,3-approval,8,1.0,1.0,1.0,1.0,1.0,1.0,1.0,1.0,0.9523809523809523,0.9880952380952381,0.0,0.9675967261904762,1.0,1.0
fife_2022_ward10,2-approval,8,0.8545939651913672,1.0,0.9024659550975338,1.0,0.8545939651913672,1.0,0.9024659550975338,1.0,0.9047619047619048,0.9642857142857143,0.0,0.9418526785714285,1.0,0.8541666666666666
fife_2022_ward10,plurality,8,0.6460262843092026,1.0,0.5642305946436676,1.0,0.6460262843092026,1.0,0.5642305946436676,1.0,0.9047619047619048,0.9583333333333334,0.0,0.8938802083333335,1.0,0.875
fife_2022_ward10,stv,8,0.6460262843092026,1.0,0.5642305946436676,1.0,0.6460262843092026,1.0,0.5642305946436676,1.0,0.9047619047619048,0.9523809523809523,0.0,0.9078869047619048,1.0,0.8333333333333334
fife_2022_ward10,ranked-pairs,8,1.0,1.0,1.0,1.0,1.0,1.0,1.0,1.0,1.0,1.0,1.0,1.0,1.0,1.0
dundee_2017_ward6,borda,8,0.8744006575471981,1.0,0.9260005033979358,1.0,1.0,1.0,1.0,1.0,0.9523809523809523,0.9940476190476191,0.9,0.9981212797619048,1.0,1.0
dundee_2017_ward6,3-approval,8,0.8744006575471981,1.0,0.9260005033979358,1.0,1.0,1.0,1.0,1.0,0.9523809523809523,0.9821428571428571,0.0,0.936811755952381,1.0,1.0
dundee_2017_ward6,2-approval,8,0.7672551154270262,1.0,0.7733487833140208,1.0,1.0,1.0,1.0,1.0,0.7619047619047619,0.9166666666666666,0.0,0.8253906249999998,1.0,1.0
dundee_2017_ward6,plurality,8,0.7417074308455992,1.0,0.7304387155133424,1.0,1.0,1.0,1.0,1.0,0.8571428571428572,0.9583333333333334,0.0,0.8886718750000002,1.0,1.0
dundee_2017_ward6,stv,8,0.7417074308455992,1.0,0.7304387155133424,1.0,1.0,1.0,1.0,1.0,0.9047619047619048,0.9702380952380952,0.0,0.8873511904761906,1.0,1.0
dundee_2017_ward6,ranked-pairs,8,1.0,1.0,1.0,1.0,1.0,1.0,1.0,1.0,1.0,1.0,1.0,1.0,1.0,1.0
south_lanarkshire_2017_ward3,borda,8,1.0,1.0,1.0,1.0,1.0,1.0,1.0,1.0,1.0,1.0,0.8333333333333334,0.99765625,1.0,1.0
south_lanarkshire_2017_ward3,3-approval,8,1.0,1.0,1.0,1.0,1.0,1.0,1.0,1.0,0.9523809523809523,0.9821428571428571,0.8333333333333334,0.9892857142857143,1.0,1.0
south_lanarkshire_2017_ward3,2-approval,8,0.9155545314170338,1.0,0.9656170828809264,1.0,1.0,1.0,1.0,1.0,0.8571428571428572,0.9523809523809523,0.0,0.8979910714285716,1.0,1.0
south_lanarkshire_2017_ward3,plurality,8,0.7608549574565703,1.0,0.7627393703343069,1.0,0.7608549574565703,1.0,0.7627393703343069,1.0,0.8095238095238095,0.9523809523809523,0.0,0.8671316964285716,1.0,0.875
south_lanarkshire_2017_ward3,stv,8,0.8186324316683193,1.0,0.8535836177474401,1.0,1.0,1.0,1.0,1.0,0.8571428571428572,0.9702380952380952,0.0,0.9084449404761905,1.0,0.9375
south_lanarkshire_2017_ward3,ranked-pairs,8,1.0,1.0,1.0,1.0,1.0,1.0,1.0,1.0,1.0,1.0,1.0,1.0,1.0,1.0
falkirk_2012_ward3,borda,8,0.9619355908338089,1.0,0.9928838951310862,1.0,1.0,1.0,1.0,1.0,0.9047619047619048,0.9880952380952381,0.6666666666666667,0.9790550595238096,1.0,0.9583333333333334
falkirk_2012_ward3,3-approval,8,0.9619355908338089,1.0,0.9928838951310862,1.0,1.0,1.0,1.0,1.0,0.9523809523809523,0.9940476190476191,0.8333333333333334,0.9900483630952381,1.0,0.96875
falkirk_2012_ward3,2-approval,8,0.9619355908338089,1.0,0.9928838951310862,1.0,1.0,1.0,1.0,1.0,0.9523809523809523,0.9940476190476191,0.6666666666666667,0.9854910714285714,1.0,1.0
falkirk_2012_ward3,plurality,8,0.7808553231465987,1.0,0.7955120634385017,1.0,0.90008294175637,1.0,0.9523023298477344,1.0,0.8571428571428572,0.9583333333333334,0.0,0.9026041666666668,1.0,0.9583333333333333
falkirk_2012_ward3,stv,8,0.90008294175637,1.0,0.9523023298477344,1.0,0.90008294175637,1.0,0.9523023298477344,1.0,0.9047619047619048,0.9761904761904762,0.0,0.9375372023809524,1.0,0.9583333333333333
falkirk_2012_ward3,ranked-pairs,8,1.0,1.0,1.0,1.0,1.0,1.0,1.0,1.0,1.0,1.0,1.0,1.0,1.0,1.0
sc_borders_2017_ward8,borda,8,0.9762855567317075,1.0,0.997229916897507,1.0,1.0,1.0,1.0,1.0,0.9523809523809523,0.9940476190476191,0.9,0.9989025297619047,1.0,1.0
sc_borders_2017_ward8,3-approval,8,1.0,1.0,1.0,1.0,1.0,1.0,1.0,1.0,0.9523809523809523,0.9940476190476191,0.0,0.9433035714285715,1.0,1.0
sc_borders_2017_ward8,2-approval,8,0.798029551245532,1.0,0.8226248156730568,1.0,1.0,1.0,1.0,1.0,0.9523809523809523,0.9880952380952381,0.0,0.9446800595238095,1.0,1.0
sc_borders_2017_ward8,plurality,8,0.7117323861602839,1.0,0.6786961583236322,1.0,0.7117323861602839,1.0,0.6786961583236322,1.0,0.8571428571428572,0.9523809523809523,0.0,0.9102306547619048,1.0,0.875
sc_borders_2017_ward8,stv,8,0.798029551245532,1.0,0.8226248156730568,1.0,1.0,1.0,1.0,1.0,0.9047619047619048,0.9523809523809523,0.0,0.9283296130952381,1.0,1.0
sc_borders_2017_ward8,ranked-pairs,8,1.0,1.0,1.0,1.0,1.0,1.0,1.0,1.0,1.0,1.0,1.0,1.0,1.0,1.0
east_dunbartonshire_2017_ward6,borda,8,0.9505985820876939,1.0,0.9880525686977301,1.0,1.0,1.0,1.0,1.0,0.9523809523809523,0.9761904761904762,0.0,0.9139694940476191,1.0,1.0
east_dunbartonshire_2017_ward6,3-approval,8,0.9808832367515418,1.0,0.9981987391173822,1.0,1.0,1.0,1.0,1.0,0.9047619047619048,0.9523809523809523,0.0,0.8332775297619047,1.0,1.0
east_dunbartonshire_2017_ward6,2-approval,8,0.891634899915455,1.0,0.9442091426902295,1.0,0.891634899915455,1.0,0.9442091426902295,1.0,0.9047619047619048,0.9702380952380952,0.0,0.8654761904761905,1.0,0.9375
east_dunbartonshire_2017_ward6,plurality,8,0.8247098050375884,1.0,0.8623391158365977,1.0,0.8919217149720432,1.0,0.944493134677184,1.0,0.8095238095238095,0.9345238095238095,0.0,0.819438244047619,1.0,0.75
east_dunbartonshire_2017_ward6,stv,8,0.8247098050375884,1.0,0.8623391158365977,1.0,1.0,1.0,1.0,1.0,0.8095238095238095,0.9404761904761905,0.0,0.8442336309523809,1.0,0.8958333333333333
east_dunbartonshire_2017_ward6,ranked-pairs,8,1.0,1.0,1.0,1.0,1.0,1.0,1.0,1.0,1.0,1.0,1.0,1.0,1.0,1.0
edinburgh_2017_ward14,borda,8,0.8863828680436786,1.0,0.9388964888280895,1.0,0.8863828680436786,1.0,0.9388964888280895,1.0,0.8571428571428572,0.9583333333333334,0.0,0.9453125,1.0,0.8854166666666666
edinburgh_2017_ward14,3-approval,8,0.8299007440314974,1.0,0.8696684548412629,1.0,1.0,1.0,1.0,1.0,0.8571428571428572,0.9464285714285714,0.0,0.8769717261904763,1.0,1.0
edinburgh_2017_ward14,2-approval,8,0.7957668784609901,1.0,0.8191152562676478,1.0,0.7957668784609901,1.0,0.8191152562676478,1.0,0.7619047619047619,0.9166666666666667,0.0,0.8167968749999998,1.0,0.9166666666666666
edinburgh_2017_ward14,plurality,8,0.7274641683314508,1.0,0.7059861980420479,1.0,0.7655219959900178,1.0,0.7704863424383743,1.0,0.7619047619047619,0.9166666666666667,0.0,0.7510416666666664,1.0,0.9166666666666666
edinburgh_2017_ward14,stv,8,0.7274641683314508,1.0,0.7059861980420479,1.0,0.7655219959900178,1.0,0.7704863424383743,1.0,0.8571428571428572,0.9345238095238095,0.0,0.7647507440476188,1.0,0.9166666666666666
edinburgh_2017_ward14,ranked-pairs,8,1.0,1.0,1.0,1.0,1.0,1.0,1.0,1.0,1.0,1.0,1.0,1.0,1.0,1.0
aberdeen_2017_ward7,borda,8,1.0,1.0,1.0,1.0,1.0,1.0,1.0,1.0,0.9523809523809523,0.9880952380952381,0.0,0.9815290178571429,1.0,1.0
aberdeen_2017_ward7,3-approval,8,0.8922174381740163,1.0,0.9447852760736195,1.0,1.0,1.0,1.0,1.0,0.9523809523809523,0.9821428571428571,0.0,0.9381138392857142,1.0,1.0
aberdeen_2017_ward7,2-approval,8,0.8217845199128182,1.0,0.858147713950762,1.0,1.0,1.0,1.0,1.0,0.8571428571428572,0.9523809523809523,0.0,0.9132254464285715,1.0,0.8958333333333333
aberdeen_2017_ward7,plurality,8,0.8217845199128182,1.0,0.858147713950762,1.0,1.0,1.0,1.0,1.0,0.7619047619047619,0.9404761904761905,0.0,0.8497023809523809,1.0,0.9375
aberdeen_2017_ward7,stv,8,0.8217845199128182,1.0,0.858147713950762,1.0,1.0,1.0,1.0,1.0,0.8571428571428572,0.9404761904761905,0.0,0.859858630952381,1.0,0.9375
aberdeen_2017_ward7,ranked-pairs,8,1.0,1.0,1.0,1.0,1.0,1.0,1.0,1.0,1.0,1.0,1.0,1.0,1.0,1.0
aberdeen_2017_ward13,borda,8,1.0,1.0,1.0,1.0,1.0,1.0,1.0,1.0,1.0,1.0,1.0,1.0,1.0,1.0
aberdeen_2017_ward13,3-approval,8,1.0,1.0,1.0,1.0,1.0,1.0,1.0,1.0,1.0,1.0,0.6666666666666667,0.9755208333333333,1.0,1.0
aberdeen_2017_ward13,2-approval,8,0.8413116546258037,1.0,0.8852668002185395,1.0,0.8413116546258037,1.0,0.8852668002185395,1.0,0.9523809523809523,0.9583333333333334,0.0,0.9220052083333333,1.0,0.8125000000000001
aberdeen_2017_ward13,plurality,8,0.767170975761901,1.0,0.7732100034258307,1.0,0.8413116546258037,1.0,0.8852668002185395,1.0,0.8571428571428572,0.9404761904761905,0.0,0.8612909226190477,1.0,0.8854166666666666
aberdeen_2017_ward13,stv,8,0.767170975761901,1.0,0.7732100034258307,1.0,0.8413116546258037,1.0,0.8852668002185395,1.0,0.8571428571428572,0.9464285714285714,0.0,0.8695498511904762,1.0,0.9583333333333334
aberdeen_2017_ward13,ranked-pairs,8,1.0,1.0,1.0,1.0,1.0,1.0,1.0,1.0,1.0,1.0,1.0,1.0,1.0,1.0
edinburgh_2022_ward13,borda,8,0.9660398919964397,1.0,0.9943302622253722,1.0,1.0,1.0,1.0,1.0,1.0,1.0,1.0,1.0,1.0,1.0
edinburgh_2022_ward13,3-approval,8,0.8338629950978335,1.0,0.8751665926254998,1.0,1.0,1.0,1.0,1.0,0.9523809523809523,0.9642857142857143,0.0,0.9544828869047619,1.0,1.0
edinburgh_2022_ward13,2-approval,8,0.8338629950978335,1.0,0.8751665926254998,1.0,1.0,1.0,1.0,1.0,1.0,1.0,0.0,0.96875,1.0,1.0
edinburgh_2022_ward13,plurality,8,0.6894028096872841,1.0,0.6397008837525493,1.0,1.0,1.0,1.0,1.0,0.9523809523809523,0.9761904761904762,0.0,0.9269903273809523,1.0,1.0
edinburgh_2022_ward13,stv,8,0.6894028096872841,1.0,0.6397008837525493,1.0,1.0,1.0,1.0,1.0,0.9047619047619048,0.9583333333333334,0.0,0.9078125000000001,1.0,1.0
edinburgh_2022_ward13,ranked-pairs,8,1.0,1.0,1.0,1.0,1.0,1.0,1.0,1.0,1.0,1.0,1.0,1.0,1.0,1.0
dundee_2012_ward6,borda,8,0.9139086291022813,1.0,0.9642959976965161,1.0,1.0,1.0,1.0,1.0,0.9523809523809523,0.9880952380952381,0.0,0.9644717261904762,1.0,1.0
dundee_2012_ward6,3-approval,8,0.9139086291022813,1.0,0.9642959976965161,1.0,1.0,1.0,1.0,1.0,1.0,1.0,0.16666666666666663,0.9384114583333333,1.0,1.0
dundee_2012_ward6,2-approval,8,0.9139086291022813,1.0,0.9642959976965161,1.0,1.0,1.0,1.0,1.0,0.9523809523809523,0.9642857142857143,0.0,0.9343005952380952,1.0,1.0
dundee_2012_ward6,plurality,8,0.7164731650380075,1.0,0.6869436201780414,1.0,1.0,1.0,1.0,1.0,0.9523809523809523,0.9761904761904762,0.0,0.9259486607142857,1.0,0.9375
dundee_2012_ward6,stv,8,0.7164731650380075,1.0,0.6869436201780414,1.0,1.0,1.0,1.0,1.0,0.9523809523809523,0.9761904761904762,0.0,0.9090215773809525,1.0,0.9375
dundee_2012_ward6,ranked-pairs,8,1.0,1.0,1.0,1.0,1.0,1.0,1.0,1.0,1.0,1.0,1.0,1.0,1.0,1.0
shetland_2022_ward3,borda,8,1.0,1.0,1.0,1.0,1.0,1.0,1.0,1.0,1.0,1.0,1.0,1.0,1.0,1.0
shetland_2022_ward3,3-approval,8,1.0,1.0,1.0,1.0,1.0,1.0,1.0,1.0,0.9523809523809523,0.9940476190476191,0.8333333333333334,0.9976004464285714,1.0,0.875
shetland_2022_ward3,2-approval,8,0.786639868584168,1.0,0.8047619047619047,1.0,1.0,1.0,1.0,1.0,0.9047619047619048,0.9642857142857143,0.0,0.9335193452380952,1.0,1.0
shetland_2022_ward3,plurality,8,0.786639868584168,1.0,0.8047619047619047,1.0,1.0,1.0,1.0,1.0,1.0,1.0,0.0,0.96640625,1.0,1.0
shetland_2022_ward3,stv,8,0.786639868584168,1.0,0.8047619047619047,1.0,1.0,1.0,1.0,1.0,0.9523809523809523,0.9880952380952381,0.0,0.9493675595238095,1.0,1.0
shetland_2022_ward3,ranked-pairs,8,1.0,1.0,1.0,1.0,1.0,1.0,1.0,1.0,1.0,1.0,1.0,1.0,1.0,1.0
south_lanarkshire_2012_ward8,borda,8,1.0,1.0,1.0,1.0,1.0,1.0,1.0,1.0,1.0,1.0,1.0,1.0,1.0,1.0
south_lanarkshire_2012_ward8,3-approval,8,1.0,1.0,1.0,1.0,1.0,1.0,1.0,1.0,1.0,1.0,0.8333333333333334,0.9993489583333334,1.0,1.0
south_lanarkshire_2012_ward8,2-approval,8,1.0,1.0,1.0,1.0,1.0,1.0,1.0,1.0,1.0,1.0,0.6666666666666667,0.9942708333333333,1.0,1.0
south_lanarkshire_2012_ward8,plurality,8,0.8286756038982709,1.0,0.8679513504975516,1.0,1.0,1.0,1.0,1.0,0.9047619047619048,0.9523809523809523,0.0,0.9331473214285715,1.0,0.8541666666666667
south_lanarkshire_2012_ward8,stv,8,0.8286756038982709,1.0,0.8679513504975516,1.0,1.0,1.0,1.0,1.0,0.9047619047619048,0.9761904761904762,0.0,0.9308965773809524,1.0,1.0
south_lanarkshire_2012_ward8,ranked-pairs,8,1.0,1.0,1.0,1.0,1.0,1.0,1.0,1.0,1.0,1.0,1.0,1.0,1.0,1.0
aberdeen_2012_ward10,borda,8,0.9712404462319927,1.0,0.9959294436906376,1.0,0.9712404462319927,1.0,0.9959294436906376,1.0,0.9523809523809523,0.9761904761904762,0.0,0.9665736607142857,1.0,0.84375
aberdeen_2012_ward10,3-approval,8,0.9712404462319927,1.0,0.9959294436906376,1.0,0.9712404462319927,1.0,0.9959294436906376,1.0,0.9523809523809523,0.9821428571428571,0.0,0.9674107142857142,1.0,0.875
aberdeen_2012_ward10,2-approval,8,0.8530454877959274,1.0,0.9005167958656329,1.0,0.8893403364468078,1.0,0.9419141914191418,1.0,0.9047619047619048,0.9761904761904762,0.0,0.8877976190476191,1.0,0.9166666666666666
aberdeen_2012_ward10,plurality,8,0.8899772534092476,1.0,0.9425552987784747,1.0,0.9712404462319927,1.0,0.9959294436906376,1.0,0.9047619047619048,0.9821428571428571,0.0,0.9441034226190476,1.0,0.9375
aberdeen_2012_ward10,stv,8,0.8893403364468078,1.0,0.9419141914191418,1.0,0.8893403364468078,1.0,0.9419141914191418,1.0,0.9523809523809523,0.9761904761904762,0.0,0.9302455357142857,1.0,0.9583333333333333
aberdeen_2012_ward10,ranked-pairs,8,1.0,1.0,1.0,1.0,1.0,1.0,1.0,1.0,1.0,1.0,1.0,1.0,1.0,1.0
highland_2017_ward14,borda,8,0.8534509454993443,1.0,0.9010286349735891,1.0,1.0,1.0,1.0,1.0,0.9523809523809523,0.9761904761904762,0.0,0.9663132440476191,1.0,1.0
highland_2017_ward14,3-approval,8,0.8534509454993443,1.0,0.9010286349735891,1.0,1.0,1.0,1.0,1.0,0.9523809523809523,0.9880952380952381,0.6666666666666667,0.9534040178571429,1.0,1.0
highland_2017_ward14,2-approval,8,0.8534509454993443,1.0,0.9010286349735891,1.0,1.0,1.0,1.0,1.0,1.0,1.0,0.6666666666666667,0.9669270833333333,1.0,1.0
highland_2017_ward14,plurality,8,0.7120637047360182,1.0,0.6792730844793713,1.0,1.0,1.0,1.0,1.0,0.8571428571428572,0.9702380952380952,0.0,0.9169084821428571,1.0,1.0
highland_2017_ward14,stv,8,0.7120637047360182,1.0,0.6792730844793713,1.0,1.0,1.0,1.0,1.0,0.8571428571428572,0.9702380952380952,0.0,0.9156063988095239,1.0,1.0
highland_2017_ward14,ranked-pairs,8,1.0,1.0,1.0,1.0,1.0,1.0,1.0,1.0,1.0,1.0,1.0,1.0,1.0,1.0
glasgow_2022_ward15,borda,8,0.8821057505235609,1.0,0.9344150298889837,1.0,1.0,1.0,1.0,1.0,0.9523809523809523,0.9940476190476191,0.9,0.9989025297619047,1.0,1.0
glasgow_2022_ward15,3-approval,8,0.817868208035145,1.0,0.8524697415767091,1.0,1.0,1.0,1.0,1.0,0.9047619047619048,0.9583333333333334,0.0,0.9089843750000001,1.0,1.0
glasgow_2022_ward15,2-approval,8,0.817868208035145,1.0,0.8524697415767091,1.0,1.0,1.0,1.0,1.0,0.9523809523809523,0.9940476190476191,0.0,0.9425223214285714,1.0,1.0
glasgow_2022_ward15,plurality,8,0.5895946394446785,1.0,0.4693824597820446,1.0,1.0,1.0,1.0,1.0,0.8095238095238095,0.9583333333333334,0.0,0.8865885416666668,1.0,0.9375
glasgow_2022_ward15,stv,8,0.817868208035145,1.0,0.8524697415767091,1.0,1.0,1.0,1.0,1.0,0.8571428571428572,0.9702380952380952,0.0,0.9018043154761906,1.0,0.9375
glasgow_2022_ward15,ranked-pairs,8,1.0,1.0,1.0,1.0,1.0,1.0,1.0,1.0,1.0,1.0,1.0,1.0,1.0,1.0
orkney_2017_ward1,borda,8,0.8901080486646117,1.0,0.942686567164179,1.0,1.0,1.0,1.0,1.0,1.0,1.0,1.0,1.0,1.0,1.0
orkney_2017_ward1,3-approval,8,0.8901080486646117,1.0,0.942686567164179,1.0,1.0,1.0,1.0,1.0,1.0,1.0,1.0,1.0,1.0,1.0
orkney_2017_ward1,2-approval,8,0.8901080486646117,1.0,0.942686567164179,1.0,1.0,1.0,1.0,1.0,0.9523809523809523,0.9940476190476191,0.0,0.9723400297619048,1.0,1.0
orkney_2017_ward1,plurality,8,0.9177611954938739,1.0,0.9673518742442561,1.0,1.0,1.0,1.0,1.0,1.0,1.0,0.0,0.9872395833333333,1.0,1.0
orkney_2017_ward1,stv,8,0.9177611954938739,1.0,0.9673518742442561,1.0,1.0,1.0,1.0,1.0,1.0,1.0,0.0,0.9872395833333333,1.0,1.0
orkney_2017_ward1,ranked-pairs,8,1.0,1.0,1.0,1.0,1.0,1.0,1.0,1.0,1.0,1.0,1.0,1.0,1.0,1.0
north_lanarkshire_2012_ward3,borda,8,0.8046165011482432,1.0,0.8327239488117002,1.0,0.8046165011482432,1.0,0.8327239488117002,1.0,0.9047619047619048,0.9821428571428571,0.0,0.9654575892857142,1.0,0.9583333333333333
north_lanarkshire_2012_ward3,3-approval,8,0.8046165011482432,1.0,0.8327239488117002,1.0,0.9671515391566023,1.0,0.9946940805836509,1.0,0.9523809523809523,0.9702380952380952,0.0,0.9499813988095238,1.0,0.9583333333333333
north_lanarkshire_2012_ward3,2-approval,8,0.8348058656230535,1.0,0.8764623303696771,1.0,0.8937486481535643,1.0,0.9462870085746641,1.0,0.8095238095238095,0.9345238095238095,0.0,0.8547247023809524,1.0,0.9166666666666666
north_lanarkshire_2012_ward3,plurality,8,0.8046165011482432,1.0,0.8327239488117002,1.0,0.8046165011482432,1.0,0.8327239488117002,1.0,0.9047619047619048,0.9761904761904762,0.0,0.8946986607142858,1.0,0.9583333333333333
north_lanarkshire_2012_ward3,stv,8,0.8583271276906534,1.0,0.9071020925808497,1.0,0.8937486481535643,1.0,0.9462870085746641,1.0,0.9047619047619048,0.9523809523809523,0.0,0.8996837797619048,1.0,0.875
north_lanarkshire_2012_ward3,ranked-pairs,8,0.9671515391566023,1.0,0.9946940805836509,1.0,0.9671515391566023,1.0,0.9946940805836509,1.0,0.9523809523809523,0.9940476190476191,0.0,0.9776785714285714,1.0,0.9583333333333333
north_ayrshire_2022_saltcoats_and_stevenston,borda,8,0.8991212680571299,1.0,0.9514097180563885,1.0,1.0,1.0,1.0,1.0,0.9523809523809523,0.9940476190476191,0.0,0.9707775297619048,1.0,1.0
north_ayrshire_2022_saltcoats_and_stevenston,3-approval,8,0.8991212680571299,1.0,0.9514097180563885,1.0,1.0,1.0,1.0,1.0,0.9523809523809523,0.9880952380952381,0.0,0.9501488095238095,1.0,1.0
north_ayrshire_2022_saltcoats_and_stevenston,2-approval,8,0.8037372872715699,1.0,0.8313863476425051,1.0,0.8037372872715699,1.0,0.8313863476425051,1.0,0.9047619047619048,0.9761904761904762,0.0,0.9091517857142858,1.0,0.9375
north_ayrshire_2022_saltcoats_and_stevenston,plurality,8,0.666045577658767,1.0,0.5989186532317522,1.0,0.8037372872715699,1.0,0.8313863476425051,1.0,0.8571428571428572,0.9404761904761905,0.0,0.8763950892857144,1.0,1.0
north_ayrshire_2022_saltcoats_and_stevenston,stv,8,0.8037372872715699,1.0,0.8313863476425051,1.0,0.8037372872715699,1.0,0.8313863476425051,1.0,0.8571428571428572,0.9285714285714286,0.0,0.8809709821428573,1.0,0.96875
north_ayrshire_2022_saltcoats_and_stevenston,ranked-pairs,8,1.0,1.0,1.0,1.0,1.0,1.0,1.0,1.0,1.0,1.0,1.0,1.0,1.0,1.0
renfrewshire_2017_ward1,borda,8,0.9191335112930242,1.0,0.9684095860566448,1.0,1.0,1.0,1.0,1.0,0.9047619047619048,0.9761904761904762,0.0,0.9587611607142856,1.0,1.0
renfrewshire_2017_ward1,3-approval,8,0.8186781725555748,1.0,0.8536501966148057,1.0,1.0,1.0,1.0,1.0,0.8571428571428572,0.9464285714285714,0.0,0.8807477678571429,1.0,1.0
renfrewshire_2017_ward1,2-approval,8,0.8583449506995677,1.0,0.9071240105540895,1.0,1.0,1.0,1.0,1.0,0.9047619047619048,0.9583333333333334,0.0,0.8283854166666668,1.0,1.0
renfrewshire_2017_ward1,plurality,8,0.725026419935855,1.0,0.7017736619055094,1.0,0.725026419935855,1.0,0.7017736619055094,1.0,0.8571428571428572,0.9404761904761905,0.0,0.8562127976190477,1.0,0.9583333333333333
renfrewshire_2017_ward1,stv,8,0.725026419935855,1.0,0.7017736619055094,1.0,0.725026419935855,1.0,0.7017736619055094,1.0,0.7619047619047619,0.9166666666666667,0.0,0.8757812500000001,1.0,0.9166666666666666
renfrewshire_2017_ward1,ranked-pairs,8,1.0,1.0,1.0,1.0,1.0,1.0,1.0,1.0,1.0,1.0,1.0,1.0,1.0,1.0
fife_2022_ward17,borda,8,1.0,1.0,1.0,1.0,1.0,1.0,1.0,1.0,1.0,1.0,1.0,1.0,1.0,1.0
fife_2022_ward17,3-approval,8,1.0,1.0,1.0,1.0,1.0,1.0,1.0,1.0,1.0,1.0,1.0,1.0,1.0,1.0
fife_2022_ward17,2-approval,8,0.7876809750902912,1.0,0.8064144973392781,1.0,1.0,1.0,1.0,1.0,0.9047619047619048,0.9761904761904762,0.0,0.9660528273809523,1.0,1.0
fife_2022_ward17,plurality,8,0.6960523709282687,1.0,0.6513278990270839,1.0,1.0,1.0,1.0,1.0,0.9047619047619048,0.9702380952380952,0.0,0.902325148809524,1.0,1.0
fife_2022_ward17,stv,8,0.6960523709282687,1.0,0.6513278990270839,1.0,1.0,1.0,1.0,1.0,0.9523809523809523,0.9761904761904762,0.0,0.9232142857142858,1.0,1.0
fife_2022_ward17,ranked-pairs,8,1.0,1.0,1.0,1.0,1.0,1.0,1.0,1.0,1.0,1.0,1.0,1.0,1.0,1.0
highland_2017_ward1,borda,8,0.9058089820819171,1.0,0.9574616457461645,1.0,1.0,1.0,1.0,1.0,1.0,1.0,0.0,0.9895833333333334,1.0,1.0
highland_2017_ward1,3-approval,8,0.9058089820819171,1.0,0.9574616457461645,1.0,1.0,1.0,1.0,1.0,0.9523809523809523,0.9940476190476191,0.0,0.9483816964285714,1.0,1.0
highland_2017_ward1,2-approval,8,0.866298541927677,1.0,0.9166951177876408,1.0,0.8668557922180984,1.0,0.9173497267759563,1.0,0.9523809523809523,0.9940476190476191,0.0,0.9030691964285715,1.0,1.0
highland_2017_ward1,plurality,8,0.734058954009592,1.0,0.7173447537473232,1.0,0.7439866455328072,1.0,0.7343219029966018,1.0,0.8571428571428572,0.9404761904761905,0.0,0.8361607142857144,1.0,0.875
highland_2017_ward1,stv,8,0.866298541927677,1.0,0.9166951177876408,1.0,0.866298541927677,1.0,0.9166951177876408,1.0,0.9523809523809523,0.9880952380952381,0.0,0.9356956845238095,1.0,0.9375
highland_2017_ward1,ranked-pairs,8,1.0,1.0,1.0,1.0,1.0,1.0,1.0,1.0,1.0,1.0,1.0,1.0,1.0,1.0
dundee_2022_ward5,borda,8,0.8971537727293608,1.0,0.9495603887089312,1.0,1.0,1.0,1.0,1.0,1.0,1.0,0.9,0.999609375,1.0,1.0
dundee_2022_ward5,3-approval,8,0.8971537727293608,1.0,0.9495603887089312,1.0,1.0,1.0,1.0,1.0,1.0,1.0,0.8,0.9795572916666666,1.0,1.0
dundee_2022_ward5,2-approval,8,0.8971537727293608,1.0,0.9495603887089312,1.0,1.0,1.0,1.0,1.0,0.9523809523809523,0.9940476190476191,0.0,0.9572358630952381,1.0,1.0
dundee_2022_ward5,plurality,8,0.7345506474986431,1.0,0.7181892332789561,1.0,1.0,1.0,1.0,1.0,0.8571428571428572,0.9523809523809523,0.0,0.8882254464285715,1.0,1.0
dundee_2022_ward5,stv,8,0.7197581430344447,1.0,0.6926476496584973,1.0,1.0,1.0,1.0,1.0,0.8571428571428572,0.9464285714285714,0.0,0.8540550595238096,1.0,1.0
dundee_2022_ward5,ranked-pairs,8,1.0,1.0,1.0,1.0,1.0,1.0,1.0,1.0,1.0,1.0,1.0,1.0,1.0,1.0
clackmannanshire_2017_ward2,borda,8,0.8938806828837479,1.0,0.946415640839971,1.0,1.0,1.0,1.0,1.0,0.8571428571428572,0.9523809523809523,0.0,0.9500744047619047,1.0,0.8958333333333333
clackmannanshire_2017_ward2,3-approval,8,0.8938806828837479,1.0,0.946415640839971,1.0,1.0,1.0,1.0,1.0,0.9523809523809523,0.9642857142857143,0.0,0.9093005952380954,1.0,1.0
clackmannanshire_2017_ward2,2-approval,8,0.8129999977031745,1.0,0.8453089244851258,1.0,0.8481776869784627,1.0,0.8942917547568708,1.0,0.7619047619047619,0.9107142857142857,0.0,0.8309337797619046,1.0,0.8333333333333333
clackmannanshire_2017_ward2,plurality,8,0.7910448934699467,1.0,0.8117277016400809,1.0,0.8481776869784627,1.0,0.8942917547568708,1.0,0.8095238095238095,0.9285714285714286,0.0,0.826543898809524,1.0,0.9583333333333333
clackmannanshire_2017_ward2,stv,8,0.7910448934699467,1.0,0.8117277016400809,1.0,0.8481776869784627,1.0,0.8942917547568708,1.0,0.8571428571428572,0.9226190476190477,0.0,0.8215401785714286,1.0,0.9583333333333333
clackmannanshire_2017_ward2,ranked-pairs,8,1.0,1.0,1.0,1.0,1.0,1.0,1.0,1.0,1.0,1.0,1.0,1.0,1.0,1.0
stirling_2017_ward4,borda,8,0.8844100522499275,1.0,0.9368465077373485,1.0,1.0,1.0,1.0,1.0,0.9047619047619048,0.9761904761904762,0.0,0.9523809523809523,1.0,0.9583333333333333
stirling_2017_ward4,3-approval,8,0.8844100522499275,1.0,0.9368465077373485,1.0,1.0,1.0,1.0,1.0,0.9523809523809523,0.9761904761904762,0.0,0.9178757440476191,1.0,1.0
stirling_2017_ward4,2-approval,8,0.8516356311400913,1.0,0.898728987289873,1.0,0.8531724656908589,1.0,0.9006772009029346,1.0,0.8571428571428572,0.9642857142857143,0.0,0.8710193452380953,1.0,0.9166666666666666
stirling_2017_ward4,plurality,8,0.7539505963688242,1.0,0.7511816978634903,1.0,0.8531724656908589,1.0,0.9006772009029346,1.0,0.9523809523809523,0.9702380952380952,0.0,0.8752418154761906,1.0,1.0
stirling_2017_ward4,stv,8,0.7539505963688242,1.0,0.7511816978634903,1.0,0.8531724656908589,1.0,0.9006772009029346,1.0,0.8571428571428572,0.9523809523809523,0.0,0.8650483630952382,1.0,1.0
stirling_2017_ward4,ranked-pairs,8,1.0,1.0,1.0,1.0,1.0,1.0,1.0,1.0,1.0,1.0,1.0,1.0,1.0,1.0
midlothian_2022_ward6,borda,8,0.8980362542175704,1.0,0.9503937007874015,1.0,0.8980362542175704,1.0,0.9503937007874015,1.0,0.9523809523809523,0.9880952380952381,0.6666666666666667,0.9893415178571429,1.0,1.0
midlothian_2022_ward6,3-approval,8,0.8980362542175704,1.0,0.9503937007874015,1.0,0.8980362542175704,1.0,0.9503937007874015,1.0,0.9523809523809523,0.9821428571428571,0.8333333333333334,0.9800409226190476,1.0,1.0
midlothian_2022_ward6,2-approval,8,0.7572613559762262,1.0,0.7567375886524821,1.0,0.9378930553484746,1.0,0.9812037592481504,1.0,0.9047619047619048,0.9404761904761905,0.0,0.8724888392857144,1.0,0.8958333333333334
midlothian_2022_ward6,plurality,8,0.597242667533223,1.0,0.48190248279988035,1.0,0.9378930553484746,1.0,0.9812037592481504,1.0,0.8571428571428572,0.9702380952380952,0.0,0.8838355654761906,1.0,0.9375
midlothian_2022_ward6,stv,8,0.7572613559762262,1.0,0.7567375886524821,1.0,0.9378930553484746,1.0,0.9812037592481504,1.0,0.8571428571428572,0.9523809523809523,0.0,0.9008556547619049,1.0,0.9375
midlothian_2022_ward6,ranked-pairs,8,1.0,1.0,1.0,1.0,1.0,1.0,1.0,1.0,1.0,1.0,1.0,1.0,1.0,1.0
north_lanarkshire_2017_ward4,borda,8,0.8342591280245594,1.0,0.8757115749525617,1.0,0.8362114491493512,1.0,0.8783847980997624,1.0,0.9523809523809523,0.9940476190476191,0.0,0.9719494047619047,1.0,1.0
north_lanarkshire_2017_ward4,3-approval,8,0.8342591280245594,1.0,0.8757115749525617,1.0,0.8362114491493512,1.0,0.8783847980997624,1.0,0.9523809523809523,0.9821428571428571,0.8,0.9667596726190476,1.0,1.0
north_lanarkshire_2017_ward4,2-approval,8,0.8342591280245594,1.0,0.8757115749525617,1.0,0.8362114491493512,1.0,0.8783847980997624,1.0,1.0,1.0,0.6666666666666667,0.964453125,1.0,1.0
north_lanarkshire_2017_ward4,plurality,8,0.7093110525224605,1.0,0.6744776962168266,1.0,1.0,1.0,1.0,1.0,0.9047619047619048,0.9642857142857143,0.0,0.9043526785714286,1.0,0.9270833333333333
north_lanarkshire_2017_ward4,stv,8,0.6660163496573234,1.0,0.5988677719369188,1.0,1.0,1.0,1.0,1.0,0.9047619047619048,0.9642857142857143,0.0,0.879482886904762,1.0,0.9583333333333333
north_lanarkshire_2017_ward4,ranked-pairs,8,0.8891532926325908,1.0,0.9417253232935013,1.0,1.0,1.0,1.0,1.0,0.9523809523809523,0.9940476190476191,0.0,0.9776785714285714,1.0,1.0
east_lothian_2022_ward2,borda,8,0.9497008405379557,1.0,0.98761801578703,1.0,1.0,1.0,1.0,1.0,1.0,1.0,1.0,1.0,1.0,1.0
east_lothian_2022_ward2,3-approval,8,0.8519606693049884,1.0,0.8991422656018929,1.0,1.0,1.0,1.0,1.0,0.9523809523809523,0.9821428571428571,0.0,0.922358630952381,1.0,1.0
east_lothian_2022_ward2,2-approval,8,0.9497008405379557,1.0,0.98761801578703,1.0,1.0,1.0,1.0,1.0,0.9047619047619048,0.9702380952380952,0.33333333333333337,0.9495907738095237,1.0,1.0
east_lothian_2022_ward2,plurality,8,0.6665808099500977,1.0,0.5998505045471534,1.0,0.8121552840528317,1.0,0.844055140723722,1.0,0.8571428571428572,0.9464285714285714,0.0,0.8674665178571429,1.0,0.9583333333333333
east_lothian_2022_ward2,stv,8,0.6665808099500977,1.0,0.5998505045471534,1.0,0.8121552840528317,1.0,0.844055140723722,1.0,0.8571428571428572,0.9523809523809523,0.0,0.8883556547619048,1.0,0.9583333333333333
east_lothian_2022_ward2,ranked-pairs,8,1.0,1.0,1.0,1.0,1.0,1.0,1.0,1.0,1.0,1.0,1.0,1.0,1.0,1.0
edinburgh_2012_ward15,borda,8,1.0,1.0,1.0,1.0,1.0,1.0,1.0,1.0,1.0,1.0,1.0,1.0,1.0,1.0
edinburgh_2012_ward15,3-approval,8,1.0,1.0,1.0,1.0,1.0,1.0,1.0,1.0,1.0,1.0,0.8333333333333334,0.9890625,1.0,1.0
edinburgh_2012_ward15,2-approval,8,0.8748656656452346,1.0,0.9265205310280951,1.0,1.0,1.0,1.0,1.0,0.9523809523809523,0.9821428571428571,0.0,0.9633742559523809,1.0,1.0
edinburgh_2012_ward15,plurality,8,0.7981330138077005,1.0,0.8227848101265822,1.0,0.7981330138077005,1.0,0.8227848101265822,1.0,0.9047619047619048,0.9761904761904762,0.0,0.9230840773809523,1.0,0.9583333333333333
edinburgh_2012_ward15,stv,8,0.7981330138077005,1.0,0.8227848101265822,1.0,0.7981330138077005,1.0,0.8227848101265822,1.0,0.9523809523809523,0.9702380952380952,0.0,0.9144345238095238,1.0,0.9166666666666666
edinburgh_2012_ward15,ranked-pairs,8,1.0,1.0,1.0,1.0,1.0,1.0,1.0,1.0,1.0,1.0,1.0,1.0,1.0,1.0
east_renfrewshire_2012_ward2,borda,8,1.0,1.0,1.0,1.0,1.0,1.0,1.0,1.0,1.0,1.0,1.0,1.0,1.0,1.0
east_renfrewshire_2012_ward2,3-approval,8,1.0,1.0,1.0,1.0,1.0,1.0,1.0,1.0,1.0,1.0,0.8333333333333334,0.9993489583333334,1.0,1.0
east_renfrewshire_2012_ward2,2-approval,8,1.0,1.0,1.0,1.0,1.0,1.0,1.0,1.0,1.0,1.0,0.6666666666666667,0.9973958333333334,1.0,1.0
east_renfrewshire_2012_ward2,plurality,8,0.8156756829418638,1.0,0.849258523161596,1.0,0.8527113815967788,1.0,0.9000942507068802,1.0,0.8571428571428572,0.9404761904761905,0.0,0.9056919642857144,1.0,0.9583333333333333
east_renfrewshire_2012_ward2,stv,8,0.86574795591253,1.0,0.916046253762078,1.0,1.0,1.0,1.0,1.0,0.9047619047619048,0.9583333333333334,0.0,0.950390625,1.0,0.9166666666666666
east_renfrewshire_2012_ward2,ranked-pairs,8,1.0,1.0,1.0,1.0,1.0,1.0,1.0,1.0,1.0,1.0,1.0,1.0,1.0,1.0
stirling_2022_ward1,borda,8,1.0,1.0,1.0,1.0,1.0,1.0,1.0,1.0,0.9047619047619048,0.9761904761904762,0.0,0.9531622023809524,1.0,0.8541666666666666
stirling_2022_ward1,3-approval,8,0.929830477358678,1.0,0.976089755379805,1.0,0.929830477358678,1.0,0.976089755379805,1.0,0.9523809523809523,0.9761904761904762,0.0,0.967485119047619,1.0,0.8125
stirling_2022_ward1,2-approval,8,0.929830477358678,1.0,0.976089755379805,1.0,0.929830477358678,1.0,0.976089755379805,1.0,0.9047619047619048,0.9702380952380952,0.0,0.9639136904761905,1.0,0.8958333333333333
stirling_2022_ward1,plurality,8,0.8010063109534408,1.0,0.8272108843537416,1.0,1.0,1.0,1.0,1.0,0.8095238095238095,0.9702380952380952,0.0,0.8930803571428573,1.0,0.9375
stirling_2022_ward1,stv,8,0.8082072182770028,1.0,0.838152266894782,1.0,0.929830477358678,1.0,0.976089755379805,1.0,0.9047619047619048,0.9642857142857143,0.0,0.9135974702380953,1.0,0.9375
stirling_2022_ward1,ranked-pairs,8,1.0,1.0,1.0,1.0,1.0,1.0,1.0,1.0,1.0,1.0,1.0,1.0,1.0,1.0
north_ayrshire_2012_ward4,borda,8,0.9738228003088784,1.0,0.996626054358013,1.0,1.0,1.0,1.0,1.0,0.9523809523809523,0.9940476190476191,0.0,0.9776785714285714,1.0,1.0
north_ayrshire_2012_ward4,3-approval,8,0.9738228003088784,1.0,0.996626054358013,1.0,1.0,1.0,1.0,1.0,0.9523809523809523,0.9761904761904762,0.0,0.9673549107142857,1.0,1.0
north_ayrshire_2012_ward4,2-approval,8,0.8721291261597954,1.0,0.9234380642831347,1.0,1.0,1.0,1.0,1.0,0.9047619047619048,0.9642857142857143,0.0,0.9449776785714286,1.0,1.0
north_ayrshire_2012_ward4,plurality,8,0.7197735620742866,1.0,0.6926744001271254,1.0,0.8330405611655397,1.0,0.8740323715693173,1.0,0.8571428571428572,0.9642857142857143,0.0,0.880654761904762,1.0,0.9583333333333333
north_ayrshire_2012_ward4,stv,8,0.8330405611655397,1.0,0.8740323715693173,1.0,0.8330405611655397,1.0,0.8740323715693173,1.0,0.9047619047619048,0.9821428571428571,0.0,0.9175409226190476,1.0,0.9583333333333333
north_ayrshire_2012_ward4,ranked-pairs,8,1.0,1.0,1.0,1.0,1.0,1.0,1.0,1.0,1.0,1.0,1.0,1.0,1.0,1.0
highland_2012_ward4,borda,8,0.9331601795877803,1.0,0.9782729805013926,1.0,0.9331601795877803,1.0,0.9782729805013926,1.0,0.9047619047619048,0.9761904761904762,0.0,0.9669642857142857,1.0,0.875
highland_2012_ward4,3-approval,8,0.9331601795877803,1.0,0.9782729805013926,1.0,0.9331601795877803,1.0,0.9782729805013926,1.0,0.9047619047619048,0.9583333333333334,0.0,0.936328125,1.0,0.875
highland_2012_ward4,2-approval,8,0.9331601795877803,1.0,0.9782729805013926,1.0,0.9331601795877803,1.0,0.9782729805013926,1.0,1.0,1.0,0.0,0.9576822916666666,1.0,1.0
highland_2012_ward4,plurality,8,0.8037176068830394,1.0,0.8313563692625064,1.0,0.9331601795877803,1.0,0.9782729805013926,1.0,0.9047619047619048,0.9880952380952381,0.0,0.9254092261904762,1.0,1.0
highland_2012_ward4,stv,8,0.8037176068830394,1.0,0.8313563692625064,1.0,0.9331601795877803,1.0,0.9782729805013926,1.0,0.9047619047619048,0.9642857142857143,0.0,0.916982886904762,1.0,1.0
highland_2012_ward4,ranked-pairs,8,1.0,1.0,1.0,1.0,1.0,1.0,1.0,1.0,1.0,1.0,1.0,1.0,1.0,1.0
south_lanarkshire_2022_ward14,borda,8,0.9457310063466128,1.0,0.98560591324645,1.0,0.9457310063466128,1.0,0.98560591324645,1.0,0.9523809523809523,0.9761904761904762,0.0,0.9720424107142858,1.0,1.0
south_lanarkshire_2022_ward14,3-approval,8,0.8522552041584243,1.0,0.8995161890584294,1.0,1.0,1.0,1.0,1.0,0.9047619047619048,0.9523809523809523,0.0,0.9045014880952382,1.0,0.6458333333333333
south_lanarkshire_2022_ward14,2-approval,8,0.7623179520412853,1.0,0.7651737852325782,1.0,1.0,1.0,1.0,1.0,0.9523809523809523,0.9761904761904762,0.0,0.8997767857142858,1.0,1.0
south_lanarkshire_2022_ward14,plurality,8,0.7623179520412853,1.0,0.7651737852325782,1.0,1.0,1.0,1.0,1.0,0.9047619047619048,0.9702380952380952,0.0,0.9209449404761906,1.0,0.9375
south_lanarkshire_2022_ward14,stv,8,0.7623179520412853,1.0,0.7651737852325782,1.0,1.0,1.0,1.0,1.0,0.9047619047619048,0.9583333333333334,0.0,0.9083333333333334,1.0,0.9375
south_lanarkshire_2022_ward14,ranked-pairs,8,1.0,1.0,1.0,1.0,1.0,1.0,1.0,1.0,1.0,1.0,1.0,1.0,1.0,1.0
orkney_2017_ward6,borda,8,0.9523945866698614,1.0,0.988899167437558,1.0,1.0,1.0,1.0,1.0,1.0,1.0,1.0,1.0,1.0,1.0
orkney_2017_ward6,3-approval,8,0.9523945866698614,1.0,0.988899167437558,1.0,1.0,1.0,1.0,1.0,1.0,1.0,1.0,1.0,1.0,1.0
orkney_2017_ward6,2-approval,8,0.8418352935003258,1.0,0.8859649122807018,1.0,1.0,1.0,1.0,1.0,0.9047619047619048,0.9642857142857143,0.0,0.9352120535714286,1.0,1.0
orkney_2017_ward6,plurality,8,0.7936912814190266,1.0,0.8158783783783785,1.0,1.0,1.0,1.0,1.0,0.9047619047619048,0.9702380952380952,0.0,0.9437313988095237,1.0,1.0
orkney_2017_ward6,stv,8,0.7936912814190266,1.0,0.8158783783783785,1.0,1.0,1.0,1.0,1.0,0.9523809523809523,0.9761904761904762,0.0,0.940922619047619,1.0,1.0
orkney_2017_ward6,ranked-pairs,8,1.0,1.0,1.0,1.0,1.0,1.0,1.0,1.0,1.0,1.0,1.0,1.0,1.0,1.0
south_ayrshire_2022_ward1,borda,8,0.9271461398405342,1.0,0.9742574257425743,1.0,0.9271461398405342,1.0,0.9742574257425743,1.0,0.9047619047619048,0.9880952380952381,0.0,0.9355654761904761,1.0,0.9583333333333334
south_ayrshire_2022_ward1,3-approval,8,0.8746720257850026,1.0,0.9263041678167264,1.0,0.8746720257850026,1.0,0.9263041678167264,1.0,0.8571428571428572,0.9226190476190477,0.0,0.8138578869047617,1.0,0.8020833333333334
south_ayrshire_2022_ward1,2-approval,8,0.8746720257850026,1.0,0.9263041678167264,1.0,0.8746720257850026,1.0,0.9263041678167264,1.0,0.9047619047619048,0.9404761904761905,0.0,0.8478794642857144,1.0,0.9166666666666667
south_ayrshire_2022_ward1,plurality,8,0.9271461398405342,1.0,0.9742574257425743,1.0,0.9271461398405342,1.0,0.9742574257425743,1.0,0.8571428571428572,0.9464285714285714,0.0,0.8786644345238096,1.0,0.9583333333333334
south_ayrshire_2022_ward1,stv,8,0.9271461398405342,1.0,0.9742574257425743,1.0,0.9271461398405342,1.0,0.9742574257425743,1.0,0.8095238095238095,0.9464285714285714,0.0,0.878404017857143,1.0,0.9583333333333334
south_ayrshire_2022_ward1,ranked-pairs,8,0.9271461398405342,1.0,0.9742574257425743,1.0,0.9271461398405342,1.0,0.9742574257425743,1.0,0.9047619047619048,0.9880952380952381,0.0,0.9702008928571428,1.0,0.9583333333333334
south_lanarkshire_2012_ward6,borda,8,1.0,1.0,1.0,1.0,1.0,1.0,1.0,1.0,0.9523809523809523,0.9940476190476191,0.6666666666666667,0.9925223214285714,1.0,1.0
south_lanarkshire_2012_ward6,3-approval,8,1.0,1.0,1.0,1.0,1.0,1.0,1.0,1.0,1.0,1.0,0.8333333333333334,0.985546875,1.0,1.0
south_lanarkshire_2012_ward6,2-approval,8,0.8914092940259384,1.0,0.9439853076216714,1.0,1.0,1.0,1.0,1.0,0.9523809523809523,0.9880952380952381,0.0,0.9597842261904762,1.0,1.0
south_lanarkshire_2012_ward6,plurality,8,0.8719497502251223,1.0,0.9232341585282762,1.0,1.0,1.0,1.0,1.0,0.9523809523809523,0.9880952380952381,0.0,0.9487165178571428,1.0,0.9375
south_lanarkshire_2012_ward6,stv,8,0.8719497502251223,1.0,0.9232341585282762,1.0,1.0,1.0,1.0,1.0,0.9523809523809523,0.9880952380952381,0.0,0.9415550595238095,1.0,0.9375
south_lanarkshire_2012_ward6,ranked-pairs,8,1.0,1.0,1.0,1.0,1.0,1.0,1.0,1.0,1.0,1.0,1.0,1.0,1.0,1.0
glasgow_2012_ward7,borda,8,0.9623339119875498,1.0,0.9930313588850174,1.0,1.0,1.0,1.0,1.0,1.0,1.0,1.0,1.0,1.0,1.0
glasgow_2012_ward7,3-approval,8,0.9623339119875498,1.0,0.9930313588850174,1.0,1.0,1.0,1.0,1.0,0.9523809523809523,0.9940476190476191,0.5,0.9543712797619048,1.0,1.0
glasgow_2012_ward7,2-approval,8,0.9545016882054002,1.0,0.9898536019713001,1.0,1.0,1.0,1.0,1.0,0.9523809523809523,0.9940476190476191,0.0,0.9511160714285714,1.0,1.0
glasgow_2012_ward7,plurality,8,0.9623339119875498,1.0,0.9930313588850174,1.0,1.0,1.0,1.0,1.0,0.9047619047619048,0.9702380952380952,0.0,0.9613095238095238,1.0,0.8541666666666666
glasgow_2012_ward7,stv,8,0.780378371034484,1.0,0.7947444110341221,1.0,0.780378371034484,1.0,0.7947444110341221,1.0,0.9523809523809523,0.9880952380952381,0.0,0.9496279761904761,1.0,0.9375
glasgow_2012_ward7,ranked-pairs,8,1.0,1.0,1.0,1.0,1.0,1.0,1.0,1.0,1.0,1.0,1.0,1.0,1.0,1.0
highland_2017_ward17,borda,8,1.0,1.0,1.0,1.0,1.0,1.0,1.0,1.0,1.0,1.0,0.6666666666666667,0.998046875,1.0,1.0
highland_2017_ward17,3-approval,8,1.0,1.0,1.0,1.0,1.0,1.0,1.0,1.0,1.0,1.0,0.8333333333333334,0.9981770833333333,1.0,1.0
highland_2017_ward17,2-approval,8,0.8281365251296773,1.0,0.8671932856084916,1.0,0.8740986321816913,1.0,0.9256619144602852,1.0,0.8095238095238095,0.9404761904761905,0.0,0.8736607142857145,1.0,0.8958333333333333
highland_2017_ward17,plurality,8,0.7826433590916329,1.0,0.7983832620066571,1.0,0.7826433590916329,1.0,0.7983832620066571,1.0,0.8571428571428572,0.9345238095238095,0.0,0.8367559523809525,1.0,0.8125
highland_2017_ward17,stv,8,0.8281365251296773,1.0,0.8671932856084916,1.0,1.0,1.0,1.0,1.0,0.8095238095238095,0.9285714285714286,0.0,0.8712053571428573,1.0,0.9375
highland_2017_ward17,ranked-pairs,8,1.0,1.0,1.0,1.0,1.0,1.0,1.0,1.0,1.0,1.0,1.0,1.0,1.0,1.0
aberdeenshire_2017_ward19,borda,8,1.0,1.0,1.0,1.0,1.0,1.0,1.0,1.0,0.9523809523809523,0.9821428571428571,0.0,0.9456659226190476,1.0,1.0
aberdeenshire_2017_ward19,3-approval,8,1.0,1.0,1.0,1.0,1.0,1.0,1.0,1.0,1.0,1.0,0.0,0.9411458333333333,1.0,1.0
aberdeenshire_2017_ward19,2-approval,8,0.8666491955607848,1.0,0.9171072829609416,1.0,0.8666491955607848,1.0,0.9171072829609416,1.0,0.9523809523809523,0.9880952380952381,0.0,0.9182477678571429,1.0,1.0
aberdeenshire_2017_ward19,plurality,8,0.7543601584737164,1.0,0.7518703241895262,1.0,0.7801524828652571,1.0,0.7943805874840358,1.0,0.7619047619047619,0.9702380952380952,0.0,0.8417782738095237,1.0,0.9583333333333333
aberdeenshire_2017_ward19,stv,8,0.867487080267963,1.0,0.9180887372013653,1.0,1.0,1.0,1.0,1.0,0.8571428571428572,0.9345238095238095,0.0,0.9120163690476192,1.0,0.9583333333333334
aberdeenshire_2017_ward19,ranked-pairs,8,1.0,1.0,1.0,1.0,1.0,1.0,1.0,1.0,1.0,1.0,1.0,1.0,1.0,1.0
east_ayrshire_2017_ward6,borda,8,0.953157586633843,1.0,0.9892496237368307,1.0,1.0,1.0,1.0,1.0,1.0,1.0,0.0,0.9774739583333334,1.0,1.0
east_ayrshire_2017_ward6,3-approval,8,0.9675618652884189,1.0,0.9948253557567918,1.0,1.0,1.0,1.0,1.0,0.9523809523809523,0.9821428571428571,0.0,0.9271763392857143,1.0,1.0
east_ayrshire_2017_ward6,2-approval,8,0.953157586633843,1.0,0.9892496237368307,1.0,1.0,1.0,1.0,1.0,0.9523809523809523,0.9761904761904762,0.0,0.9402715773809524,1.0,1.0
east_ayrshire_2017_ward6,plurality,8,0.7865153979982576,1.0,0.8045640725570508,1.0,0.7894105089972526,1.0,0.8091513492373874,1.0,0.8571428571428572,0.9761904761904762,0.0,0.8605840773809524,1.0,0.9375
east_ayrshire_2017_ward6,stv,8,0.7894105089972526,1.0,0.8091513492373874,1.0,0.8446621532358247,1.0,0.8897058823529411,1.0,0.8095238095238095,0.9583333333333334,0.0,0.8821614583333335,1.0,0.9375
east_ayrshire_2017_ward6,ranked-pairs,8,1.0,1.0,1.0,1.0,1.0,1.0,1.0,1.0,1.0,1.0,1.0,1.0,1.0,1.0
west_lothian_2017_ward3,borda,8,0.9189088888930534,1.0,0.9682375726275013,1.0,1.0,1.0,1.0,1.0,1.0,1.0,1.0,1.0,1.0,1.0
west_lothian_2017_ward3,3-approval,8,0.8611231719748923,1.0,0.9105151021431255,1.0,1.0,1.0,1.0,1.0,0.9047619047619048,0.9464285714285714,0.0,0.9577008928571429,1.0,1.0
west_lothian_2017_ward3,2-approval,8,0.7682783307809551,1.0,0.7750349324639031,1.0,0.7682783307809551,1.0,0.7750349324639031,1.0,0.8095238095238095,0.9226190476190477,0.0,0.8392485119047619,1.0,0.9166666666666666
west_lothian_2017_ward3,plurality,8,0.7676513624958691,1.0,0.7740020947282672,1.0,0.8611231719748923,1.0,0.9105151021431255,1.0,0.8571428571428572,0.9345238095238095,0.0,0.8414434523809523,1.0,0.8958333333333333
west_lothian_2017_ward3,stv,8,0.7676513624958691,1.0,0.7740020947282672,1.0,0.7864441186665803,1.0,0.8044507575757576,1.0,0.8571428571428572,0.9285714285714286,0.0,0.8029761904761904,1.0,0.9166666666666666
west_lothian_2017_ward3,ranked-pairs,8,1.0,1.0,1.0,1.0,1.0,1.0,1.0,1.0,1.0,1.0,1.0,1.0,1.0,1.0
highland_2012_ward19,borda,8,0.9374499964717756,1.0,0.9809380486581388,1.0,1.0,1.0,1.0,1.0,0.9523809523809523,0.9940476190476191,0.0,0.9688244047619048,1.0,1.0
highland_2012_ward19,3-approval,8,0.9374499964717756,1.0,0.9809380486581388,1.0,1.0,1.0,1.0,1.0,1.0,1.0,0.0,0.9705729166666667,1.0,1.0
highland_2012_ward19,2-approval,8,0.901385977182173,1.0,0.9534998763294583,1.0,1.0,1.0,1.0,1.0,0.9523809523809523,0.9940476190476191,0.0,0.927548363095238,1.0,1.0
highland_2012_ward19,plurality,8,0.74531896828024,1.0,0.7365875109938433,1.0,0.74531896828024,1.0,0.7365875109938433,1.0,0.8571428571428572,0.9583333333333334,0.0,0.8656250000000001,1.0,0.9583333333333334
highland_2012_ward19,stv,8,0.80002631598204,1.0,0.8257050392972722,1.0,1.0,1.0,1.0,1.0,0.8571428571428572,0.9464285714285714,0.0,0.8864769345238096,1.0,0.9583333333333333
highland_2012_ward19,ranked-pairs,8,1.0,1.0,1.0,1.0,1.0,1.0,1.0,1.0,1.0,1.0,1.0,1.0,1.0,1.0
clackmannanshire_2012_ward2,borda,8,0.9410276965888937,1.0,0.9830322933771208,1.0,1.0,1.0,1.0,1.0,0.9523809523809523,0.9940476190476191,0.8333333333333334,0.9887462797619048,1.0,1.0
clackmannanshire_2012_ward2,3-approval,8,0.8704376079831255,1.0,0.9215062317687616,1.0,1.0,1.0,1.0,1.0,0.9523809523809523,0.9702380952380952,0.0,0.9524553571428571,1.0,1.0
clackmannanshire_2012_ward2,2-approval,8,0.7312985941534131,1.0,0.7125974946821082,1.0,0.7312985941534131,1.0,0.7125974946821082,1.0,0.9047619047619048,0.9583333333333334,0.0,0.8826822916666668,1.0,0.8541666666666666
clackmannanshire_2012_ward2,plurality,8,0.7183629783283741,1.0,0.6902262654536973,1.0,0.7183629783283741,1.0,0.6902262654536973,1.0,0.7619047619047619,0.9047619047619048,0.0,0.7985863095238093,1.0,0.875
clackmannanshire_2012_ward2,stv,8,0.7183629783283741,1.0,0.6902262654536973,1.0,0.7183629783283741,1.0,0.6902262654536973,1.0,0.6666666666666667,0.875,0.0,0.7768229166666665,1.0,0.875
clackmannanshire_2012_ward2,ranked-pairs,8,1.0,1.0,1.0,1.0,1.0,1.0,1.0,1.0,1.0,1.0,1.0,1.0,1.0,1.0
sc_borders_2017_ward1,borda,8,1.0,1.0,1.0,1.0,1.0,1.0,1.0,1.0,1.0,1.0,1.0,1.0,1.0,1.0
sc_borders_2017_ward1,3-approval,8,1.0,1.0,1.0,1.0,1.0,1.0,1.0,1.0,1.0,1.0,0.8,0.9638020833333333,1.0,1.0
sc_borders_2017_ward1,2-approval,8,0.8547009667956103,1.0,0.9026000825423028,1.0,0.8547009667956103,1.0,0.9026000825423028,1.0,0.9523809523809523,0.9880952380952381,0.0,0.9528831845238095,1.0,0.875
sc_borders_2017_ward1,plurality,8,0.7737830991214016,1.0,0.7840557275541796,1.0,0.8547009667956103,1.0,0.9026000825423028,1.0,0.8571428571428572,0.9702380952380952,0.0,0.8834449404761906,1.0,1.0
sc_borders_2017_ward1,stv,8,0.7737830991214016,1.0,0.7840557275541796,1.0,0.8012286835959959,1.0,0.8275520317145688,1.0,0.8095238095238095,0.9523809523809523,0.0,0.8627046130952383,1.0,0.9375
sc_borders_2017_ward1,ranked-pairs,8,1.0,1.0,1.0,1.0,1.0,1.0,1.0,1.0,1.0,1.0,1.0,1.0,1.0,1.0
sc_borders_2022_ward7,borda,8,0.9520469730348673,1.0,0.9887376818395119,1.0,1.0,1.0,1.0,1.0,0.9523809523809523,0.9880952380952381,0.0,0.9699404761904762,1.0,1.0
sc_borders_2022_ward7,3-approval,8,0.9520469730348673,1.0,0.9887376818395119,1.0,1.0,1.0,1.0,1.0,0.9523809523809523,0.9702380952380952,0.0,0.9588355654761904,1.0,1.0
sc_borders_2022_ward7,2-approval,8,0.8584805761094992,1.0,0.9072907290729075,1.0,0.8584805761094992,1.0,0.9072907290729075,1.0,0.9523809523809523,0.9880952380952381,0.0,0.9429873511904762,1.0,0.9375
sc_borders_2022_ward7,plurality,8,0.7983937234601869,1.0,0.8231877823187783,1.0,0.7983937234601869,1.0,0.8231877823187783,1.0,0.7619047619047619,0.9523809523809523,0.0,0.8378348214285716,1.0,0.875
sc_borders_2022_ward7,stv,8,0.7983937234601869,1.0,0.8231877823187783,1.0,0.7983937234601869,1.0,0.8231877823187783,1.0,0.8571428571428572,0.9642857142857143,0.0,0.8628162202380953,1.0,0.875
sc_borders_2022_ward7,ranked-pairs,8,1.0,1.0,1.0,1.0,1.0,1.0,1.0,1.0,1.0,1.0,1.0,1.0,1.0,1.0
highland_2017_ward19,borda,8,0.9312925103017636,1.0,0.9770606531881805,1.0,1.0,1.0,1.0,1.0,0.9523809523809523,0.9642857142857143,0.0,0.9604724702380952,1.0,1.0
highland_2017_ward19,3-approval,8,0.9610612261747384,1.0,0.9925548589341694,1.0,1.0,1.0,1.0,1.0,0.8571428571428572,0.9464285714285714,0.0,0.9129092261904763,1.0,1.0
highland_2017_ward19,2-approval,8,0.7984237227775607,1.0,0.8232341340982432,1.0,0.8470257549650847,1.0,0.8927973199329984,1.0,0.9047619047619048,0.9345238095238095,0.0,0.732328869047619,1.0,1.0
highland_2017_ward19,plurality,8,0.7992714862964205,1.0,0.8245425188374597,1.0,0.8522537795504479,1.0,0.8995143817706387,1.0,0.7619047619047619,0.9702380952380952,0.0,0.8488095238095239,1.0,0.9583333333333334
highland_2017_ward19,stv,8,0.7992714862964205,1.0,0.8245425188374597,1.0,0.8522537795504479,1.0,0.8995143817706387,1.0,0.8571428571428572,0.9583333333333334,0.0,0.8625,1.0,0.9583333333333334
highland_2017_ward19,ranked-pairs,8,1.0,1.0,1.0,1.0,1.0,1.0,1.0,1.0,1.0,1.0,1.0,1.0,1.0,1.0
fife_2012_ward15,borda,8,1.0,1.0,1.0,1.0,1.0,1.0,1.0,1.0,1.0,1.0,0.6666666666666667,0.9946614583333333,1.0,1.0
fife_2012_ward15,3-approval,8,0.8139484778912941,1.0,0.8467128027681661,1.0,1.0,1.0,1.0,1.0,0.8571428571428572,0.9404761904761905,0.0,0.922358630952381,1.0,1.0
fife_2012_ward15,2-approval,8,0.7714156619034593,1.0,0.7801867911941294,1.0,1.0,1.0,1.0,1.0,0.7619047619047619,0.9047619047619048,0.0,0.8642113095238096,1.0,1.0
fife_2012_ward15,plurality,8,0.7714156619034593,1.0,0.7801867911941294,1.0,1.0,1.0,1.0,1.0,0.9047619047619048,0.9642857142857143,0.0,0.8981026785714287,1.0,1.0
fife_2012_ward15,stv,8,0.7714156619034593,1.0,0.7801867911941294,1.0,1.0,1.0,1.0,1.0,0.8571428571428572,0.9404761904761905,0.0,0.8895461309523811,1.0,1.0
fife_2012_ward15,ranked-pairs,8,1.0,1.0,1.0,1.0,1.0,1.0,1.0,1.0,1.0,1.0,1.0,1.0,1.0,1.0
highland_2012_ward22,borda,8,0.94275273495685,1.0,0.984,1.0,1.0,1.0,1.0,1.0,0.9523809523809523,0.9880952380952381,0.0,0.9333519345238095,1.0,1.0
highland_2012_ward22,3-approval,8,0.8342818740648622,1.0,0.8757428417071854,1.0,1.0,1.0,1.0,1.0,0.8095238095238095,0.8809523809523809,0.0,0.8022693452380951,1.0,1.0
highland_2012_ward22,2-approval,8,0.8640247971596415,1.0,0.9140022050716647,1.0,0.8640247971596415,1.0,0.9140022050716647,1.0,0.9047619047619048,0.9523809523809523,0.0,0.8093191964285714,1.0,0.7916666666666666
highland_2012_ward22,plurality,8,0.8640247971596415,1.0,0.9140022050716647,1.0,0.8640247971596415,1.0,0.9140022050716647,1.0,0.8095238095238095,0.9404761904761905,0.0,0.7934523809523808,1.0,0.9166666666666666
highland_2012_ward22,stv,8,0.8640247971596415,1.0,0.9140022050716647,1.0,0.8845181112030851,1.0,0.9369595536959554,1.0,0.7619047619047619,0.9047619047619048,0.0,0.8172061011904761,1.0,0.8854166666666666
highland_2012_ward22,ranked-pairs,8,0.9735277379019547,1.0,0.9965497412305924,1.0,1.0,1.0,1.0,1.0,0.9523809523809523,0.9940476190476191,0.0,0.9776785714285714,1.0,1.0
south_lanarkshire_2017_ward14,borda,8,1.0,1.0,1.0,1.0,1.0,1.0,1.0,1.0,0.9523809523809523,0.9940476190476191,0.6666666666666667,0.9934337797619047,1.0,1.0
south_lanarkshire_2017_ward14,3-approval,8,1.0,1.0,1.0,1.0,1.0,1.0,1.0,1.0,1.0,1.0,0.6666666666666667,0.9856770833333334,1.0,1.0
south_lanarkshire_2017_ward14,2-approval,8,0.7128400027772376,1.0,0.680624556422995,1.0,1.0,1.0,1.0,1.0,0.8571428571428572,0.9345238095238095,0.0,0.8845424107142859,1.0,1.0
south_lanarkshire_2017_ward14,plurality,8,0.7058758141640582,1.0,0.6684868768715873,1.0,1.0,1.0,1.0,1.0,0.7619047619047619,0.9047619047619048,0.0,0.8354352678571426,1.0,0.9375
south_lanarkshire_2017_ward14,stv,8,0.7058758141640582,1.0,0.6684868768715873,1.0,1.0,1.0,1.0,1.0,0.8571428571428572,0.9464285714285714,0.0,0.9083519345238097,1.0,0.9375
south_lanarkshire_2017_ward14,ranked-pairs,8,1.0,1.0,1.0,1.0,1.0,1.0,1.0,1.0,1.0,1.0,1.0,1.0,1.0,1.0
south_lanarkshire_2022_ward3,borda,8,0.9113049628905696,1.0,0.9621591541457984,1.0,1.0,1.0,1.0,1.0,0.9523809523809523,0.9821428571428571,0.0,0.9705357142857143,1.0,1.0
south_lanarkshire_2022_ward3,3-approval,8,1.0,1.0,1.0,1.0,1.0,1.0,1.0,1.0,0.9523809523809523,0.9702380952380952,0.0,0.9626116071428571,1.0,1.0
south_lanarkshire_2022_ward3,2-approval,8,1.0,1.0,1.0,1.0,1.0,1.0,1.0,1.0,0.9523809523809523,0.9821428571428571,0.0,0.9688430059523809,1.0,1.0
south_lanarkshire_2022_ward3,plurality,8,0.7315535667394807,1.0,0.7130364372469635,1.0,0.8226398768960466,1.0,0.8593777465283883,1.0,0.8095238095238095,0.9523809523809523,0.0,0.8452566964285715,1.0,0.875
south_lanarkshire_2022_ward3,stv,8,0.8226398768960466,1.0,0.8593777465283883,1.0,0.8226398768960466,1.0,0.8593777465283883,1.0,0.8571428571428572,0.9642857142857143,0.0,0.8789620535714286,1.0,0.875
south_lanarkshire_2022_ward3,ranked-pairs,8,1.0,1.0,1.0,1.0,1.0,1.0,1.0,1.0,1.0,1.0,1.0,1.0,1.0,1.0
perth_kinross_2017_ward11,borda,8,0.9565014599339248,1.0,0.990720524017467,1.0,1.0,1.0,1.0,1.0,1.0,1.0,1.0,1.0,1.0,1.0
perth_kinross_2017_ward11,3-approval,8,0.9565014599339248,1.0,0.990720524017467,1.0,1.0,1.0,1.0,1.0,0.9523809523809523,0.9940476190476191,0.5,0.9780691964285714,1.0,1.0
perth_kinross_2017_ward11,2-approval,8,0.8990152534933464,1.0,0.951310861423221,1.0,0.8990152534933464,1.0,0.951310861423221,1.0,0.9523809523809523,0.9880952380952381,0.0,0.9459821428571428,1.0,0.875
perth_kinross_2017_ward11,plurality,8,0.7362440211838227,1.0,0.7210948560641812,1.0,0.7362440211838227,1.0,0.7210948560641812,1.0,0.9047619047619048,0.9761904761904762,0.0,0.916703869047619,1.0,0.9375
perth_kinross_2017_ward11,stv,8,0.7362440211838227,1.0,0.7210948560641812,1.0,0.8990152534933464,1.0,0.951310861423221,1.0,0.8571428571428572,0.9523809523809523,0.0,0.9196056547619048,1.0,0.9375
perth_kinross_2017_ward11,ranked-pairs,8,1.0,1.0,1.0,1.0,1.0,1.0,1.0,1.0,1.0,1.0,1.0,1.0,1.0,1.0
highland_2012_ward14,borda,8,1.0,1.0,1.0,1.0,1.0,1.0,1.0,1.0,1.0,1.0,1.0,1.0,1.0,1.0
highland_2012_ward14,3-approval,8,0.8290527039269703,1.0,0.8684807256235829,1.0,0.8290527039269703,1.0,0.8684807256235829,1.0,0.9523809523809523,0.9821428571428571,0.6666666666666667,0.9784784226190476,1.0,0.7916666666666666
highland_2012_ward14,2-approval,8,0.9167818480277758,1.0,0.9665871121718376,1.0,1.0,1.0,1.0,1.0,0.9523809523809523,0.9940476190476191,0.0,0.9577566964285714,1.0,1.0
highland_2012_ward14,plurality,8,0.7802609777981095,1.0,0.7945553539019964,1.0,1.0,1.0,1.0,1.0,0.9047619047619048,0.9702380952380952,0.0,0.9240699404761905,1.0,0.9375
highland_2012_ward14,stv,8,0.7802609777981095,1.0,0.7945553539019964,1.0,1.0,1.0,1.0,1.0,0.9047619047619048,0.9702380952380952,0.0,0.9214657738095239,1.0,1.0
highland_2012_ward14,ranked-pairs,8,1.0,1.0,1.0,1.0,1.0,1.0,1.0,1.0,1.0,1.0,1.0,1.0,1.0,1.0
aberdeen_2012_ward6,borda,9,1.0,1.0,1.0,1.0,1.0,1.0,1.0,1.0,1.0,1.0,1.0,1.0,1.0,1.0
aberdeen_2012_ward6,3-approval,9,1.0,1.0,1.0,1.0,1.0,1.0,1.0,1.0,1.0,1.0,1.0,1.0,1.0,1.0
aberdeen_2012_ward6,2-approval,9,1.0,1.0,1.0,1.0,1.0,1.0,1.0,1.0,1.0,1.0,1.0,1.0,1.0,1.0
aberdeen_2012_ward6,plurality,9,0.8302246765746361,1.0,0.870121130551817,1.0,1.0,1.0,1.0,1.0,0.9642857142857143,0.9880952380952381,0.0,0.9548316592261905,1.0,0.9444444444444444
aberdeen_2012_ward6,stv,9,0.8302246765746361,1.0,0.870121130551817,1.0,1.0,1.0,1.0,1.0,0.9642857142857143,0.9841269841269842,0.0,0.9682384672619048,1.0,0.9444444444444444
aberdeen_2012_ward6,ranked-pairs,9,1.0,1.0,1.0,1.0,1.0,1.0,1.0,1.0,1.0,1.0,1.0,1.0,1.0,1.0
edinburgh_2017_ward7,borda,9,0.8355843582051035,1.0,0.8775284624737484,1.0,0.8355843582051035,1.0,0.8775284624737484,1.0,0.9642857142857143,0.9880952380952381,0.6666666666666667,0.9803245907738095,1.0,0.9629629629629629
edinburgh_2017_ward7,3-approval,9,0.8355843582051035,1.0,0.8775284624737484,1.0,0.8355843582051035,1.0,0.8775284624737484,1.0,0.9285714285714286,0.9761904761904762,0.0,0.9422619047619047,1.0,0.8888888888888888
edinburgh_2017_ward7,2-approval,9,0.7303238330944836,1.0,0.7109186140209507,1.0,0.8360402709147121,1.0,0.8781512605042017,1.0,0.8214285714285714,0.9484126984126984,0.0,0.8374953497023812,1.0,0.9259259259259258
edinburgh_2017_ward7,plurality,9,0.6679014504799662,1.0,0.6021505376344086,1.0,0.7303238330944836,1.0,0.7109186140209507,1.0,0.8571428571428572,0.9444444444444444,0.0,0.7831008184523812,1.0,0.9444444444444444
edinburgh_2017_ward7,stv,9,0.7024594563939713,1.0,0.662523245571107,1.0,0.7303238330944836,1.0,0.7109186140209507,1.0,0.8571428571428572,0.9285714285714286,0.0,0.7965587797619049,1.0,0.8240740740740741
edinburgh_2017_ward7,ranked-pairs,9,1.0,1.0,1.0,1.0,1.0,1.0,1.0,1.0,1.0,1.0,1.0,1.0,1.0,1.0
aberdeen_2012_ward3,borda,9,1.0,1.0,1.0,1.0,1.0,1.0,1.0,1.0,0.9642857142857143,0.996031746031746,0.6666666666666667,0.9939313616071429,1.0,0.9444444444444444
aberdeen_2012_ward3,3-approval,9,1.0,1.0,1.0,1.0,1.0,1.0,1.0,1.0,1.0,1.0,0.9,0.9998046875,1.0,1.0
aberdeen_2012_ward3,2-approval,9,1.0,1.0,1.0,1.0,1.0,1.0,1.0,1.0,0.9642857142857143,0.996031746031746,0.6666666666666667,0.9940615699404762,1.0,0.9444444444444444
aberdeen_2012_ward3,plurality,9,0.8633901796957848,1.0,0.9132443531827512,1.0,0.8968454521887822,1.0,0.9492677824267781,1.0,0.8928571428571429,0.9722222222222222,0.0,0.9128766741071427,1.0,0.8888888888888888
aberdeen_2012_ward3,stv,9,0.8633901796957848,1.0,0.9132443531827512,1.0,0.8968454521887822,1.0,0.9492677824267781,1.0,0.8928571428571429,0.9722222222222222,0.0,0.9128766741071427,1.0,0.8888888888888888
aberdeen_2012_ward3,ranked-pairs,9,1.0,1.0,1.0,1.0,1.0,1.0,1.0,1.0,1.0,1.0,1.0,1.0,1.0,1.0
renfrewshire_2017_ward6,borda,9,0.891599698888145,1.0,0.9441742440262214,1.0,1.0,1.0,1.0,1.0,0.9642857142857143,0.9920634920634921,0.8333333333333334,0.9965959821428572,1.0,1.0
renfrewshire_2017_ward6,3-approval,9,1.0,1.0,1.0,1.0,1.0,1.0,1.0,1.0,0.9642857142857143,0.996031746031746,0.0,0.9671177455357143,1.0,1.0
renfrewshire_2017_ward6,2-approval,9,1.0,1.0,1.0,1.0,1.0,1.0,1.0,1.0,0.9285714285714286,0.9801587301587301,0.0,0.9786969866071429,1.0,1.0
renfrewshire_2017_ward6,plurality,9,0.7457615421883022,1.0,0.7373393801965229,1.0,0.7457615421883022,1.0,0.7373393801965229,1.0,0.8571428571428572,0.9523809523809523,0.0,0.878915550595238,1.0,0.8888888888888888
renfrewshire_2017_ward6,stv,9,0.7457615421883022,1.0,0.7373393801965229,1.0,0.8184070364759991,1.0,0.8532553920580527,1.0,0.8214285714285714,0.9484126984126984,0.0,0.8822870163690475,1.0,0.8888888888888888
renfrewshire_2017_ward6,ranked-pairs,9,1.0,1.0,1.0,1.0,1.0,1.0,1.0,1.0,1.0,1.0,1.0,1.0,1.0,1.0
glasgow_2017_ward7,borda,9,0.9113691070912724,1.0,0.9622124863088719,1.0,1.0,1.0,1.0,1.0,1.0,1.0,0.9,0.9998046875,1.0,1.0
glasgow_2017_ward7,3-approval,9,0.8178734424293347,1.0,0.8524773804394659,1.0,1.0,1.0,1.0,1.0,1.0,1.0,0.0,0.9466145833333334,1.0,1.0
glasgow_2017_ward7,2-approval,9,0.7236814743438258,1.0,0.6994466403162055,1.0,0.7966425771467965,1.0,0.8204759082056059,1.0,0.8928571428571429,0.9682539682539683,0.0,0.9134114583333331,1.0,0.9259259259259258
glasgow_2017_ward7,plurality,9,0.6598185521391102,1.0,0.5880918962842581,1.0,0.6598185521391102,1.0,0.5880918962842581,1.0,0.8928571428571429,0.9682539682539683,0.0,0.8844215029761904,1.0,0.8888888888888888
glasgow_2017_ward7,stv,9,0.6617812633342702,1.0,0.5915013325436778,1.0,1.0,1.0,1.0,1.0,0.8571428571428572,0.9523809523809524,0.0,0.8973586309523808,1.0,0.9629629629629629
glasgow_2017_ward7,ranked-pairs,9,1.0,1.0,1.0,1.0,1.0,1.0,1.0,1.0,1.0,1.0,1.0,1.0,1.0,1.0
north_lanarkshire_2022_ward3,borda,9,0.8558341043203013,1.0,0.9040159973337778,1.0,1.0,1.0,1.0,1.0,0.9642857142857143,0.996031746031746,0.0,0.9827706473214286,1.0,1.0
north_lanarkshire_2022_ward3,3-approval,9,0.8558341043203013,1.0,0.9040159973337778,1.0,1.0,1.0,1.0,1.0,0.9642857142857143,0.9880952380952381,0.0,0.9601329985119048,1.0,1.0
north_lanarkshire_2022_ward3,2-approval,9,0.7825523214708789,1.0,0.7982373308152345,1.0,0.7825523214708789,1.0,0.7982373308152345,1.0,0.8571428571428572,0.9642857142857143,0.0,0.8784737723214284,1.0,0.9259259259259258
north_lanarkshire_2022_ward3,plurality,9,0.7952229585707761,1.0,0.8182686187141948,1.0,1.0,1.0,1.0,1.0,0.8928571428571429,0.9722222222222222,0.0,0.9246698288690476,1.0,0.9629629629629631
north_lanarkshire_2022_ward3,stv,9,0.7725063765060034,1.0,0.781971303805365,1.0,0.7825523214708789,1.0,0.7982373308152345,1.0,0.8571428571428572,0.9603174603174603,0.0,0.9067987351190475,1.0,0.9259259259259258
north_lanarkshire_2022_ward3,ranked-pairs,9,1.0,1.0,1.0,1.0,1.0,1.0,1.0,1.0,1.0,1.0,1.0,1.0,1.0,1.0
dundee_2012_ward4,borda,9,1.0,1.0,1.0,1.0,1.0,1.0,1.0,1.0,0.9642857142857143,0.996031746031746,0.0,0.9879045758928572,1.0,1.0
dundee_2012_ward4,3-approval,9,0.9306514538654279,1.0,0.9766373037150515,1.0,1.0,1.0,1.0,1.0,0.9285714285714286,0.9920634920634921,0.0,0.964155505952381,1.0,1.0
dundee_2012_ward4,2-approval,9,0.8784056300950785,1.0,0.9304282775388066,1.0,1.0,1.0,1.0,1.0,0.9642857142857143,0.9841269841269842,0.0,0.924321056547619,1.0,1.0
dundee_2012_ward4,plurality,9,0.7929367418121894,1.0,0.8146976090014063,1.0,1.0,1.0,1.0,1.0,0.9285714285714286,0.9682539682539683,0.0,0.9118024553571428,1.0,1.0
dundee_2012_ward4,stv,9,0.8377587092623614,1.0,0.880488249225724,1.0,1.0,1.0,1.0,1.0,0.8571428571428572,0.9404761904761905,0.0,0.8933268229166667,1.0,1.0
dundee_2012_ward4,ranked-pairs,9,1.0,1.0,1.0,1.0,1.0,1.0,1.0,1.0,1.0,1.0,1.0,1.0,1.0,1.0
glasgow_2017_ward9,borda,9,0.9498211570971862,1.0,0.9876766944545126,1.0,1.0,1.0,1.0,1.0,1.0,1.0,1.0,1.0,1.0,1.0
glasgow_2017_ward9,3-approval,9,0.8104434738252937,1.0,0.8415043653458698,1.0,1.0,1.0,1.0,1.0,0.9642857142857143,0.996031746031746,0.0,0.9611002604166667,1.0,1.0
glasgow_2017_ward9,2-approval,9,0.7493625372117679,1.0,0.7434430138292799,1.0,0.7493625372117679,1.0,0.7434430138292799,1.0,0.8928571428571429,0.9722222222222222,0.0,0.8886765252976189,1.0,0.9259259259259258
glasgow_2017_ward9,plurality,9,0.6242065468352588,1.0,0.5269386050396772,1.0,0.6242065468352588,1.0,0.5269386050396772,1.0,0.8928571428571429,0.9603174603174603,0.0,0.8713913690476189,1.0,0.8888888888888888
glasgow_2017_ward9,stv,9,0.6242065468352588,1.0,0.5269386050396772,1.0,0.6242065468352588,1.0,0.5269386050396772,1.0,0.8571428571428572,0.9325396825396826,0.0,0.8410574776785715,1.0,0.8611111111111112
glasgow_2017_ward9,ranked-pairs,9,1.0,1.0,1.0,1.0,1.0,1.0,1.0,1.0,1.0,1.0,1.0,1.0,1.0,1.0
glasgow_2022_ward23,borda,9,1.0,1.0,1.0,1.0,1.0,1.0,1.0,1.0,0.9642857142857143,0.996031746031746,0.6666666666666667,0.9933082217261905,1.0,1.0
glasgow_2022_ward23,3-approval,9,0.7950739166544583,1.0,0.8180364282541093,1.0,1.0,1.0,1.0,1.0,0.9285714285714286,0.9642857142857143,0.0,0.93017578125,1.0,1.0
glasgow_2022_ward23,2-approval,9,0.7863179036588254,1.0,0.8042500661317347,1.0,0.7863179036588254,1.0,0.8042500661317347,1.0,0.8928571428571429,0.9484126984126984,0.0,0.8458937872023812,1.0,0.8518518518518519
glasgow_2022_ward23,plurality,9,0.6066787027090137,1.0,0.4975117096018736,1.0,0.6066787027090137,1.0,0.4975117096018736,1.0,0.8214285714285714,0.9603174603174603,0.0,0.8687127976190476,1.0,0.8888888888888888
glasgow_2022_ward23,stv,9,0.6918969268270074,1.0,0.6440623493491885,1.0,1.0,1.0,1.0,1.0,0.8928571428571429,0.9603174603174603,0.0,0.9060453869047618,1.0,0.9259259259259258
glasgow_2022_ward23,ranked-pairs,9,1.0,1.0,1.0,1.0,1.0,1.0,1.0,1.0,1.0,1.0,1.0,1.0,1.0,1.0
glasgow_2007_greater_pollok,borda,9,1.0,1.0,1.0,1.0,1.0,1.0,1.0,1.0,1.0,1.0,1.0,1.0,1.0,1.0
glasgow_2007_greater_pollok,3-approval,9,1.0,1.0,1.0,1.0,1.0,1.0,1.0,1.0,1.0,1.0,0.0,0.9854166666666667,1.0,1.0
glasgow_2007_greater_pollok,2-approval,9,0.8554443682654274,1.0,0.9035299276474456,1.0,1.0,1.0,1.0,1.0,0.9285714285714286,0.9801587301587301,0.0,0.9207263764880951,1.0,1.0
glasgow_2007_greater_pollok,plurality,9,0.8078765885730791,1.0,0.8376547782834163,1.0,1.0,1.0,1.0,1.0,0.9642857142857143,0.996031746031746,0.0,0.922074962797619,1.0,1.0
glasgow_2007_greater_pollok,stv,9,0.8078765885730791,1.0,0.8376547782834163,1.0,1.0,1.0,1.0,1.0,0.9642857142857143,0.996031746031746,0.0,0.9136300223214284,1.0,1.0
glasgow_2007_greater_pollok,ranked-pairs,9,1.0,1.0,1.0,1.0,1.0,1.0,1.0,1.0,1.0,1.0,1.0,1.0,1.0,1.0
highland_2012_ward18,borda,9,1.0,1.0,1.0,1.0,1.0,1.0,1.0,1.0,0.9642857142857143,0.996031746031746,0.9,0.9970935639880952,1.0,1.0
highland_2012_ward18,3-approval,9,0.9287058329109339,1.0,0.9753298909925416,1.0,1.0,1.0,1.0,1.0,0.9642857142857143,0.9841269841269842,0.0,0.9738560267857143,1.0,1.0
highland_2012_ward18,2-approval,9,0.8255954150041344,1.0,0.8635994587280108,1.0,1.0,1.0,1.0,1.0,0.9642857142857143,0.9841269841269842,0.0,0.9558779761904763,1.0,1.0
highland_2012_ward18,plurality,9,0.8238286124400666,1.0,0.8610810810810811,1.0,0.8238286124400666,1.0,0.8610810810810811,1.0,0.8928571428571429,0.9563492063492064,0.0,0.9141136532738093,1.0,0.9629629629629631
highland_2012_ward18,stv,9,0.8238286124400666,1.0,0.8610810810810811,1.0,0.8238286124400666,1.0,0.8610810810810811,1.0,0.9285714285714286,0.9801587301587301,0.0,0.9047479538690474,1.0,0.9629629629629631
highland_2012_ward18,ranked-pairs,9,1.0,1.0,1.0,1.0,1.0,1.0,1.0,1.0,1.0,1.0,1.0,1.0,1.0,1.0
glasgow_2007_partick,borda,9,0.9184455945200464,1.0,0.9678814082767141,1.0,1.0,1.0,1.0,1.0,0.9642857142857143,0.9920634920634921,0.0,0.9826078869047619,1.0,0.9629629629629629
glasgow_2007_partick,3-approval,9,1.0,1.0,1.0,1.0,1.0,1.0,1.0,1.0,0.8928571428571429,0.9563492063492064,0.0,0.9181129092261903,1.0,0.8888888888888888
glasgow_2007_partick,2-approval,9,0.8631351665528535,1.0,0.9129390573401382,1.0,0.9218669524842102,1.0,0.9704677232315425,1.0,0.8928571428571429,0.9404761904761905,0.0,0.8616861979166666,1.0,1.0
glasgow_2007_partick,plurality,9,0.873706143395253,1.0,0.9252209381373216,1.0,0.9218669524842102,1.0,0.9704677232315425,1.0,0.9285714285714286,0.9603174603174603,0.0,0.9003906249999999,1.0,0.925925925925926
glasgow_2007_partick,stv,9,0.873706143395253,1.0,0.9252209381373216,1.0,1.0,1.0,1.0,1.0,0.8571428571428572,0.9484126984126984,0.0,0.894731212797619,1.0,0.9629629629629629
glasgow_2007_partick,ranked-pairs,9,1.0,1.0,1.0,1.0,1.0,1.0,1.0,1.0,1.0,1.0,1.0,1.0,1.0,1.0
dundee_2012_ward2,borda,9,1.0,1.0,1.0,1.0,1.0,1.0,1.0,1.0,0.9642857142857143,0.9920634920634921,0.0,0.9813802083333333,1.0,1.0
dundee_2012_ward2,3-approval,9,0.9398090867526335,1.0,0.9823321554770319,1.0,1.0,1.0,1.0,1.0,0.9642857142857143,0.996031746031746,0.0,0.9604957217261906,1.0,1.0
dundee_2012_ward2,2-approval,9,0.8927299100593367,1.0,0.9452899248699671,1.0,1.0,1.0,1.0,1.0,0.9285714285714286,0.9761904761904762,0.0,0.9281622023809524,1.0,1.0
dundee_2012_ward2,plurality,9,0.8927299100593367,1.0,0.9452899248699671,1.0,1.0,1.0,1.0,1.0,0.9642857142857143,0.9841269841269842,0.0,0.950381324404762,1.0,1.0
dundee_2012_ward2,stv,9,0.8927299100593367,1.0,0.9452899248699671,1.0,1.0,1.0,1.0,1.0,0.9642857142857143,0.9841269841269842,0.0,0.9440569196428572,1.0,1.0
dundee_2012_ward2,ranked-pairs,9,1.0,1.0,1.0,1.0,1.0,1.0,1.0,1.0,1.0,1.0,1.0,1.0,1.0,1.0
west_dunbartonshire_2022_ward3,borda,9,1.0,1.0,1.0,1.0,1.0,1.0,1.0,1.0,1.0,1.0,1.0,1.0,1.0,1.0
west_dunbartonshire_2022_ward3,3-approval,9,1.0,1.0,1.0,1.0,1.0,1.0,1.0,1.0,1.0,1.0,1.0,1.0,1.0,1.0
west_dunbartonshire_2022_ward3,2-approval,9,0.8473428640179934,1.0,0.8932095182820662,1.0,1.0,1.0,1.0,1.0,0.9285714285714286,0.9761904761904762,0.0,0.9538783482142859,1.0,1.0
west_dunbartonshire_2022_ward3,plurality,9,0.6717608867226499,1.0,0.6088779284833539,1.0,0.6717608867226499,1.0,0.6088779284833539,1.0,0.8928571428571429,0.9761904761904762,0.0,0.9241815476190476,1.0,0.9629629629629629
west_dunbartonshire_2022_ward3,stv,9,0.8140417768819355,1.0,0.8468506723283792,1.0,1.0,1.0,1.0,1.0,0.8928571428571429,0.9642857142857143,0.0,0.9284458705357143,1.0,1.0
west_dunbartonshire_2022_ward3,ranked-pairs,9,1.0,1.0,1.0,1.0,1.0,1.0,1.0,1.0,1.0,1.0,1.0,1.0,1.0,1.0
glasgow_2017_ward18,borda,9,0.9025291850860727,1.0,0.9545391927262709,1.0,1.0,1.0,1.0,1.0,0.9285714285714286,0.9761904761904762,0.0,0.9668247767857143,1.0,0.8518518518518517
glasgow_2017_ward18,3-approval,9,0.9449046774859448,1.0,0.9851686022107179,1.0,1.0,1.0,1.0,1.0,0.9642857142857143,0.9801587301587301,0.0,0.9352167038690476,1.0,1.0
glasgow_2017_ward18,2-approval,9,0.7819769683317166,1.0,0.7973144160121612,1.0,0.9219855607407486,1.0,0.9705555555555556,1.0,0.8214285714285714,0.9484126984126984,0.0,0.8700381324404761,1.0,0.9259259259259258
glasgow_2017_ward18,plurality,9,0.6585905033419182,1.0,0.5859602056785156,1.0,0.6585905033419182,1.0,0.5859602056785156,1.0,0.8214285714285714,0.9523809523809524,0.0,0.8543712797619047,1.0,0.8888888888888888
glasgow_2017_ward18,stv,9,0.6648562180051304,1.0,0.5968486212718064,1.0,0.8519088547492738,1.0,0.899076428858252,1.0,0.8571428571428572,0.9484126984126984,0.0,0.8811058407738094,1.0,0.9259259259259258
glasgow_2017_ward18,ranked-pairs,9,1.0,1.0,1.0,1.0,1.0,1.0,1.0,1.0,1.0,1.0,1.0,1.0,1.0,1.0
renfrewshire_2022_ward6,borda,9,1.0,1.0,1.0,1.0,1.0,1.0,1.0,1.0,1.0,1.0,1.0,1.0,1.0,1.0
renfrewshire_2022_ward6,3-approval,9,0.8775883704818067,1.0,0.9295341688342397,1.0,1.0,1.0,1.0,1.0,0.9642857142857143,0.9841269841269842,0.0,0.9598400297619047,1.0,1.0
renfrewshire_2022_ward6,2-approval,9,0.8014928223335351,1.0,0.8279569892473118,1.0,1.0,1.0,1.0,1.0,0.8928571428571429,0.9523809523809523,0.0,0.9010323660714284,1.0,1.0
renfrewshire_2022_ward6,plurality,9,0.7077686027785649,1.0,0.6717885679164106,1.0,1.0,1.0,1.0,1.0,0.8928571428571429,0.9722222222222222,0.0,0.875590587797619,1.0,0.9444444444444444
renfrewshire_2022_ward6,stv,9,0.7077686027785649,1.0,0.6717885679164106,1.0,1.0,1.0,1.0,1.0,0.8928571428571429,0.9682539682539683,0.0,0.8479445684523811,1.0,0.9444444444444444
renfrewshire_2022_ward6,ranked-pairs,9,1.0,1.0,1.0,1.0,1.0,1.0,1.0,1.0,1.0,1.0,1.0,1.0,1.0,1.0
sc_borders_2017_ward4,borda,9,0.9347084892889298,1.0,0.9792541368239074,1.0,1.0,1.0,1.0,1.0,1.0,1.0,1.0,1.0,1.0,1.0
sc_borders_2017_ward4,3-approval,9,1.0,1.0,1.0,1.0,1.0,1.0,1.0,1.0,0.9642857142857143,0.9920634920634921,0.0,0.9565941220238096,1.0,1.0
sc_borders_2017_ward4,2-approval,9,0.821454871926028,1.0,0.8576726935558648,1.0,0.821454871926028,1.0,0.8576726935558648,1.0,0.9285714285714286,0.9841269841269842,0.0,0.9304501488095238,1.0,0.8888888888888888
sc_borders_2017_ward4,plurality,9,0.7862501301912217,1.0,0.8041422782530394,1.0,0.821454871926028,1.0,0.8576726935558648,1.0,0.8928571428571429,0.9642857142857143,0.0,0.8795526413690475,1.0,0.9629629629629631
sc_borders_2017_ward4,stv,9,0.7862501301912217,1.0,0.8041422782530394,1.0,0.7862501301912217,1.0,0.8041422782530394,1.0,0.8571428571428572,0.9523809523809524,0.0,0.8620070684523808,1.0,0.9444444444444444
sc_borders_2017_ward4,ranked-pairs,9,1.0,1.0,1.0,1.0,1.0,1.0,1.0,1.0,1.0,1.0,1.0,1.0,1.0,1.0
dundee_2022_ward8,borda,9,1.0,1.0,1.0,1.0,1.0,1.0,1.0,1.0,0.9642857142857143,0.996031746031746,0.0,0.9777669270833333,1.0,0.9629629629629629
dundee_2022_ward8,3-approval,9,1.0,1.0,1.0,1.0,1.0,1.0,1.0,1.0,0.9642857142857143,0.9880952380952381,0.0,0.9736839657738096,1.0,1.0
dundee_2022_ward8,2-approval,9,0.9177629011233216,1.0,0.9673531989482909,1.0,0.9177629011233216,1.0,0.9673531989482909,1.0,0.9285714285714286,0.9682539682539683,0.0,0.9547805059523811,1.0,0.9259259259259258
dundee_2022_ward8,plurality,9,0.8649577926573173,1.0,0.915111442892183,1.0,0.8649577926573173,1.0,0.915111442892183,1.0,0.8928571428571429,0.9682539682539683,0.0,0.9009300595238094,1.0,0.9259259259259258
dundee_2022_ward8,stv,9,0.8649577926573173,1.0,0.915111442892183,1.0,0.8649577926573173,1.0,0.915111442892183,1.0,0.8928571428571429,0.9642857142857143,0.0,0.9098911830357141,1.0,0.9259259259259258
dundee_2022_ward8,ranked-pairs,9,1.0,1.0,1.0,1.0,1.0,1.0,1.0,1.0,1.0,1.0,1.0,1.0,1.0,1.0
highland_2017_ward3,borda,9,1.0,1.0,1.0,1.0,1.0,1.0,1.0,1.0,0.9642857142857143,0.996031746031746,0.6666666666666667,0.9942847842261905,1.0,0.9722222222222222
highland_2017_ward3,3-approval,9,0.8921179258147071,1.0,0.9446870451237261,1.0,0.8921179258147071,1.0,0.9446870451237261,1.0,0.9642857142857143,0.996031746031746,0.0,0.9333472842261904,1.0,0.9629629629629631
highland_2017_ward3,2-approval,9,0.8204989584049674,1.0,0.8562921794362841,1.0,0.8921179258147071,1.0,0.9446870451237261,1.0,0.9642857142857143,0.9880952380952381,0.0,0.9117513020833332,1.0,1.0
highland_2017_ward3,plurality,9,0.7421600943875089,1.0,0.7312106627175119,1.0,0.7421600943875089,1.0,0.7312106627175119,1.0,0.9285714285714286,0.9801587301587301,0.0,0.8704008556547618,1.0,1.0
highland_2017_ward3,stv,9,0.7421600943875089,1.0,0.7312106627175119,1.0,0.7421600943875089,1.0,0.7312106627175119,1.0,0.8571428571428572,0.9603174603174603,0.0,0.8525018601190475,1.0,0.8888888888888888
highland_2017_ward3,ranked-pairs,9,1.0,1.0,1.0,1.0,1.0,1.0,1.0,1.0,1.0,1.0,1.0,1.0,1.0,1.0
east_lothian_2017_ward1,borda,9,0.8786727431112511,1.0,0.9307194518462125,1.0,1.0,1.0,1.0,1.0,0.9642857142857143,0.9880952380952381,0.0,0.9617327008928572,1.0,1.0
east_lothian_2017_ward1,3-approval,9,0.9201716659684935,1.0,0.9691989129028084,1.0,1.0,1.0,1.0,1.0,0.9642857142857143,0.9880952380952381,0.0,0.9111095610119047,1.0,1.0
east_lothian_2017_ward1,2-approval,9,0.8064246436754839,1.0,0.8354644149577803,1.0,0.8064246436754839,1.0,0.8354644149577803,1.0,0.8928571428571429,0.9563492063492064,0.0,0.8598911830357143,1.0,0.898148148148148
east_lothian_2017_ward1,plurality,9,0.7449706052924032,1.0,0.7359954363947517,1.0,0.8064246436754839,1.0,0.8354644149577803,1.0,0.8571428571428572,0.9563492063492064,0.0,0.8485816592261906,1.0,0.9259259259259258
east_lothian_2017_ward1,stv,9,0.7449706052924032,1.0,0.7359954363947517,1.0,0.8064246436754839,1.0,0.8354644149577803,1.0,0.8571428571428572,0.9444444444444444,0.0,0.8564546130952382,1.0,0.9259259259259258
east_lothian_2017_ward1,ranked-pairs,9,1.0,1.0,1.0,1.0,1.0,1.0,1.0,1.0,1.0,1.0,1.0,1.0,1.0,1.0
fife_2017_ward12,borda,9,0.9257987683946465,1.0,0.9733135656041509,1.0,1.0,1.0,1.0,1.0,0.9642857142857143,0.9920634920634921,0.6666666666666667,0.984477306547619,1.0,1.0
fife_2017_ward12,3-approval,9,1.0,1.0,1.0,1.0,1.0,1.0,1.0,1.0,1.0,1.0,0.0,0.9312500000000001,1.0,1.0
fife_2017_ward12,2-approval,9,0.7889501492201375,1.0,0.8084239130434782,1.0,1.0,1.0,1.0,1.0,0.8928571428571429,0.9484126984126984,0.0,0.8985537574404759,1.0,1.0
fife_2017_ward12,plurality,9,0.7146330681106837,1.0,0.6837444655281465,1.0,0.7146330681106837,1.0,0.6837444655281465,1.0,0.8571428571428572,0.9563492063492064,0.0,0.8391601562500002,1.0,0.8888888888888888
fife_2017_ward12,stv,9,0.7146330681106837,1.0,0.6837444655281465,1.0,0.7146330681106837,1.0,0.6837444655281465,1.0,0.8571428571428572,0.9404761904761905,0.0,0.8442382812500002,1.0,0.8518518518518517
fife_2017_ward12,ranked-pairs,9,1.0,1.0,1.0,1.0,1.0,1.0,1.0,1.0,1.0,1.0,1.0,1.0,1.0,1.0
perth_kinross_2022_ward3,borda,9,1.0,1.0,1.0,1.0,1.0,1.0,1.0,1.0,1.0,1.0,0.8333333333333334,0.9986049107142857,1.0,1.0
perth_kinross_2022_ward3,3-approval,9,0.8230485196946443,1.0,0.8599640933572712,1.0,1.0,1.0,1.0,1.0,1.0,1.0,0.8333333333333334,0.994438244047619,1.0,1.0
perth_kinross_2022_ward3,2-approval,9,0.8230485196946443,1.0,0.8599640933572712,1.0,1.0,1.0,1.0,1.0,0.9285714285714286,0.9722222222222222,0.0,0.9243443080357142,1.0,1.0
perth_kinross_2022_ward3,plurality,9,0.8533627845815206,1.0,0.9009174311926605,1.0,1.0,1.0,1.0,1.0,0.9285714285714286,0.9722222222222222,0.0,0.9218145461309523,1.0,0.9444444444444444
perth_kinross_2022_ward3,stv,9,0.8533627845815206,1.0,0.9009174311926605,1.0,1.0,1.0,1.0,1.0,0.8928571428571429,0.9563492063492064,0.0,0.9068777901785713,1.0,0.9444444444444444
perth_kinross_2022_ward3,ranked-pairs,9,1.0,1.0,1.0,1.0,1.0,1.0,1.0,1.0,1.0,1.0,1.0,1.0,1.0,1.0
argyll_bute_2012_ward4,borda,9,0.9176443115935851,1.0,0.9672610347851506,1.0,1.0,1.0,1.0,1.0,0.9642857142857143,0.996031746031746,0.6666666666666667,0.9927966889880953,1.0,1.0
argyll_bute_2012_ward4,3-approval,9,0.9176443115935851,1.0,0.9672610347851506,1.0,1.0,1.0,1.0,1.0,1.0,1.0,0.8333333333333334,0.9897879464285714,1.0,1.0
argyll_bute_2012_ward4,2-approval,9,0.9176443115935851,1.0,0.9672610347851506,1.0,1.0,1.0,1.0,1.0,0.8571428571428572,0.9761904761904762,0.6666666666666667,0.9790085565476191,1.0,0.9351851851851851
argyll_bute_2012_ward4,plurality,9,0.8805929557665833,1.0,0.9327972429638137,1.0,1.0,1.0,1.0,1.0,0.8571428571428572,0.9563492063492064,0.0,0.8998976934523809,1.0,0.8703703703703703
argyll_bute_2012_ward4,stv,9,0.7523613323325313,1.0,0.7485061054819434,1.0,1.0,1.0,1.0,1.0,0.8571428571428572,0.9603174603174603,0.0,0.8864490327380952,1.0,0.925925925925926
argyll_bute_2012_ward4,ranked-pairs,9,1.0,1.0,1.0,1.0,1.0,1.0,1.0,1.0,1.0,1.0,1.0,1.0,1.0,1.0
south_lanarkshire_2017_ward4,borda,9,1.0,1.0,1.0,1.0,1.0,1.0,1.0,1.0,1.0,1.0,0.6666666666666667,0.993266369047619,1.0,1.0
south_lanarkshire_2017_ward4,3-approval,9,1.0,1.0,1.0,1.0,1.0,1.0,1.0,1.0,1.0,1.0,1.0,1.0,1.0,1.0
south_lanarkshire_2017_ward4,2-approval,9,1.0,1.0,1.0,1.0,1.0,1.0,1.0,1.0,0.9642857142857143,0.9761904761904762,0.8333333333333334,0.9934244791666667,1.0,1.0
south_lanarkshire_2017_ward4,plurality,9,0.741271770767506,1.0,0.7296954314720814,1.0,0.7826847567801188,1.0,0.7984496124031009,1.0,0.8928571428571429,0.9523809523809524,0.0,0.8694754464285714,1.0,0.7962962962962963
south_lanarkshire_2017_ward4,stv,9,0.7826847567801188,1.0,0.7984496124031009,1.0,0.7826847567801188,1.0,0.7984496124031009,1.0,0.8571428571428572,0.9523809523809524,0.0,0.8870628720238095,1.0,0.8888888888888888
south_lanarkshire_2017_ward4,ranked-pairs,9,1.0,1.0,1.0,1.0,1.0,1.0,1.0,1.0,1.0,1.0,1.0,1.0,1.0,1.0
east_lothian_2022_ward5,borda,9,1.0,1.0,1.0,1.0,1.0,1.0,1.0,1.0,1.0,1.0,0.0,0.9517206101190477,1.0,1.0
east_lothian_2022_ward5,3-approval,9,0.8791031844533184,1.0,0.9311875693673698,1.0,1.0,1.0,1.0,1.0,0.9285714285714286,0.9841269841269842,0.0,0.9170293898809523,1.0,1.0
east_lothian_2022_ward5,2-approval,9,0.8769287366500356,1.0,0.9288089666215052,1.0,1.0,1.0,1.0,1.0,0.9285714285714286,0.9642857142857143,0.0,0.9199823288690475,1.0,0.9259259259259258
east_lothian_2022_ward5,plurality,9,0.6964786073797435,1.0,0.6520730034813801,1.0,0.8847097511816975,1.0,0.9371598218703615,1.0,0.8928571428571429,0.9603174603174603,0.0,0.8876767113095239,1.0,0.9629629629629629
east_lothian_2022_ward5,stv,9,0.6964786073797435,1.0,0.6520730034813801,1.0,0.8847097511816975,1.0,0.9371598218703615,1.0,0.8928571428571429,0.9484126984126984,0.0,0.8825381324404762,1.0,0.9629629629629629
east_lothian_2022_ward5,ranked-pairs,9,1.0,1.0,1.0,1.0,1.0,1.0,1.0,1.0,1.0,1.0,1.0,1.0,1.0,1.0
south_ayrshire_2022_ward4,borda,9,1.0,1.0,1.0,1.0,1.0,1.0,1.0,1.0,1.0,1.0,1.0,1.0,1.0,1.0
south_ayrshire_2022_ward4,3-approval,9,1.0,1.0,1.0,1.0,1.0,1.0,1.0,1.0,1.0,1.0,0.8333333333333334,0.995414806547619,1.0,1.0
south_ayrshire_2022_ward4,2-approval,9,0.8794098509791854,1.0,0.9315202504402269,1.0,0.8990827265806407,1.0,0.9513737892864201,1.0,0.9642857142857143,0.9801587301587301,0.0,0.9342680431547619,1.0,1.0
south_ayrshire_2022_ward4,plurality,9,0.8167048053310673,1.0,0.85076865391826,1.0,0.8167048053310673,1.0,0.85076865391826,1.0,0.9285714285714286,0.9761904761904762,0.0,0.8957775297619046,1.0,0.8888888888888888
south_ayrshire_2022_ward4,stv,9,0.8167048053310673,1.0,0.85076865391826,1.0,0.8167048053310673,1.0,0.85076865391826,1.0,0.8928571428571429,0.9682539682539683,0.0,0.879789806547619,1.0,0.8888888888888888
south_ayrshire_2022_ward4,ranked-pairs,9,1.0,1.0,1.0,1.0,1.0,1.0,1.0,1.0,1.0,1.0,1.0,1.0,1.0,1.0
fife_2022_ward20,borda,9,1.0,1.0,1.0,1.0,1.0,1.0,1.0,1.0,1.0,1.0,0.6666666666666667,0.9924665178571429,1.0,1.0
fife_2022_ward20,3-approval,9,0.8954215799593931,1.0,0.9479066794503035,1.0,1.0,1.0,1.0,1.0,0.9285714285714286,0.9682539682539683,0.0,0.9393787202380952,1.0,1.0
fife_2022_ward20,2-approval,9,0.8752669664491252,1.0,0.9269680682895985,1.0,1.0,1.0,1.0,1.0,0.9285714285714286,0.9880952380952381,0.0,0.9403041294642858,1.0,1.0
fife_2022_ward20,plurality,9,0.6922217383765975,1.0,0.6446303291958986,1.0,1.0,1.0,1.0,1.0,0.9642857142857143,0.9920634920634921,0.0,0.9415271577380954,1.0,1.0
fife_2022_ward20,stv,9,0.6922217383765975,1.0,0.6446303291958986,1.0,1.0,1.0,1.0,1.0,0.9642857142857143,0.9880952380952381,0.0,0.925692894345238,1.0,1.0
fife_2022_ward20,ranked-pairs,9,1.0,1.0,1.0,1.0,1.0,1.0,1.0,1.0,1.0,1.0,1.0,1.0,1.0,1.0
dumgal_2012_ward13,borda,9,0.9696042488034962,1.0,0.9954545454545456,1.0,1.0,1.0,1.0,1.0,0.9642857142857143,0.9841269841269842,0.0,0.9831380208333333,1.0,0.9629629629629629
dumgal_2012_ward13,3-approval,9,0.9503324323323727,1.0,0.987924528301887,1.0,0.9503324323323727,1.0,0.987924528301887,1.0,0.9642857142857143,0.9920634920634921,0.8333333333333334,0.98046875,1.0,0.9259259259259258
dumgal_2012_ward13,2-approval,9,0.9193957665394148,1.0,0.9686098654708519,1.0,0.9193957665394148,1.0,0.9686098654708519,1.0,0.8571428571428572,0.9682539682539683,0.0,0.9180524553571427,1.0,0.9259259259259258
dumgal_2012_ward13,plurality,9,0.7677323732514818,1.0,0.77413560844185,1.0,0.9193957665394148,1.0,0.9686098654708519,1.0,0.9285714285714286,0.9761904761904762,0.0,0.9070405505952379,1.0,0.9629629629629631
dumgal_2012_ward13,stv,9,0.7677323732514818,1.0,0.77413560844185,1.0,0.9193957665394148,1.0,0.9686098654708519,1.0,0.9285714285714286,0.9722222222222222,0.0,0.8932152157738094,1.0,1.0
dumgal_2012_ward13,ranked-pairs,9,1.0,1.0,1.0,1.0,1.0,1.0,1.0,1.0,1.0,1.0,1.0,1.0,1.0,1.0
glasgow_2022_ward7,borda,9,0.8452511322853773,1.0,0.8904793608521971,1.0,1.0,1.0,1.0,1.0,0.9642857142857143,0.9841269841269842,0.6666666666666667,0.9808128720238095,1.0,0.9074074074074073
glasgow_2022_ward7,3-approval,9,0.8533652186286362,1.0,0.9009205020920502,1.0,1.0,1.0,1.0,1.0,1.0,1.0,0.0,0.9561011904761906,1.0,1.0
glasgow_2022_ward7,2-approval,9,0.7675627335430112,1.0,0.7738560049976574,1.0,0.8217927101987796,1.0,0.858159509202454,1.0,0.9285714285714286,0.9761904761904762,0.0,0.9066964285714284,1.0,0.898148148148148
glasgow_2022_ward7,plurality,9,0.5816034267672751,1.0,0.45643392960184653,1.0,0.8217927101987796,1.0,0.858159509202454,1.0,0.8928571428571429,0.9761904761904762,0.0,0.9246744791666667,1.0,0.9629629629629629
glasgow_2022_ward7,stv,9,0.7675627335430112,1.0,0.7738560049976574,1.0,1.0,1.0,1.0,1.0,0.9285714285714286,0.9722222222222222,0.0,0.9340448288690476,1.0,0.9629629629629629
glasgow_2022_ward7,ranked-pairs,9,1.0,1.0,1.0,1.0,1.0,1.0,1.0,1.0,1.0,1.0,1.0,1.0,1.0,1.0
orkney_2012_ward4,borda,9,0.9463526970753606,1.0,0.985930735930736,1.0,1.0,1.0,1.0,1.0,1.0,1.0,1.0,1.0,1.0,1.0
orkney_2012_ward4,3-approval,9,1.0,1.0,1.0,1.0,1.0,1.0,1.0,1.0,0.9642857142857143,0.996031746031746,0.0,0.9800083705357143,1.0,1.0
orkney_2012_ward4,2-approval,9,0.8842467112708792,1.0,0.9366754617414248,1.0,0.8842467112708792,1.0,0.9366754617414248,1.0,0.9642857142857143,0.9801587301587301,0.0,0.9678338913690476,1.0,0.8611111111111112
orkney_2012_ward4,plurality,9,0.8842467112708792,1.0,0.9366754617414248,1.0,0.8842467112708792,1.0,0.9366754617414248,1.0,0.9642857142857143,0.9920634920634921,0.0,0.9689639136904762,1.0,0.9629629629629631
orkney_2012_ward4,stv,9,0.8842467112708792,1.0,0.9366754617414248,1.0,0.8842467112708792,1.0,0.9366754617414248,1.0,0.9642857142857143,0.9920634920634921,0.0,0.9697172619047619,1.0,1.0
orkney_2012_ward4,ranked-pairs,9,1.0,1.0,1.0,1.0,1.0,1.0,1.0,1.0,1.0,1.0,1.0,1.0,1.0,1.0
dundee_2022_ward3,borda,9,0.8934743604732347,1.0,0.9460193515532167,1.0,1.0,1.0,1.0,1.0,0.9642857142857143,0.9920634920634921,0.0,0.9794642857142857,1.0,1.0
dundee_2022_ward3,3-approval,9,0.8934743604732347,1.0,0.9460193515532167,1.0,1.0,1.0,1.0,1.0,0.9285714285714286,0.9722222222222222,0.0,0.9342587425595238,1.0,1.0
dundee_2022_ward3,2-approval,9,0.9353005029455019,1.0,0.9796235537903641,1.0,1.0,1.0,1.0,1.0,0.9285714285714286,0.9722222222222222,0.0,0.9268368675595238,1.0,1.0
dundee_2022_ward3,plurality,9,0.5822098683341878,1.0,0.45741164505466564,1.0,0.7525915211903043,1.0,0.7488939740655987,1.0,0.8214285714285714,0.9801587301587301,0.0,0.9025995163690476,1.0,0.9629629629629631
dundee_2022_ward3,stv,9,0.9353005029455019,1.0,0.9796235537903641,1.0,1.0,1.0,1.0,1.0,0.8928571428571429,0.9682539682539683,0.0,0.944038318452381,1.0,0.8888888888888888
dundee_2022_ward3,ranked-pairs,9,1.0,1.0,1.0,1.0,1.0,1.0,1.0,1.0,1.0,1.0,1.0,1.0,1.0,1.0
north_lanarkshire_2017_ward3,borda,9,0.8796575995610865,1.0,0.9317885117493473,1.0,1.0,1.0,1.0,1.0,1.0,1.0,0.8333333333333334,0.9955543154761904,1.0,1.0
north_lanarkshire_2017_ward3,3-approval,9,0.8413605533471998,1.0,0.8853320592451027,1.0,1.0,1.0,1.0,1.0,0.9285714285714286,0.9761904761904762,0.0,0.9445126488095238,1.0,1.0
north_lanarkshire_2017_ward3,2-approval,9,0.7631777596746783,1.0,0.7666019997015371,1.0,1.0,1.0,1.0,1.0,0.9285714285714286,0.9761904761904762,0.0,0.9307849702380953,1.0,0.9351851851851851
north_lanarkshire_2017_ward3,plurality,9,0.6832872668062512,1.0,0.6290078436768957,1.0,1.0,1.0,1.0,1.0,0.8571428571428572,0.9484126984126984,0.0,0.8965262276785714,1.0,0.9629629629629629
north_lanarkshire_2017_ward3,stv,9,0.6832872668062512,1.0,0.6290078436768957,1.0,1.0,1.0,1.0,1.0,0.8571428571428572,0.9325396825396826,0.0,0.8745210193452381,1.0,0.9351851851851851
north_lanarkshire_2017_ward3,ranked-pairs,9,1.0,1.0,1.0,1.0,1.0,1.0,1.0,1.0,1.0,1.0,1.0,1.0,1.0,1.0
fife_2012_ward10,borda,9,1.0,1.0,1.0,1.0,1.0,1.0,1.0,1.0,0.9642857142857143,0.996031746031746,0.6666666666666667,0.9939313616071429,1.0,1.0
fife_2012_ward10,3-approval,9,1.0,1.0,1.0,1.0,1.0,1.0,1.0,1.0,1.0,1.0,0.0,0.9796037946428571,1.0,1.0
fife_2012_ward10,2-approval,9,0.8385208535076196,1.0,0.881519385947648,1.0,1.0,1.0,1.0,1.0,0.8928571428571429,0.9642857142857143,0.0,0.9130254836309522,1.0,1.0
fife_2012_ward10,plurality,9,0.7892470159429421,1.0,0.8088930936613054,1.0,0.7892470159429421,1.0,0.8088930936613054,1.0,0.9285714285714286,0.9801587301587301,0.0,0.906859188988095,1.0,0.8888888888888888
fife_2012_ward10,stv,9,0.7892470159429421,1.0,0.8088930936613054,1.0,0.7892470159429421,1.0,0.8088930936613054,1.0,0.9285714285714286,0.9761904761904762,0.0,0.8846168154761903,1.0,0.8888888888888888
fife_2012_ward10,ranked-pairs,9,1.0,1.0,1.0,1.0,1.0,1.0,1.0,1.0,1.0,1.0,1.0,1.0,1.0,1.0
dundee_2022_ward4,borda,9,0.9403036537457654,1.0,0.9826179496275272,1.0,1.0,1.0,1.0,1.0,1.0,1.0,1.0,1.0,1.0,1.0
dundee_2022_ward4,3-approval,9,0.8282529729187313,1.0,0.8673571667223521,1.0,1.0,1.0,1.0,1.0,0.9642857142857143,0.9801587301587301,0.0,0.93310546875,1.0,1.0
dundee_2022_ward4,2-approval,9,0.8282529729187313,1.0,0.8673571667223521,1.0,1.0,1.0,1.0,1.0,0.9642857142857143,0.9920634920634921,0.0,0.9544177827380953,1.0,1.0
dundee_2022_ward4,plurality,9,0.7444883387934187,1.0,0.7351754113629307,1.0,1.0,1.0,1.0,1.0,0.9285714285714286,0.9880952380952381,0.0,0.9355143229166667,1.0,1.0
dundee_2022_ward4,stv,9,0.8282529729187313,1.0,0.8673571667223521,1.0,1.0,1.0,1.0,1.0,0.8928571428571429,0.9722222222222222,0.0,0.9412248883928571,1.0,0.9259259259259258
dundee_2022_ward4,ranked-pairs,9,1.0,1.0,1.0,1.0,1.0,1.0,1.0,1.0,1.0,1.0,1.0,1.0,1.0,1.0
midlothian_2012_ward4,borda,9,1.0,1.0,1.0,1.0,1.0,1.0,1.0,1.0,0.9285714285714286,0.9880952380952381,0.33333333333333337,0.978706287202381,1.0,0.9444444444444444
midlothian_2012_ward4,3-approval,9,0.9694118870223828,1.0,0.995397008055236,1.0,1.0,1.0,1.0,1.0,0.9642857142857143,0.9801587301587301,0.0,0.9475957961309525,1.0,1.0
midlothian_2012_ward4,2-approval,9,0.8361123127011852,1.0,0.8782495667244367,1.0,1.0,1.0,1.0,1.0,0.9285714285714286,0.9761904761904762,0.0,0.918173363095238,1.0,1.0
midlothian_2012_ward4,plurality,9,0.8361123127011852,1.0,0.8782495667244367,1.0,1.0,1.0,1.0,1.0,0.9285714285714286,0.9722222222222222,0.0,0.9440708705357143,1.0,0.8888888888888888
midlothian_2012_ward4,stv,9,0.8361123127011852,1.0,0.8782495667244367,1.0,1.0,1.0,1.0,1.0,0.8928571428571429,0.9642857142857143,0.0,0.9068126860119046,1.0,0.9444444444444444
midlothian_2012_ward4,ranked-pairs,9,1.0,1.0,1.0,1.0,1.0,1.0,1.0,1.0,1.0,1.0,1.0,1.0,1.0,1.0
fife_2012_ward23,borda,9,0.9561516020892193,1.0,0.990571596935769,1.0,1.0,1.0,1.0,1.0,0.9642857142857143,0.9920634920634921,0.6666666666666667,0.9916015625,1.0,1.0
fife_2012_ward23,3-approval,9,0.9288657043371482,1.0,0.9754385964912281,1.0,1.0,1.0,1.0,1.0,0.9642857142857143,0.9880952380952381,0.0,0.9491861979166667,1.0,1.0
fife_2012_ward23,2-approval,9,0.9288657043371482,1.0,0.9754385964912281,1.0,1.0,1.0,1.0,1.0,1.0,1.0,0.0,0.9812220982142857,1.0,1.0
fife_2012_ward23,plurality,9,0.7431515216226544,1.0,0.7329001367989058,1.0,1.0,1.0,1.0,1.0,0.9285714285714286,0.9841269841269842,0.0,0.9307570684523809,1.0,0.9629629629629629
fife_2012_ward23,stv,9,0.8698004146589841,1.0,0.9207733131159972,1.0,1.0,1.0,1.0,1.0,0.9285714285714286,0.9761904761904762,0.0,0.9268880208333332,1.0,0.9629629629629629
fife_2012_ward23,ranked-pairs,9,1.0,1.0,1.0,1.0,1.0,1.0,1.0,1.0,1.0,1.0,1.0,1.0,1.0,1.0
angus_2022_ward8,borda,9,0.9101078924317847,1.0,0.9611575063119051,1.0,1.0,1.0,1.0,1.0,1.0,1.0,0.8333333333333334,0.9975632440476191,1.0,1.0
angus_2022_ward8,3-approval,9,0.9101078924317847,1.0,0.9611575063119051,1.0,1.0,1.0,1.0,1.0,1.0,1.0,0.5,0.9947916666666666,1.0,1.0
angus_2022_ward8,2-approval,9,0.8271865239681627,1.0,0.8658536585365851,1.0,0.9101078924317847,1.0,0.9611575063119051,1.0,0.8928571428571429,0.9642857142857143,0.0,0.8933733258928571,1.0,1.0
angus_2022_ward8,plurality,9,0.7580207081299188,1.0,0.758008356545961,1.0,0.9101078924317847,1.0,0.9611575063119051,1.0,0.9642857142857143,0.9761904761904762,0.0,0.897479538690476,1.0,1.0
angus_2022_ward8,stv,9,0.7580207081299188,1.0,0.758008356545961,1.0,0.9101078924317847,1.0,0.9611575063119051,1.0,0.9285714285714286,0.9682539682539683,0.0,0.903543526785714,1.0,0.9629629629629631
angus_2022_ward8,ranked-pairs,9,1.0,1.0,1.0,1.0,1.0,1.0,1.0,1.0,1.0,1.0,1.0,1.0,1.0,1.0
dundee_2022_ward2,borda,9,0.971139651601917,1.0,0.9959009393680612,1.0,1.0,1.0,1.0,1.0,0.9642857142857143,0.9801587301587301,0.0,0.9799618675595237,1.0,1.0
dundee_2022_ward2,3-approval,9,0.971139651601917,1.0,0.9959009393680612,1.0,1.0,1.0,1.0,1.0,1.0,1.0,0.0,0.9586309523809524,1.0,1.0
dundee_2022_ward2,2-approval,9,0.7536711360788009,1.0,0.7507116104868913,1.0,1.0,1.0,1.0,1.0,0.9285714285714286,0.9682539682539683,0.0,0.9233072916666667,1.0,1.0
dundee_2022_ward2,plurality,9,0.6187148339251675,1.0,0.5176623376623376,1.0,0.6418793774007201,1.0,0.5570952698201198,1.0,0.8928571428571429,0.9603174603174603,0.0,0.8633928571428571,1.0,0.9629629629629631
dundee_2022_ward2,stv,9,0.7536711360788009,1.0,0.7507116104868913,1.0,1.0,1.0,1.0,1.0,0.8928571428571429,0.9722222222222222,0.0,0.9265764508928571,1.0,1.0
dundee_2022_ward2,ranked-pairs,9,1.0,1.0,1.0,1.0,1.0,1.0,1.0,1.0,1.0,1.0,1.0,1.0,1.0,1.0
dumgal_2017_ward2,borda,9,1.0,1.0,1.0,1.0,1.0,1.0,1.0,1.0,0.9642857142857143,0.9920634920634921,0.0,0.9818359375,1.0,1.0
dumgal_2017_ward2,3-approval,9,0.853503592791577,1.0,0.9010950194277642,1.0,0.853503592791577,1.0,0.9010950194277642,1.0,0.9642857142857143,0.9761904761904762,0.0,0.9467726934523809,1.0,0.8055555555555556
dumgal_2017_ward2,2-approval,9,0.853503592791577,1.0,0.9010950194277642,1.0,0.853503592791577,1.0,0.9010950194277642,1.0,0.9642857142857143,0.996031746031746,0.0,0.944619605654762,1.0,1.0
dumgal_2017_ward2,plurality,9,0.853503592791577,1.0,0.9010950194277642,1.0,0.853503592791577,1.0,0.9010950194277642,1.0,0.9285714285714286,0.9722222222222222,0.0,0.9321475074404761,1.0,0.9629629629629629
dumgal_2017_ward2,stv,9,0.853503592791577,1.0,0.9010950194277642,1.0,0.853503592791577,1.0,0.9010950194277642,1.0,0.9285714285714286,0.9682539682539683,0.0,0.9294735863095237,1.0,0.9629629629629629
dumgal_2017_ward2,ranked-pairs,9,1.0,1.0,1.0,1.0,1.0,1.0,1.0,1.0,1.0,1.0,1.0,1.0,1.0,1.0
falkirk_2022_ward9,borda,9,0.9339391816353286,1.0,0.9787693414897444,1.0,0.9339391816353286,1.0,0.9787693414897444,1.0,0.9642857142857143,0.9841269841269842,0.0,0.9719494047619048,1.0,0.9444444444444444
falkirk_2022_ward9,3-approval,9,0.8709165230977445,1.0,0.9220552254456481,1.0,1.0,1.0,1.0,1.0,1.0,1.0,0.0,0.9670293898809523,1.0,1.0
falkirk_2022_ward9,2-approval,9,0.9076126198279223,1.0,0.959030993943712,1.0,0.9339391816353286,1.0,0.9787693414897444,1.0,0.9642857142857143,0.996031746031746,0.0,0.9515764508928573,1.0,0.9444444444444444
falkirk_2022_ward9,plurality,9,0.8355142370475148,1.0,0.8774325708432912,1.0,0.9339391816353286,1.0,0.9787693414897444,1.0,0.8928571428571429,0.9761904761904762,0.0,0.9461681547619049,1.0,1.0
falkirk_2022_ward9,stv,9,0.7966964451794403,1.0,0.8205595100148982,1.0,0.9339391816353286,1.0,0.9787693414897444,1.0,0.9285714285714286,0.9761904761904762,0.0,0.9531715029761906,1.0,1.0
falkirk_2022_ward9,ranked-pairs,9,1.0,1.0,1.0,1.0,1.0,1.0,1.0,1.0,1.0,1.0,1.0,1.0,1.0,1.0
glasgow_2022_ward4,borda,9,1.0,1.0,1.0,1.0,1.0,1.0,1.0,1.0,0.9642857142857143,0.996031746031746,0.9333333333333333,0.9991861979166666,1.0,1.0
glasgow_2022_ward4,3-approval,9,0.8706567594328802,1.0,0.9217576504876136,1.0,1.0,1.0,1.0,1.0,0.9642857142857143,0.9880952380952381,0.0,0.9481910342261906,1.0,1.0
glasgow_2022_ward4,2-approval,9,0.7449294508771068,1.0,0.7359254759011746,1.0,1.0,1.0,1.0,1.0,0.9285714285714286,0.9801587301587301,0.0,0.9362676711309524,1.0,1.0
glasgow_2022_ward4,plurality,9,0.7449294508771068,1.0,0.7359254759011746,1.0,1.0,1.0,1.0,1.0,0.9285714285714286,0.9761904761904762,0.0,0.9127604166666665,1.0,1.0
glasgow_2022_ward4,stv,9,0.7449294508771068,1.0,0.7359254759011746,1.0,1.0,1.0,1.0,1.0,0.8928571428571429,0.9603174603174603,0.0,0.9012090773809522,1.0,1.0
glasgow_2022_ward4,ranked-pairs,9,1.0,1.0,1.0,1.0,1.0,1.0,1.0,1.0,1.0,1.0,1.0,1.0,1.0,1.0
argyll_bute_2022_ward8,borda,9,1.0,1.0,1.0,1.0,1.0,1.0,1.0,1.0,0.9642857142857143,0.9841269841269842,0.0,0.9807105654761905,1.0,1.0
argyll_bute_2022_ward8,3-approval,9,1.0,1.0,1.0,1.0,1.0,1.0,1.0,1.0,1.0,1.0,0.0,0.9747395833333333,1.0,1.0
argyll_bute_2022_ward8,2-approval,9,0.8476301723324304,1.0,0.8935824532900082,1.0,1.0,1.0,1.0,1.0,0.9642857142857143,0.9880952380952381,0.0,0.9383045014880953,1.0,1.0
argyll_bute_2022_ward8,plurality,9,0.7306344513256499,1.0,0.7114537444933922,1.0,0.7306344513256499,1.0,0.7114537444933922,1.0,0.9285714285714286,0.9761904761904762,0.0,0.9127604166666664,1.0,0.9444444444444444
argyll_bute_2022_ward8,stv,9,0.7306344513256499,1.0,0.7114537444933922,1.0,0.7306344513256499,1.0,0.7114537444933922,1.0,0.9285714285714286,0.9642857142857143,0.0,0.9186988467261904,1.0,0.8148148148148148
argyll_bute_2022_ward8,ranked-pairs,9,1.0,1.0,1.0,1.0,1.0,1.0,1.0,1.0,1.0,1.0,1.0,1.0,1.0,1.0
east_lothian_2022_ward3,borda,9,1.0,1.0,1.0,1.0,1.0,1.0,1.0,1.0,0.9642857142857143,0.9801587301587301,0.6666666666666667,0.9944893973214286,1.0,1.0
east_lothian_2022_ward3,3-approval,9,1.0,1.0,1.0,1.0,1.0,1.0,1.0,1.0,1.0,1.0,0.8333333333333334,0.9930989583333333,1.0,1.0
east_lothian_2022_ward3,2-approval,9,0.876047349517237,1.0,0.9278350515463916,1.0,1.0,1.0,1.0,1.0,0.9285714285714286,0.9761904761904762,0.0,0.9665271577380953,1.0,1.0
east_lothian_2022_ward3,plurality,9,0.7354816939762208,1.0,0.719787325765196,1.0,0.7354816939762208,1.0,0.719787325765196,1.0,0.8571428571428572,0.9682539682539683,0.0,0.9194661458333332,1.0,0.9629629629629631
east_lothian_2022_ward3,stv,9,0.7672253849680774,1.0,0.7732997481108311,1.0,1.0,1.0,1.0,1.0,0.8928571428571429,0.9682539682539683,0.0,0.9386067708333333,1.0,0.9259259259259258
east_lothian_2022_ward3,ranked-pairs,9,1.0,1.0,1.0,1.0,1.0,1.0,1.0,1.0,1.0,1.0,1.0,1.0,1.0,1.0
fife_2022_ward7,borda,9,1.0,1.0,1.0,1.0,1.0,1.0,1.0,1.0,0.9642857142857143,0.996031746031746,0.0,0.9808175223214286,1.0,1.0
fife_2022_ward7,3-approval,9,1.0,1.0,1.0,1.0,1.0,1.0,1.0,1.0,0.9642857142857143,0.996031746031746,0.0,0.9755440848214285,1.0,1.0
fife_2022_ward7,2-approval,9,0.9019748211283155,1.0,0.9540365350618737,1.0,1.0,1.0,1.0,1.0,0.9285714285714286,0.9761904761904762,0.0,0.9651227678571429,1.0,1.0
fife_2022_ward7,plurality,9,0.7269530159887774,1.0,0.7051034837382697,1.0,0.7269530159887774,1.0,0.7051034837382697,1.0,0.8928571428571429,0.9563492063492064,0.0,0.9043015252976189,1.0,0.9259259259259258
fife_2022_ward7,stv,9,0.7269530159887774,1.0,0.7051034837382697,1.0,0.7269530159887774,1.0,0.7051034837382697,1.0,0.8928571428571429,0.9523809523809523,0.0,0.9314360119047619,1.0,0.9259259259259258
fife_2022_ward7,ranked-pairs,9,1.0,1.0,1.0,1.0,1.0,1.0,1.0,1.0,1.0,1.0,1.0,1.0,1.0,1.0
dundee_2017_ward8,borda,9,0.9063062775689227,1.0,0.9578970331588131,1.0,1.0,1.0,1.0,1.0,0.9642857142857143,0.9880952380952381,0.0,0.9724841889880952,1.0,1.0
dundee_2017_ward8,3-approval,9,0.8678865341427973,1.0,0.9185549380076956,1.0,1.0,1.0,1.0,1.0,0.9642857142857143,0.9880952380952381,0.6666666666666667,0.9573986235119047,1.0,1.0
dundee_2017_ward8,2-approval,9,0.8254454183096545,1.0,0.863386276341742,1.0,0.8254454183096545,1.0,0.863386276341742,1.0,0.8928571428571429,0.9761904761904762,0.0,0.9341424851190476,1.0,0.925925925925926
dundee_2017_ward8,plurality,9,0.7687560209758183,1.0,0.7758211317768104,1.0,0.8135598081068878,1.0,0.8461380232438548,1.0,0.8214285714285714,0.9563492063492064,0.0,0.87529296875,1.0,0.9259259259259258
dundee_2017_ward8,stv,9,0.8355040810100224,1.0,0.8774186800543876,1.0,1.0,1.0,1.0,1.0,0.8928571428571429,0.9523809523809523,0.0,0.9034319196428571,1.0,0.9259259259259258
dundee_2017_ward8,ranked-pairs,9,1.0,1.0,1.0,1.0,1.0,1.0,1.0,1.0,1.0,1.0,1.0,1.0,1.0,1.0
glasgow_2022_ward1,borda,9,1.0,1.0,1.0,1.0,1.0,1.0,1.0,1.0,0.9642857142857143,0.996031746031746,0.0,0.9856073288690477,1.0,1.0
glasgow_2022_ward1,3-approval,9,1.0,1.0,1.0,1.0,1.0,1.0,1.0,1.0,0.9642857142857143,0.996031746031746,0.0,0.9809849330357143,1.0,1.0
glasgow_2022_ward1,2-approval,9,0.772553755388147,1.0,0.7820487418268277,1.0,1.0,1.0,1.0,1.0,0.8571428571428572,0.9603174603174603,0.0,0.8773344494047618,1.0,1.0
glasgow_2022_ward1,plurality,9,0.663122605630373,1.0,0.5938330675172779,1.0,0.663122605630373,1.0,0.5938330675172779,1.0,0.8571428571428572,0.9563492063492064,0.0,0.8564220610119048,1.0,0.9629629629629629
glasgow_2022_ward1,stv,9,0.772553755388147,1.0,0.7820487418268277,1.0,1.0,1.0,1.0,1.0,0.8571428571428572,0.9563492063492064,0.0,0.8557989211309525,1.0,0.9629629629629631
glasgow_2022_ward1,ranked-pairs,9,1.0,1.0,1.0,1.0,1.0,1.0,1.0,1.0,1.0,1.0,1.0,1.0,1.0,1.0
aberdeenshire_2022_ward17,borda,9,0.9082401327847592,1.0,0.9595706618962435,1.0,1.0,1.0,1.0,1.0,0.9642857142857143,0.996031746031746,0.0,0.9913550967261905,1.0,1.0
aberdeenshire_2022_ward17,3-approval,9,1.0,1.0,1.0,1.0,1.0,1.0,1.0,1.0,0.9642857142857143,0.9920634920634921,0.0,0.9285063244047618,1.0,1.0
aberdeenshire_2022_ward17,2-approval,9,0.8296254269854889,1.0,0.869283276450512,1.0,0.8296254269854889,1.0,0.869283276450512,1.0,0.9642857142857143,0.9761904761904762,0.0,0.9158389136904761,1.0,1.0
aberdeenshire_2022_ward17,plurality,9,0.8273601221663072,1.0,0.8660988074957412,1.0,1.0,1.0,1.0,1.0,0.8928571428571429,0.9404761904761905,0.0,0.8665318080357143,1.0,0.9629629629629629
aberdeenshire_2022_ward17,stv,9,0.8273601221663072,1.0,0.8660988074957412,1.0,1.0,1.0,1.0,1.0,0.8571428571428572,0.9484126984126984,0.0,0.8560128348214286,1.0,0.9259259259259258
aberdeenshire_2022_ward17,ranked-pairs,9,1.0,1.0,1.0,1.0,1.0,1.0,1.0,1.0,1.0,1.0,1.0,1.0,1.0,1.0
glasgow_2007_pollokshields,borda,9,0.9687729957783751,1.0,0.9952033368091762,1.0,0.9687729957783751,1.0,0.9952033368091762,1.0,1.0,1.0,0.0,0.9895647321428571,1.0,1.0
glasgow_2007_pollokshields,3-approval,9,1.0,1.0,1.0,1.0,1.0,1.0,1.0,1.0,0.9642857142857143,0.9761904761904762,0.0,0.9652808779761904,1.0,0.9629629629629629
glasgow_2007_pollokshields,2-approval,9,0.8909462223930703,1.0,0.9435246317927881,1.0,0.9687729957783751,1.0,0.9952033368091762,1.0,0.9285714285714286,0.9801587301587301,0.0,0.9476888020833334,1.0,0.9259259259259258
glasgow_2007_pollokshields,plurality,9,0.8297570795349389,1.0,0.8694675134342941,1.0,0.8297570795349389,1.0,0.8694675134342941,1.0,0.9642857142857143,0.9841269841269842,0.0,0.9354120163690477,1.0,1.0
glasgow_2007_pollokshields,stv,9,0.8297570795349389,1.0,0.8694675134342941,1.0,0.8297570795349389,1.0,0.8694675134342941,1.0,0.9285714285714286,0.9642857142857143,0.0,0.9180106026785713,1.0,0.8148148148148148
glasgow_2007_pollokshields,ranked-pairs,9,1.0,1.0,1.0,1.0,1.0,1.0,1.0,1.0,1.0,1.0,1.0,1.0,1.0,1.0
dumgal_2017_ward3,borda,9,1.0,1.0,1.0,1.0,1.0,1.0,1.0,1.0,1.0,1.0,1.0,1.0,1.0,1.0
dumgal_2017_ward3,3-approval,9,0.8914834098821589,1.0,0.9440588853838063,1.0,1.0,1.0,1.0,1.0,0.9642857142857143,0.9880952380952381,0.0,0.9559849330357143,1.0,1.0
dumgal_2017_ward3,2-approval,9,0.8914834098821589,1.0,0.9440588853838063,1.0,1.0,1.0,1.0,1.0,1.0,1.0,0.0,0.9722470238095238,1.0,1.0
dumgal_2017_ward3,plurality,9,0.7083597820357609,1.0,0.672819399203764,1.0,0.7083597820357609,1.0,0.672819399203764,1.0,0.8928571428571429,0.9880952380952381,0.0,0.9374488467261906,1.0,0.9444444444444444
dumgal_2017_ward3,stv,9,0.7721941245201899,1.0,0.7814607824243592,1.0,0.7721941245201899,1.0,0.7814607824243592,1.0,0.9642857142857143,0.9920634920634921,0.0,0.9595331101190476,1.0,0.8888888888888888
dumgal_2017_ward3,ranked-pairs,9,1.0,1.0,1.0,1.0,1.0,1.0,1.0,1.0,1.0,1.0,1.0,1.0,1.0,1.0
fife_2017_ward11,borda,9,0.9118158702686762,1.0,0.9625829812914904,1.0,1.0,1.0,1.0,1.0,0.9642857142857143,0.9841269841269842,0.0,0.9793061755952381,1.0,1.0
fife_2017_ward11,3-approval,9,0.9118158702686762,1.0,0.9625829812914904,1.0,1.0,1.0,1.0,1.0,0.9642857142857143,0.9761904761904762,0.6666666666666667,0.9650762648809524,1.0,1.0
fife_2017_ward11,2-approval,9,0.9118158702686762,1.0,0.9625829812914904,1.0,1.0,1.0,1.0,1.0,0.8928571428571429,0.9642857142857143,0.33333333333333337,0.9607747395833334,1.0,1.0
fife_2017_ward11,plurality,9,0.659405000696905,1.0,0.5873739017246989,1.0,0.659405000696905,1.0,0.5873739017246989,1.0,0.8571428571428572,0.9484126984126984,0.0,0.8781482514880952,1.0,0.8148148148148148
fife_2017_ward11,stv,9,0.7772945049640341,1.0,0.7897633461750136,1.0,1.0,1.0,1.0,1.0,0.8928571428571429,0.9642857142857143,0.0,0.913695126488095,1.0,0.9444444444444444
fife_2017_ward11,ranked-pairs,9,1.0,1.0,1.0,1.0,1.0,1.0,1.0,1.0,1.0,1.0,1.0,1.0,1.0,1.0
south_lanarkshire_2022_ward7,borda,9,0.8939591784072967,1.0,0.9464920486435923,1.0,1.0,1.0,1.0,1.0,0.9285714285714286,0.9722222222222222,0.0,0.9425734747023811,1.0,0.9444444444444444
south_lanarkshire_2022_ward7,3-approval,9,0.8939591784072967,1.0,0.9464920486435923,1.0,1.0,1.0,1.0,1.0,1.0,1.0,0.0,0.9452845982142858,1.0,1.0
south_lanarkshire_2022_ward7,2-approval,9,0.7601703494903189,1.0,0.7615983745343718,1.0,1.0,1.0,1.0,1.0,0.9642857142857143,0.9801587301587301,0.0,0.9478283110119049,1.0,1.0
south_lanarkshire_2022_ward7,plurality,9,0.7601703494903189,1.0,0.7615983745343718,1.0,1.0,1.0,1.0,1.0,0.9642857142857143,0.9841269841269842,0.0,0.9454892113095238,1.0,0.9444444444444444
south_lanarkshire_2022_ward7,stv,9,0.7601703494903189,1.0,0.7615983745343718,1.0,1.0,1.0,1.0,1.0,0.9285714285714286,0.9761904761904762,0.0,0.9462518601190476,1.0,0.9444444444444444
south_lanarkshire_2022_ward7,ranked-pairs,9,1.0,1.0,1.0,1.0,1.0,1.0,1.0,1.0,1.0,1.0,1.0,1.0,1.0,1.0
dundee_2012_ward1,borda,9,1.0,1.0,1.0,1.0,1.0,1.0,1.0,1.0,1.0,1.0,1.0,1.0,1.0,1.0
dundee_2012_ward1,3-approval,9,1.0,1.0,1.0,1.0,1.0,1.0,1.0,1.0,1.0,1.0,1.0,1.0,1.0,1.0
dundee_2012_ward1,2-approval,9,0.9071615700047009,1.0,0.9586410635155097,1.0,1.0,1.0,1.0,1.0,1.0,1.0,0.0,0.9843377976190476,1.0,1.0
dundee_2012_ward1,plurality,9,0.7592601517162788,1.0,0.7600796416127428,1.0,1.0,1.0,1.0,1.0,0.8571428571428572,0.9563492063492064,0.0,0.8517066592261906,1.0,0.9629629629629629
dundee_2012_ward1,stv,9,0.7592601517162788,1.0,0.7600796416127428,1.0,1.0,1.0,1.0,1.0,0.8571428571428572,0.9404761904761905,0.0,0.8325102306547624,1.0,0.9629629629629629
dundee_2012_ward1,ranked-pairs,9,1.0,1.0,1.0,1.0,1.0,1.0,1.0,1.0,1.0,1.0,1.0,1.0,1.0,1.0
fife_2017_ward14,borda,9,0.8874596661779045,1.0,0.9400029555194327,1.0,0.8874596661779045,1.0,0.9400029555194327,1.0,0.9642857142857143,0.996031746031746,0.0,0.9827706473214286,1.0,0.9629629629629631
fife_2017_ward14,3-approval,9,0.8874596661779045,1.0,0.9400029555194327,1.0,0.8874596661779045,1.0,0.9400029555194327,1.0,0.9642857142857143,0.996031746031746,0.0,0.9654994419642857,1.0,0.9629629629629631
fife_2017_ward14,2-approval,9,0.8001330680556628,1.0,0.8258692628650905,1.0,0.8874596661779045,1.0,0.9400029555194327,1.0,0.9285714285714286,0.9801587301587301,0.0,0.908617001488095,1.0,1.0
fife_2017_ward14,plurality,9,0.7998031067921271,1.0,0.825361512791991,1.0,0.8874596661779045,1.0,0.9400029555194327,1.0,0.8928571428571429,0.9642857142857143,0.0,0.8919131324404761,1.0,0.9629629629629631
fife_2017_ward14,stv,9,0.7998031067921271,1.0,0.825361512791991,1.0,0.8874596661779045,1.0,0.9400029555194327,1.0,0.9285714285714286,0.9682539682539683,0.0,0.9115234374999999,1.0,0.9629629629629631
fife_2017_ward14,ranked-pairs,9,1.0,1.0,1.0,1.0,1.0,1.0,1.0,1.0,1.0,1.0,1.0,1.0,1.0,1.0
aberdeen_2017_ward2,borda,9,0.9556885871995406,1.0,0.9903727135194608,1.0,1.0,1.0,1.0,1.0,0.9642857142857143,0.9920634920634921,0.0,0.9835100446428572,1.0,0.9629629629629629
aberdeen_2017_ward2,3-approval,9,0.8677071411491392,1.0,0.9183457051961824,1.0,1.0,1.0,1.0,1.0,0.9642857142857143,0.9761904761904762,0.0,0.907533482142857,1.0,1.0
aberdeen_2017_ward2,2-approval,9,0.8677071411491392,1.0,0.9183457051961824,1.0,1.0,1.0,1.0,1.0,0.9642857142857143,0.996031746031746,0.0,0.9484607514880953,1.0,1.0
aberdeen_2017_ward2,plurality,9,0.7493397140324684,1.0,0.7434044091073364,1.0,1.0,1.0,1.0,1.0,0.8928571428571429,0.9761904761904762,0.0,0.8995163690476189,1.0,0.9629629629629629
aberdeen_2017_ward2,stv,9,0.7493397140324684,1.0,0.7434044091073364,1.0,1.0,1.0,1.0,1.0,0.8928571428571429,0.9642857142857143,0.0,0.901288132440476,1.0,0.9259259259259258
aberdeen_2017_ward2,ranked-pairs,9,1.0,1.0,1.0,1.0,1.0,1.0,1.0,1.0,1.0,1.0,1.0,1.0,1.0,1.0
east_ayrshire_2017_ward9,borda,9,0.9793607096123477,1.0,0.9979008134347942,1.0,1.0,1.0,1.0,1.0,0.9642857142857143,0.9841269841269842,0.0,0.9695405505952381,1.0,1.0
east_ayrshire_2017_ward9,3-approval,9,0.9793607096123477,1.0,0.9979008134347942,1.0,1.0,1.0,1.0,1.0,0.9642857142857143,0.9880952380952381,0.0,0.9788736979166667,1.0,1.0
east_ayrshire_2017_ward9,2-approval,9,0.8450901250157066,1.0,0.8902681231380339,1.0,0.8450901250157066,1.0,0.8902681231380339,1.0,0.9642857142857143,0.9801587301587301,0.0,0.9586449032738096,1.0,0.7777777777777778
east_ayrshire_2017_ward9,plurality,9,0.7532141530897799,1.0,0.7499425419443806,1.0,0.7560944613479732,1.0,0.7547822078820005,1.0,0.8928571428571429,0.9642857142857143,0.0,0.8617792038690476,1.0,0.8703703703703703
east_ayrshire_2017_ward9,stv,9,0.7560944613479732,1.0,0.7547822078820005,1.0,0.8277394831602706,1.0,0.8666339789164013,1.0,0.8928571428571429,0.9801587301587301,0.0,0.8949079241071427,1.0,0.9444444444444444
east_ayrshire_2017_ward9,ranked-pairs,9,1.0,1.0,1.0,1.0,1.0,1.0,1.0,1.0,1.0,1.0,1.0,1.0,1.0,1.0
north_lanarkshire_2012_ward18,borda,9,0.9240500133768137,1.0,0.9720646006110867,1.0,1.0,1.0,1.0,1.0,1.0,1.0,1.0,1.0,1.0,1.0
north_lanarkshire_2012_ward18,3-approval,9,0.9240500133768137,1.0,0.9720646006110867,1.0,1.0,1.0,1.0,1.0,1.0,1.0,0.8333333333333334,0.9965866815476191,1.0,1.0
north_lanarkshire_2012_ward18,2-approval,9,0.7845514031522819,1.0,0.8014354066985646,1.0,0.7845514031522819,1.0,0.8014354066985646,1.0,0.8928571428571429,0.9761904761904762,0.0,0.9235119047619047,1.0,0.9259259259259258
north_lanarkshire_2012_ward18,plurality,9,0.8027566789138865,1.0,0.8298906439854192,1.0,1.0,1.0,1.0,1.0,0.8928571428571429,0.9801587301587301,0.0,0.8907970610119047,1.0,0.9629629629629629
north_lanarkshire_2012_ward18,stv,9,0.813443084198313,1.0,0.8459652706843718,1.0,1.0,1.0,1.0,1.0,0.7857142857142857,0.9563492063492064,0.0,0.9160016741071426,1.0,0.9629629629629629
north_lanarkshire_2012_ward18,ranked-pairs,9,1.0,1.0,1.0,1.0,1.0,1.0,1.0,1.0,1.0,1.0,1.0,1.0,1.0,1.0
south_lanarkshire_2022_ward6,borda,9,1.0,1.0,1.0,1.0,1.0,1.0,1.0,1.0,1.0,1.0,0.8333333333333334,0.9989583333333333,1.0,1.0
south_lanarkshire_2022_ward6,3-approval,9,1.0,1.0,1.0,1.0,1.0,1.0,1.0,1.0,0.9642857142857143,0.9920634920634921,0.0,0.9929780505952381,1.0,1.0
south_lanarkshire_2022_ward6,2-approval,9,0.7688991496441822,1.0,0.7760565751810068,1.0,1.0,1.0,1.0,1.0,0.9285714285714286,0.9801587301587301,0.0,0.9530273437500001,1.0,1.0
south_lanarkshire_2022_ward6,plurality,9,0.7118011207730935,1.0,0.6788158522998567,1.0,0.7118011207730935,1.0,0.6788158522998567,1.0,0.8928571428571429,0.9880952380952381,0.0,0.9316452752976191,1.0,0.9444444444444444
south_lanarkshire_2022_ward6,stv,9,0.7688991496441822,1.0,0.7760565751810068,1.0,1.0,1.0,1.0,1.0,0.8928571428571429,0.9801587301587301,0.0,0.9327985491071429,1.0,0.9444444444444444
south_lanarkshire_2022_ward6,ranked-pairs,9,1.0,1.0,1.0,1.0,1.0,1.0,1.0,1.0,1.0,1.0,1.0,1.0,1.0,1.0
fife_2022_ward9,borda,9,0.926111876922472,1.0,0.9735343383584588,1.0,1.0,1.0,1.0,1.0,1.0,1.0,0.0,0.9851748511904762,1.0,1.0
fife_2022_ward9,3-approval,9,0.926111876922472,1.0,0.9735343383584588,1.0,1.0,1.0,1.0,1.0,0.9285714285714286,0.9642857142857143,0.0,0.922279575892857,1.0,1.0
fife_2022_ward9,2-approval,9,0.8389574795385666,1.0,0.882108626198083,1.0,1.0,1.0,1.0,1.0,0.9285714285714286,0.9603174603174603,0.0,0.9142299107142856,1.0,0.9629629629629631
fife_2022_ward9,plurality,9,0.8239785501836674,1.0,0.8612954186413903,1.0,0.8239785501836674,1.0,0.8612954186413903,1.0,0.8928571428571429,0.9642857142857143,0.0,0.9051199776785712,1.0,0.9444444444444444
fife_2022_ward9,stv,9,0.8239785501836674,1.0,0.8612954186413903,1.0,0.8239785501836674,1.0,0.8612954186413903,1.0,0.8928571428571429,0.9603174603174603,0.0,0.904222470238095,1.0,0.9444444444444444
fife_2022_ward9,ranked-pairs,9,1.0,1.0,1.0,1.0,1.0,1.0,1.0,1.0,1.0,1.0,1.0,1.0,1.0,1.0
south_lanarkshire_2017_ward20,borda,9,0.9009445065903507,1.0,0.9530956848030017,1.0,0.9009445065903507,1.0,0.9530956848030017,1.0,1.0,1.0,0.0,0.9870628720238095,1.0,1.0
south_lanarkshire_2017_ward20,3-approval,9,0.9009445065903507,1.0,0.9530956848030017,1.0,0.9009445065903507,1.0,0.9530956848030017,1.0,0.9642857142857143,0.9880952380952381,0.0,0.9493257068452381,1.0,1.0
south_lanarkshire_2017_ward20,2-approval,9,0.776455939393799,1.0,0.7884037222619898,1.0,0.8358792633515302,1.0,0.8779314491882139,1.0,0.8214285714285714,0.9365079365079365,0.0,0.8142950148809527,1.0,0.9074074074074073
south_lanarkshire_2017_ward20,plurality,9,0.7807505466445102,1.0,0.7953434895084793,1.0,0.8649226370380735,1.0,0.9150697531810517,1.0,0.8928571428571429,0.9603174603174603,0.0,0.8836867559523809,1.0,0.9629629629629629
south_lanarkshire_2017_ward20,stv,9,0.7807505466445102,1.0,0.7953434895084793,1.0,0.8649226370380735,1.0,0.9150697531810517,1.0,0.8928571428571429,0.9523809523809523,0.0,0.8904761904761904,1.0,0.9629629629629629
south_lanarkshire_2017_ward20,ranked-pairs,9,0.9264496481800124,1.0,0.9737715278875018,1.0,0.9264496481800124,1.0,0.9737715278875018,1.0,0.9285714285714286,0.9920634920634921,0.0,0.9655412946428572,1.0,0.9629629629629631
east_renfrewshire_2022_ward5,borda,9,0.8284100579301565,1.0,0.8675781250000002,1.0,1.0,1.0,1.0,1.0,0.9642857142857143,0.9920634920634921,0.0,0.9826822916666667,1.0,1.0
east_renfrewshire_2022_ward5,3-approval,9,0.8284100579301565,1.0,0.8675781250000002,1.0,1.0,1.0,1.0,1.0,1.0,1.0,0.8333333333333334,0.9842075892857143,1.0,1.0
east_renfrewshire_2022_ward5,2-approval,9,0.7398338428099416,1.0,0.7272398843930635,1.0,0.7894866079946871,1.0,0.8092715231788082,1.0,0.8928571428571429,0.9722222222222222,0.0,0.9063941592261904,1.0,0.9259259259259258
east_renfrewshire_2022_ward5,plurality,9,0.7259633889819144,1.0,0.7033936047029484,1.0,0.7894866079946871,1.0,0.8092715231788082,1.0,0.8928571428571429,0.9484126984126984,0.0,0.8819986979166665,1.0,1.0
east_renfrewshire_2022_ward5,stv,9,0.7259633889819144,1.0,0.7033936047029484,1.0,0.7894866079946871,1.0,0.8092715231788082,1.0,0.8928571428571429,0.9563492063492064,0.0,0.8859235491071427,1.0,1.0
east_renfrewshire_2022_ward5,ranked-pairs,9,1.0,1.0,1.0,1.0,1.0,1.0,1.0,1.0,1.0,1.0,1.0,1.0,1.0,1.0
aberdeen_2017_ward8,borda,9,0.8451880826745827,1.0,0.8903966597077246,1.0,1.0,1.0,1.0,1.0,0.9642857142857143,0.9880952380952381,0.0,0.9766322544642857,1.0,1.0
aberdeen_2017_ward8,3-approval,9,0.7943484033550923,1.0,0.8169049410584401,1.0,1.0,1.0,1.0,1.0,0.9285714285714286,0.9761904761904762,0.0,0.9366443452380953,1.0,1.0
aberdeen_2017_ward8,2-approval,9,0.6947133949328713,1.0,0.6489870248122015,1.0,0.788578620070726,1.0,0.8078362864986274,1.0,0.8571428571428572,0.9603174603174603,0.0,0.8570591517857143,1.0,0.9259259259259258
aberdeen_2017_ward8,plurality,9,0.6947133949328713,1.0,0.6489870248122015,1.0,0.6947133949328713,1.0,0.6489870248122015,1.0,0.8571428571428572,0.9444444444444444,0.0,0.8387834821428573,1.0,0.9629629629629631
aberdeen_2017_ward8,stv,9,0.6947133949328713,1.0,0.6489870248122015,1.0,0.6947133949328713,1.0,0.6489870248122015,1.0,0.8571428571428572,0.9365079365079365,0.0,0.8444661458333333,1.0,0.8888888888888888
aberdeen_2017_ward8,ranked-pairs,9,1.0,1.0,1.0,1.0,1.0,1.0,1.0,1.0,1.0,1.0,1.0,1.0,1.0,1.0
west_lothian_2022_ward2,borda,9,0.8591536926856181,1.0,0.908116385911179,1.0,1.0,1.0,1.0,1.0,0.9285714285714286,0.9880952380952381,0.6666666666666667,0.9871791294642857,1.0,1.0
west_lothian_2022_ward2,3-approval,9,1.0,1.0,1.0,1.0,1.0,1.0,1.0,1.0,0.9285714285714286,0.9722222222222222,0.0,0.9100213913690475,1.0,1.0
west_lothian_2022_ward2,2-approval,9,0.874957957949258,1.0,0.9266235591790835,1.0,1.0,1.0,1.0,1.0,0.9285714285714286,0.9841269841269842,0.0,0.9341331845238096,1.0,1.0
west_lothian_2022_ward2,plurality,9,0.6909580822300623,1.0,0.6424206111443976,1.0,0.7208891906575153,1.0,0.6946092977250246,1.0,0.8928571428571429,0.9603174603174603,0.0,0.8984933035714285,1.0,0.9629629629629629
west_lothian_2022_ward2,stv,9,0.7208891906575153,1.0,0.6946092977250246,1.0,0.7208891906575153,1.0,0.6946092977250246,1.0,0.8928571428571429,0.9722222222222222,0.0,0.9350771949404761,1.0,0.9629629629629629
west_lothian_2022_ward2,ranked-pairs,9,1.0,1.0,1.0,1.0,1.0,1.0,1.0,1.0,1.0,1.0,1.0,1.0,1.0,1.0
edinburgh_2022_ward17,borda,9,0.9253650957121614,1.0,0.9730063514467182,1.0,1.0,1.0,1.0,1.0,1.0,1.0,0.6666666666666667,0.9990234375,1.0,1.0
edinburgh_2022_ward17,3-approval,9,0.8413798702575322,1.0,0.8853578352861838,1.0,1.0,1.0,1.0,1.0,0.9285714285714286,0.9722222222222222,0.0,0.9491024925595238,1.0,1.0
edinburgh_2022_ward17,2-approval,9,0.8413798702575322,1.0,0.8853578352861838,1.0,1.0,1.0,1.0,1.0,0.9285714285714286,0.9841269841269842,0.0,0.9422340029761905,1.0,1.0
edinburgh_2022_ward17,plurality,9,0.6791528298570555,1.0,0.6217823218040751,1.0,0.6791528298570555,1.0,0.6217823218040751,1.0,0.8928571428571429,0.9682539682539683,0.0,0.8933500744047618,1.0,0.9259259259259258
edinburgh_2022_ward17,stv,9,0.6791528298570555,1.0,0.6217823218040751,1.0,0.6791528298570555,1.0,0.6217823218040751,1.0,0.8571428571428572,0.9642857142857143,0.0,0.8989815848214284,1.0,0.8888888888888888
edinburgh_2022_ward17,ranked-pairs,9,1.0,1.0,1.0,1.0,1.0,1.0,1.0,1.0,1.0,1.0,1.0,1.0,1.0,1.0
south_lanarkshire_2012_ward1,borda,9,1.0,1.0,1.0,1.0,1.0,1.0,1.0,1.0,1.0,1.0,0.0,0.994921875,1.0,1.0
south_lanarkshire_2012_ward1,3-approval,9,1.0,1.0,1.0,1.0,1.0,1.0,1.0,1.0,1.0,1.0,0.0,0.9768880208333334,1.0,1.0
south_lanarkshire_2012_ward1,2-approval,9,1.0,1.0,1.0,1.0,1.0,1.0,1.0,1.0,1.0,1.0,0.0,0.9918619791666666,1.0,1.0
south_lanarkshire_2012_ward1,plurality,9,0.8492030504962058,1.0,0.8956151832460734,1.0,1.0,1.0,1.0,1.0,0.9285714285714286,0.9841269841269842,0.0,0.9523623511904763,1.0,1.0
south_lanarkshire_2012_ward1,stv,9,1.0,1.0,1.0,1.0,1.0,1.0,1.0,1.0,0.9285714285714286,0.9682539682539683,0.33333333333333337,0.971781994047619,1.0,1.0
south_lanarkshire_2012_ward1,ranked-pairs,9,1.0,1.0,1.0,1.0,1.0,1.0,1.0,1.0,1.0,1.0,1.0,1.0,1.0,1.0
eilean_siar_2017_ward3,borda,9,1.0,1.0,1.0,1.0,1.0,1.0,1.0,1.0,1.0,1.0,1.0,1.0,1.0,1.0
eilean_siar_2017_ward3,3-approval,9,1.0,1.0,1.0,1.0,1.0,1.0,1.0,1.0,1.0,1.0,1.0,1.0,1.0,1.0
eilean_siar_2017_ward3,2-approval,9,1.0,1.0,1.0,1.0,1.0,1.0,1.0,1.0,0.9642857142857143,0.996031746031746,0.9,0.9990652901785714,1.0,1.0
eilean_siar_2017_ward3,plurality,9,0.8193343596974264,1.0,0.8546042003231017,1.0,0.8193343596974264,1.0,0.8546042003231017,1.0,0.9285714285714286,0.9801587301587301,0.0,0.9525716145833334,1.0,0.8888888888888888
eilean_siar_2017_ward3,stv,9,0.8193343596974264,1.0,0.8546042003231017,1.0,0.8193343596974264,1.0,0.8546042003231017,1.0,0.9285714285714286,0.9841269841269842,0.0,0.9559709821428573,1.0,0.8888888888888888
eilean_siar_2017_ward3,ranked-pairs,9,1.0,1.0,1.0,1.0,1.0,1.0,1.0,1.0,1.0,1.0,1.0,1.0,1.0,1.0
highland_2012_ward1,borda,9,0.9655082343063913,1.0,0.9941520467836258,1.0,1.0,1.0,1.0,1.0,1.0,1.0,1.0,1.0,1.0,1.0
highland_2012_ward1,3-approval,9,0.9655082343063913,1.0,0.9941520467836258,1.0,1.0,1.0,1.0,1.0,1.0,0.996031746031746,0.8333333333333334,0.9860909598214286,1.0,1.0
highland_2012_ward1,2-approval,9,0.8827925631660084,1.0,0.9351438994730441,1.0,1.0,1.0,1.0,1.0,0.9285714285714286,0.9801587301587301,0.0,0.9403692336309524,1.0,1.0
highland_2012_ward1,plurality,9,0.7850240201741941,1.0,0.8021895054737637,1.0,1.0,1.0,1.0,1.0,0.8571428571428572,0.9642857142857143,0.0,0.8996791294642856,1.0,1.0
highland_2012_ward1,stv,9,0.8101800653854638,1.0,0.8411106826070188,1.0,1.0,1.0,1.0,1.0,0.8928571428571429,0.9722222222222222,0.0,0.9091099330357141,1.0,1.0
highland_2012_ward1,ranked-pairs,9,1.0,1.0,1.0,1.0,1.0,1.0,1.0,1.0,1.0,1.0,1.0,1.0,1.0,1.0
edinburgh_2012_ward4,borda,9,0.8602416700513028,1.0,0.9094446409621506,1.0,1.0,1.0,1.0,1.0,1.0,1.0,0.9,0.9996744791666666,1.0,1.0
edinburgh_2012_ward4,3-approval,9,0.8602416700513028,1.0,0.9094446409621506,1.0,1.0,1.0,1.0,1.0,1.0,1.0,0.8333333333333334,0.986328125,1.0,1.0
edinburgh_2012_ward4,2-approval,9,0.8938586967363034,1.0,0.9463942307692307,1.0,1.0,1.0,1.0,1.0,0.9285714285714286,0.9682539682539683,0.0,0.9494140625,1.0,1.0
edinburgh_2012_ward4,plurality,9,0.7893028073265258,1.0,0.8089812332439679,1.0,0.8194487951810063,1.0,0.8547703584927269,1.0,0.8571428571428572,0.9682539682539683,0.0,0.8862909226190475,1.0,0.9629629629629629
edinburgh_2012_ward4,stv,9,0.8194487951810063,1.0,0.8547703584927269,1.0,0.8617287348675174,1.0,0.9112474920335182,1.0,0.9285714285714286,0.9801587301587301,0.0,0.9159086681547617,1.0,0.9629629629629629
edinburgh_2012_ward4,ranked-pairs,9,1.0,1.0,1.0,1.0,1.0,1.0,1.0,1.0,1.0,1.0,1.0,1.0,1.0,1.0
renfrewshire_2017_ward3,borda,9,0.8571040057578995,1.0,0.9055930186433956,1.0,1.0,1.0,1.0,1.0,0.9285714285714286,0.9722222222222222,0.0,0.96298828125,1.0,1.0
renfrewshire_2017_ward3,3-approval,9,0.8571040057578995,1.0,0.9055930186433956,1.0,1.0,1.0,1.0,1.0,0.9285714285714286,0.9761904761904762,0.0,0.8776599702380952,1.0,1.0
renfrewshire_2017_ward3,2-approval,9,0.8571040057578995,1.0,0.9055930186433956,1.0,1.0,1.0,1.0,1.0,0.9642857142857143,0.9920634920634921,0.0,0.9292968750000001,1.0,1.0
renfrewshire_2017_ward3,plurality,9,0.7988173974970445,1.0,0.8238420652999242,1.0,0.7988173974970445,1.0,0.8238420652999242,1.0,0.8571428571428572,0.9404761904761905,0.0,0.8701776413690475,1.0,0.7777777777777778
renfrewshire_2017_ward3,stv,9,0.8001671624971641,1.0,0.8259217027746104,1.0,0.8015248605551591,1.0,0.8280060882800608,1.0,0.8571428571428572,0.9484126984126984,0.0,0.8588960193452381,1.0,0.9444444444444444
renfrewshire_2017_ward3,ranked-pairs,9,1.0,1.0,1.0,1.0,1.0,1.0,1.0,1.0,1.0,1.0,1.0,1.0,1.0,1.0
inverclyde_2022_ward4,borda,9,1.0,1.0,1.0,1.0,1.0,1.0,1.0,1.0,1.0,1.0,0.6666666666666667,0.9979817708333333,1.0,1.0
inverclyde_2022_ward4,3-approval,9,0.9137328159404912,1.0,0.9641535164621079,1.0,1.0,1.0,1.0,1.0,0.9642857142857143,0.9801587301587301,0.0,0.942768787202381,1.0,1.0
inverclyde_2022_ward4,2-approval,9,0.8561587129357737,1.0,0.904420098224405,1.0,1.0,1.0,1.0,1.0,0.9285714285714286,0.9801587301587301,0.0,0.9375325520833334,1.0,1.0
inverclyde_2022_ward4,plurality,9,0.7032885352060879,1.0,0.66397095230236,1.0,0.7032885352060879,1.0,0.66397095230236,1.0,0.8928571428571429,0.9642857142857143,0.0,0.9084309895833331,1.0,0.9259259259259258
inverclyde_2022_ward4,stv,9,0.7763444381727962,1.0,0.7882227740333452,1.0,0.7763444381727962,1.0,0.7882227740333452,1.0,0.8571428571428572,0.9603174603174603,0.0,0.9241443452380952,1.0,0.9629629629629631
inverclyde_2022_ward4,ranked-pairs,9,1.0,1.0,1.0,1.0,1.0,1.0,1.0,1.0,1.0,1.0,1.0,1.0,1.0,1.0
fife_2022_ward3,borda,9,0.9485247195779533,1.0,0.9870372678549174,1.0,0.9485247195779533,1.0,0.9870372678549174,1.0,0.9642857142857143,0.9880952380952381,0.0,0.9575474330357143,1.0,1.0
fife_2022_ward3,3-approval,9,0.9181617800577907,1.0,0.9676623056035548,1.0,1.0,1.0,1.0,1.0,0.9642857142857143,0.996031746031746,0.0,0.953799293154762,1.0,0.9629629629629631
fife_2022_ward3,2-approval,9,0.7877089961555489,1.0,0.8064589235127481,1.0,1.0,1.0,1.0,1.0,0.8928571428571429,0.9404761904761905,0.0,0.8605794270833333,1.0,1.0
fife_2022_ward3,plurality,9,0.7877089961555489,1.0,0.8064589235127481,1.0,1.0,1.0,1.0,1.0,0.8928571428571429,0.9603174603174603,0.0,0.9049386160714284,1.0,0.9259259259259258
fife_2022_ward3,stv,9,0.7877089961555489,1.0,0.8064589235127481,1.0,1.0,1.0,1.0,1.0,0.8928571428571429,0.9682539682539683,0.0,0.9057105654761903,1.0,0.9259259259259258
fife_2022_ward3,ranked-pairs,9,1.0,1.0,1.0,1.0,1.0,1.0,1.0,1.0,1.0,1.0,1.0,1.0,1.0,1.0
fife_2012_ward19,borda,9,1.0,1.0,1.0,1.0,1.0,1.0,1.0,1.0,1.0,1.0,0.0,0.9916015625,1.0,1.0
fife_2012_ward19,3-approval,9,0.9150922721774807,1.0,0.9652483849409665,1.0,1.0,1.0,1.0,1.0,0.9642857142857143,0.9920634920634921,0.0,0.9261997767857143,1.0,1.0
fife_2012_ward19,2-approval,9,0.7667732567325254,1.0,0.7725537472372914,1.0,0.7667732567325254,1.0,0.7725537472372914,1.0,0.8214285714285714,0.9404761904761905,0.0,0.7854771205357144,1.0,0.9259259259259258
fife_2012_ward19,plurality,9,0.7276939912027601,0.9850120650300735,0.7063829787234042,0.9988922736084187,0.7461403706432149,1.0,0.7379826635145784,1.0,0.8214285714285714,0.9523809523809524,0.0,0.7452845982142857,1.0,1.0
fife_2012_ward19,stv,9,0.7429292994943126,1.0,0.7325216025137471,1.0,0.7461403706432149,1.0,0.7379826635145784,1.0,0.7857142857142857,0.9484126984126984,0.0,0.8036132812500001,1.0,0.9629629629629629
fife_2012_ward19,ranked-pairs,9,1.0,1.0,1.0,1.0,1.0,1.0,1.0,1.0,1.0,1.0,1.0,1.0,1.0,1.0
edinburgh_2022_ward2,borda,9,0.9069849309835583,1.0,0.9584878996643704,1.0,1.0,1.0,1.0,1.0,0.9642857142857143,0.9801587301587301,0.0,0.9732096354166667,1.0,0.9351851851851851
edinburgh_2022_ward2,3-approval,9,0.9228574572959084,1.0,0.9711974397724241,1.0,1.0,1.0,1.0,1.0,0.8928571428571429,0.9444444444444444,0.0,0.8537202380952382,1.0,1.0
edinburgh_2022_ward2,2-approval,9,0.8791115517739221,1.0,0.9311966556349066,1.0,0.8791115517739221,1.0,0.9311966556349066,1.0,0.9285714285714286,0.9761904761904762,0.0,0.8924572172619046,1.0,1.0
edinburgh_2022_ward2,plurality,9,0.9288265976324459,1.0,0.9754120267260579,1.0,0.9288265976324459,1.0,0.9754120267260579,1.0,0.8571428571428572,0.9563492063492064,0.0,0.8815987723214286,1.0,0.898148148148148
edinburgh_2022_ward2,stv,9,0.9527352825290281,1.0,0.9890563329745247,1.0,1.0,1.0,1.0,1.0,0.8928571428571429,0.9603174603174603,0.0,0.8905691964285714,1.0,0.9259259259259258
edinburgh_2022_ward2,ranked-pairs,9,1.0,1.0,1.0,1.0,1.0,1.0,1.0,1.0,1.0,1.0,1.0,1.0,1.0,1.0
dundee_2017_ward3,borda,9,0.9569326568752788,1.0,0.9909024745269285,1.0,1.0,1.0,1.0,1.0,1.0,1.0,0.0,0.9970703125,1.0,1.0
dundee_2017_ward3,3-approval,9,0.9569326568752788,1.0,0.9909024745269285,1.0,1.0,1.0,1.0,1.0,0.9642857142857143,0.9841269841269842,0.0,0.981742931547619,1.0,1.0
dundee_2017_ward3,2-approval,9,0.8193151288279886,1.0,0.8545762711864406,1.0,1.0,1.0,1.0,1.0,0.9285714285714286,0.9722222222222222,0.0,0.9379603794642857,1.0,1.0
dundee_2017_ward3,plurality,9,0.7427119816162209,1.0,0.7321513376602818,1.0,0.7830777816510758,1.0,0.7990792502466293,1.0,0.8571428571428572,0.9603174603174603,0.0,0.8902762276785713,1.0,0.9629629629629629
dundee_2017_ward3,stv,9,0.7830777816510758,1.0,0.7990792502466293,1.0,0.7830777816510758,1.0,0.7990792502466293,1.0,0.9285714285714286,0.9761904761904762,0.0,0.9234840029761905,1.0,0.9629629629629629
dundee_2017_ward3,ranked-pairs,9,1.0,1.0,1.0,1.0,1.0,1.0,1.0,1.0,1.0,1.0,1.0,1.0,1.0,1.0
north_ayrshire_2012_ward1,borda,9,1.0,1.0,1.0,1.0,1.0,1.0,1.0,1.0,1.0,1.0,1.0,1.0,1.0,1.0
north_ayrshire_2012_ward1,3-approval,9,1.0,1.0,1.0,1.0,1.0,1.0,1.0,1.0,1.0,1.0,1.0,1.0,1.0,1.0
north_ayrshire_2012_ward1,2-approval,9,1.0,1.0,1.0,1.0,1.0,1.0,1.0,1.0,0.9285714285714286,0.9880952380952381,0.6666666666666667,0.9924990699404762,1.0,1.0
north_ayrshire_2012_ward1,plurality,9,0.7358753014426314,1.0,0.7204625439919556,1.0,0.7358753014426314,1.0,0.7204625439919556,1.0,0.9285714285714286,0.9841269841269842,0.0,0.9383928571428571,1.0,0.9629629629629629
north_ayrshire_2012_ward1,stv,9,0.9622788525372675,1.0,0.9930110658124635,1.0,1.0,1.0,1.0,1.0,0.9642857142857143,0.9920634920634921,0.0,0.9712983630952381,1.0,0.9259259259259258
north_ayrshire_2012_ward1,ranked-pairs,9,1.0,1.0,1.0,1.0,1.0,1.0,1.0,1.0,1.0,1.0,1.0,1.0,1.0,1.0
west_lothian_2017_ward8,borda,9,0.8690272476630923,1.0,0.9198801946836395,1.0,1.0,1.0,1.0,1.0,0.9285714285714286,0.9722222222222222,0.0,0.9674990699404762,1.0,1.0
west_lothian_2017_ward8,3-approval,9,0.8908270036422966,1.0,0.9434057604850937,1.0,1.0,1.0,1.0,1.0,0.9285714285714286,0.9761904761904762,0.0,0.9414713541666667,1.0,1.0
west_lothian_2017_ward8,2-approval,9,0.8690272476630923,1.0,0.9198801946836395,1.0,1.0,1.0,1.0,1.0,0.9285714285714286,0.9841269841269842,0.0,0.9218749999999998,1.0,1.0
west_lothian_2017_ward8,plurality,9,0.6984047309948381,1.0,0.6554395781771226,1.0,0.8128231956476063,1.0,0.8450467738066684,1.0,0.8571428571428572,0.9603174603174603,0.0,0.8635137648809523,1.0,0.9629629629629629
west_lothian_2017_ward8,stv,9,0.8128231956476063,1.0,0.8450467738066684,1.0,0.8128231956476063,1.0,0.8450467738066684,1.0,0.8571428571428572,0.9523809523809524,0.0,0.8858537946428571,1.0,0.9629629629629629
west_lothian_2017_ward8,ranked-pairs,9,1.0,1.0,1.0,1.0,1.0,1.0,1.0,1.0,1.0,1.0,1.0,1.0,1.0,1.0
west_lothian_2012_ward8,borda,9,0.9359577608667621,1.0,0.9800299550673989,1.0,1.0,1.0,1.0,1.0,0.9642857142857143,0.9880952380952381,0.0,0.9818498883928571,1.0,1.0
west_lothian_2012_ward8,3-approval,9,1.0,1.0,1.0,1.0,1.0,1.0,1.0,1.0,1.0,1.0,1.0,1.0,1.0,1.0
west_lothian_2012_ward8,2-approval,9,0.84087422621888,1.0,0.8846824013939489,1.0,1.0,1.0,1.0,1.0,0.8928571428571429,0.9563492063492064,0.0,0.8621698288690476,1.0,1.0
west_lothian_2012_ward8,plurality,9,0.6348180928198517,1.0,0.5449941566030386,1.0,1.0,1.0,1.0,1.0,0.9285714285714286,0.9722222222222222,0.0,0.8811895461309522,1.0,1.0
west_lothian_2012_ward8,stv,9,0.6348180928198517,1.0,0.5449941566030386,1.0,1.0,1.0,1.0,1.0,0.8928571428571429,0.9563492063492064,0.0,0.8519484747023811,1.0,1.0
west_lothian_2012_ward8,ranked-pairs,9,1.0,1.0,1.0,1.0,1.0,1.0,1.0,1.0,1.0,1.0,1.0,1.0,1.0,1.0
argyll_bute_2012_ward6,borda,9,0.9527672819444262,1.0,0.9890710382513662,1.0,1.0,1.0,1.0,1.0,0.9642857142857143,0.9880952380952381,0.0,0.9731910342261905,1.0,1.0
argyll_bute_2012_ward6,3-approval,9,0.9138513149011148,1.0,0.96424957841484,1.0,1.0,1.0,1.0,1.0,0.9285714285714286,0.9603174603174603,0.0,0.9406901041666667,1.0,1.0
argyll_bute_2012_ward6,2-approval,9,0.8364497792512063,1.0,0.8787096774193551,1.0,1.0,1.0,1.0,1.0,0.9285714285714286,0.9523809523809524,0.0,0.9070033482142855,1.0,1.0
argyll_bute_2012_ward6,plurality,9,0.8920037966063546,1.0,0.9445742904841403,1.0,0.8953377946072719,1.0,0.9478260869565219,1.0,0.9285714285714286,0.9722222222222222,0.0,0.9099097842261903,1.0,0.9444444444444444
argyll_bute_2012_ward6,stv,9,0.7814212523706796,1.0,0.7964219617520051,1.0,0.8953377946072719,1.0,0.9478260869565219,1.0,0.8571428571428572,0.9642857142857143,0.0,0.8862676711309523,1.0,0.9444444444444444
argyll_bute_2012_ward6,ranked-pairs,9,1.0,1.0,1.0,1.0,1.0,1.0,1.0,1.0,1.0,1.0,1.0,1.0,1.0,1.0
perth_kinross_2012_ward8,borda,9,0.9470992086088914,1.0,0.9863160145392348,1.0,1.0,1.0,1.0,1.0,1.0,1.0,0.0,0.9756138392857143,1.0,1.0
perth_kinross_2012_ward8,3-approval,9,0.9470992086088914,1.0,0.9863160145392348,1.0,1.0,1.0,1.0,1.0,1.0,1.0,0.0,0.9762555803571429,1.0,1.0
perth_kinross_2012_ward8,2-approval,9,0.8950917508990741,1.0,0.9475890985324948,1.0,1.0,1.0,1.0,1.0,0.9642857142857143,0.9841269841269842,0.0,0.9649181547619048,1.0,1.0
perth_kinross_2012_ward8,plurality,9,0.7985027565916044,1.0,0.8233562315996074,1.0,0.8985340172018924,1.0,0.9508609827803445,1.0,0.8571428571428572,0.9484126984126984,0.0,0.8878859747023808,1.0,0.9444444444444444
perth_kinross_2012_ward8,stv,9,0.7386189180227504,1.0,0.7251624883936861,1.0,1.0,1.0,1.0,1.0,0.8571428571428572,0.9404761904761905,0.0,0.8643926711309524,1.0,1.0
perth_kinross_2012_ward8,ranked-pairs,9,1.0,1.0,1.0,1.0,1.0,1.0,1.0,1.0,1.0,1.0,1.0,1.0,1.0,1.0
aberdeen_2022_ward4,borda,9,0.923352460888561,1.0,0.9715588945532602,1.0,1.0,1.0,1.0,1.0,0.9642857142857143,0.9920634920634921,0.6666666666666667,0.9895926339285714,1.0,1.0
aberdeen_2022_ward4,3-approval,9,0.8632223481741274,1.0,0.9130434782608696,1.0,1.0,1.0,1.0,1.0,0.9642857142857143,0.9722222222222222,0.0,0.9604399181547619,1.0,1.0
aberdeen_2022_ward4,2-approval,9,0.8531687668290882,1.0,0.9006725297465082,1.0,1.0,1.0,1.0,1.0,0.9285714285714286,0.9841269841269842,0.0,0.9377790178571429,1.0,1.0
aberdeen_2022_ward4,plurality,9,0.5872054796037158,1.0,0.46549660949341853,1.0,0.5872054796037158,1.0,0.46549660949341853,1.0,0.8928571428571429,0.9722222222222222,0.0,0.8829938616071427,1.0,0.8148148148148149
aberdeen_2022_ward4,stv,9,0.7275068565287987,1.0,0.7060599024843279,1.0,1.0,1.0,1.0,1.0,0.8928571428571429,0.9484126984126984,0.0,0.8985072544642856,1.0,0.9444444444444444
aberdeen_2022_ward4,ranked-pairs,9,1.0,1.0,1.0,1.0,1.0,1.0,1.0,1.0,1.0,1.0,1.0,1.0,1.0,1.0
glasgow_2012_ward1,borda,9,0.9166460870593903,1.0,0.9664804469273742,1.0,1.0,1.0,1.0,1.0,1.0,1.0,1.0,1.0,1.0,1.0
glasgow_2012_ward1,3-approval,9,0.8595474375192851,1.0,0.9085979860573199,1.0,1.0,1.0,1.0,1.0,0.9642857142857143,0.9920634920634921,0.8333333333333334,0.97890625,1.0,1.0
glasgow_2012_ward1,2-approval,9,0.8210254808284069,1.0,0.8570531340283883,1.0,1.0,1.0,1.0,1.0,0.9642857142857143,0.9801587301587301,0.0,0.9274879092261904,1.0,1.0
glasgow_2012_ward1,plurality,9,0.8071247601323602,1.0,0.8365217391304349,1.0,0.8071247601323602,1.0,0.8365217391304349,1.0,0.9285714285714286,0.9841269841269842,0.0,0.931147693452381,1.0,0.9629629629629629
glasgow_2012_ward1,stv,9,0.8071247601323602,1.0,0.8365217391304349,1.0,0.8071247601323602,1.0,0.8365217391304349,1.0,0.9285714285714286,0.9722222222222222,0.0,0.9058547247023808,1.0,0.9629629629629629
glasgow_2012_ward1,ranked-pairs,9,1.0,1.0,1.0,1.0,1.0,1.0,1.0,1.0,1.0,1.0,1.0,1.0,1.0,1.0
fife_2017_ward3,borda,9,0.8919395965780268,1.0,0.9445108190627902,1.0,1.0,1.0,1.0,1.0,0.9642857142857143,0.9880952380952381,0.0,0.9789760044642857,1.0,1.0
fife_2017_ward3,3-approval,9,0.8919395965780268,1.0,0.9445108190627902,1.0,0.8919395965780268,1.0,0.9445108190627902,1.0,0.8571428571428572,0.9365079365079365,0.0,0.8740699404761904,1.0,0.8240740740740741
fife_2017_ward3,2-approval,9,0.8239434375977164,1.0,0.8612452350698856,1.0,0.8919395965780268,1.0,0.9445108190627902,1.0,0.8928571428571429,0.9444444444444444,0.0,0.8579613095238093,1.0,1.0
fife_2017_ward3,plurality,9,0.7890731505076043,1.0,0.8086183479441905,1.0,1.0,1.0,1.0,1.0,0.8928571428571429,0.9603174603174603,0.0,0.8612723214285714,1.0,0.9074074074074073
fife_2017_ward3,stv,9,0.7890731505076043,1.0,0.8086183479441905,1.0,1.0,1.0,1.0,1.0,0.8928571428571429,0.9444444444444444,0.0,0.8607607886904762,1.0,0.9259259259259258
fife_2017_ward3,ranked-pairs,9,1.0,1.0,1.0,1.0,1.0,1.0,1.0,1.0,1.0,1.0,1.0,1.0,1.0,1.0
highland_2022_cromarty_firth,borda,9,0.8717276455857668,1.0,0.922981366459627,1.0,1.0,1.0,1.0,1.0,1.0,1.0,0.6666666666666667,0.9972098214285714,1.0,1.0
highland_2022_cromarty_firth,3-approval,9,0.8717276455857668,1.0,0.922981366459627,1.0,1.0,1.0,1.0,1.0,0.9642857142857143,0.9880952380952381,0.8333333333333334,0.9786225818452381,1.0,1.0
highland_2022_cromarty_firth,2-approval,9,0.7237728165206799,1.0,0.6996047430830038,1.0,1.0,1.0,1.0,1.0,0.8571428571428572,0.9166666666666667,0.0,0.8368908110119051,1.0,1.0
highland_2022_cromarty_firth,plurality,9,0.7237728165206799,1.0,0.6996047430830038,1.0,1.0,1.0,1.0,1.0,0.8571428571428572,0.9722222222222222,0.0,0.8746698288690475,1.0,0.9259259259259258
highland_2022_cromarty_firth,stv,9,0.7237728165206799,1.0,0.6996047430830038,1.0,1.0,1.0,1.0,1.0,0.8571428571428572,0.9523809523809523,0.0,0.841201636904762,1.0,1.0
highland_2022_cromarty_firth,ranked-pairs,9,1.0,1.0,1.0,1.0,1.0,1.0,1.0,1.0,1.0,1.0,1.0,1.0,1.0,1.0
glasgow_2012_ward21,borda,9,0.9104207227924519,1.0,0.9614204296361245,1.0,1.0,1.0,1.0,1.0,0.9642857142857143,0.9880952380952381,0.0,0.9771995907738095,1.0,1.0
glasgow_2012_ward21,3-approval,9,0.9104207227924519,1.0,0.9614204296361245,1.0,1.0,1.0,1.0,1.0,0.9642857142857143,0.9761904761904762,0.0,0.9350260416666666,1.0,1.0
glasgow_2012_ward21,2-approval,9,0.7156688835937584,1.0,0.6855456486248902,1.0,1.0,1.0,1.0,1.0,0.8928571428571429,0.9603174603174603,0.0,0.8897135416666665,1.0,0.9629629629629629
glasgow_2012_ward21,plurality,9,0.6667488258060164,1.0,0.6001430615164521,1.0,1.0,1.0,1.0,1.0,0.9285714285714286,0.9801587301587301,0.0,0.9191173735119047,1.0,0.9629629629629629
glasgow_2012_ward21,stv,9,0.6667488258060164,1.0,0.6001430615164521,1.0,1.0,1.0,1.0,1.0,0.8928571428571429,0.9682539682539683,0.0,0.891908482142857,1.0,0.9629629629629629
glasgow_2012_ward21,ranked-pairs,9,1.0,1.0,1.0,1.0,1.0,1.0,1.0,1.0,1.0,1.0,1.0,1.0,1.0,1.0
perth_kinross_2022_ward12,borda,9,0.984790565154562,1.0,0.9988593155893537,1.0,1.0,1.0,1.0,1.0,0.9642857142857143,0.9880952380952381,0.0,0.9849841889880953,1.0,1.0
perth_kinross_2022_ward12,3-approval,9,1.0,1.0,1.0,1.0,1.0,1.0,1.0,1.0,0.9642857142857143,0.9920634920634921,0.0,0.9595796130952381,1.0,1.0
perth_kinross_2022_ward12,2-approval,9,0.7817548242839811,1.0,0.7969577849940183,1.0,1.0,1.0,1.0,1.0,0.8928571428571429,0.9722222222222222,0.0,0.9099004836309522,1.0,1.0
perth_kinross_2022_ward12,plurality,9,0.7703358698476972,1.0,0.7784167794316647,1.0,1.0,1.0,1.0,1.0,0.8928571428571429,0.9682539682539683,0.0,0.8941220238095237,1.0,0.9629629629629629
perth_kinross_2022_ward12,stv,9,0.83728803656467,1.0,0.8798498122653317,1.0,1.0,1.0,1.0,1.0,0.8571428571428572,0.9484126984126984,0.0,0.9068219866071427,1.0,1.0
perth_kinross_2022_ward12,ranked-pairs,9,1.0,1.0,1.0,1.0,1.0,1.0,1.0,1.0,1.0,1.0,1.0,1.0,1.0,1.0
renfrewshire_2017_ward12,borda,9,0.9327853238576704,1.0,0.978032178217822,1.0,1.0,1.0,1.0,1.0,0.9642857142857143,0.996031746031746,0.0,0.9674153645833333,1.0,1.0
renfrewshire_2017_ward12,3-approval,9,0.8896989590385687,1.0,0.9422755582561145,1.0,1.0,1.0,1.0,1.0,0.9285714285714286,0.9484126984126984,0.0,0.8877650669642857,1.0,1.0
renfrewshire_2017_ward12,2-approval,9,0.8662637482599346,1.0,0.916654174786389,1.0,1.0,1.0,1.0,1.0,0.9642857142857143,0.9920634920634921,0.0,0.9188709077380952,1.0,1.0
renfrewshire_2017_ward12,plurality,9,0.7469491848284425,1.0,0.7393551897700993,1.0,0.7469491848284425,1.0,0.7393551897700993,1.0,0.8571428571428572,0.9563492063492064,0.0,0.8794875372023809,1.0,0.9259259259259258
renfrewshire_2017_ward12,stv,9,0.7469491848284425,1.0,0.7393551897700993,1.0,0.7469491848284425,1.0,0.7393551897700993,1.0,0.8571428571428572,0.9325396825396826,0.0,0.8881184895833333,1.0,0.9259259259259258
renfrewshire_2017_ward12,ranked-pairs,9,1.0,1.0,1.0,1.0,1.0,1.0,1.0,1.0,1.0,1.0,1.0,1.0,1.0,1.0
dundee_2017_ward7,borda,9,0.8939583351486392,1.0,0.9464912280701755,1.0,1.0,1.0,1.0,1.0,0.9642857142857143,0.9920634920634921,0.6666666666666667,0.9856305803571428,1.0,1.0
dundee_2017_ward7,3-approval,9,0.9085249535514633,1.0,0.9598145285935087,1.0,1.0,1.0,1.0,1.0,0.9642857142857143,0.9920634920634921,0.0,0.9552176339285715,1.0,1.0
dundee_2017_ward7,2-approval,9,0.8863261082554953,1.0,0.9388379204892966,1.0,1.0,1.0,1.0,1.0,0.9285714285714286,0.9761904761904762,0.0,0.9053571428571427,1.0,1.0
dundee_2017_ward7,plurality,9,0.7230947775700313,1.0,0.6984309223115194,1.0,1.0,1.0,1.0,1.0,0.9285714285714286,0.9603174603174603,0.0,0.9075148809523808,1.0,1.0
dundee_2017_ward7,stv,9,0.8935205435626574,1.0,0.9460644595483447,1.0,1.0,1.0,1.0,1.0,0.8928571428571429,0.9761904761904762,0.0,0.9424107142857143,1.0,1.0
dundee_2017_ward7,ranked-pairs,9,1.0,1.0,1.0,1.0,1.0,1.0,1.0,1.0,1.0,1.0,1.0,1.0,1.0,1.0
west_lothian_2017_ward2,borda,9,0.8921627816015001,1.0,0.944731332868109,1.0,0.8921627816015001,1.0,0.944731332868109,1.0,0.9642857142857143,0.9920634920634921,0.6666666666666667,0.9766834077380953,1.0,0.9629629629629629
west_lothian_2017_ward2,3-approval,9,1.0,1.0,1.0,1.0,1.0,1.0,1.0,1.0,0.9642857142857143,0.9880952380952381,0.0,0.9391880580357144,1.0,1.0
west_lothian_2017_ward2,2-approval,9,0.847538709303464,1.0,0.8934637858404677,1.0,0.8921627816015001,1.0,0.944731332868109,1.0,0.8214285714285714,0.9484126984126984,0.0,0.8898763020833333,1.0,0.8518518518518517
west_lothian_2017_ward2,plurality,9,0.847538709303464,1.0,0.8934637858404677,1.0,0.8921627816015001,1.0,0.944731332868109,1.0,0.8214285714285714,0.9563492063492064,0.0,0.881747581845238,1.0,0.9259259259259258
west_lothian_2017_ward2,stv,9,0.847538709303464,1.0,0.8934637858404677,1.0,0.8921627816015001,1.0,0.944731332868109,1.0,0.8928571428571429,0.9682539682539683,0.0,0.9006417410714285,1.0,0.9629629629629629
west_lothian_2017_ward2,ranked-pairs,9,1.0,1.0,1.0,1.0,1.0,1.0,1.0,1.0,1.0,1.0,1.0,1.0,1.0,1.0
east_renfrewshire_2017_ward3,borda,9,0.9746883016333666,1.0,0.9968450111739185,1.0,1.0,1.0,1.0,1.0,0.9285714285714286,0.9880952380952381,0.0,0.971591331845238,1.0,1.0
east_renfrewshire_2017_ward3,3-approval,9,0.9746883016333666,1.0,0.9968450111739185,1.0,1.0,1.0,1.0,1.0,0.9642857142857143,0.9920634920634921,0.0,0.9421595982142856,1.0,1.0
east_renfrewshire_2017_ward3,2-approval,9,0.8806102934722561,1.0,0.9328158798829366,1.0,0.8806102934722561,1.0,0.9328158798829366,1.0,0.9642857142857143,0.9801587301587301,0.0,0.9355050223214286,1.0,0.7777777777777778
east_renfrewshire_2017_ward3,plurality,9,0.8092053556515699,1.0,0.8396512050381492,1.0,0.8239758140928083,1.0,0.861291508393579,1.0,0.9285714285714286,0.9761904761904762,0.0,0.9122023809523807,1.0,0.9444444444444444
east_renfrewshire_2017_ward3,stv,9,0.8092053556515699,1.0,0.8396512050381492,1.0,0.8239758140928083,1.0,0.861291508393579,1.0,0.8928571428571429,0.9801587301587301,0.0,0.9036132812499998,1.0,0.9444444444444444
east_renfrewshire_2017_ward3,ranked-pairs,9,1.0,1.0,1.0,1.0,1.0,1.0,1.0,1.0,1.0,1.0,1.0,1.0,1.0,1.0
north_lanarkshire_2017_ward20,borda,9,0.8618409676546162,1.0,0.9113829628524542,1.0,1.0,1.0,1.0,1.0,1.0,1.0,1.0,1.0,1.0,1.0
north_lanarkshire_2017_ward20,3-approval,9,0.8618409676546162,1.0,0.9113829628524542,1.0,1.0,1.0,1.0,1.0,0.9285714285714286,0.9761904761904762,0.0,0.9292596726190475,1.0,1.0
north_lanarkshire_2017_ward20,2-approval,9,0.8375804144185583,1.0,0.8802465512180807,1.0,1.0,1.0,1.0,1.0,0.9642857142857143,0.9920634920634921,0.0,0.9267392113095239,1.0,0.9629629629629629
north_lanarkshire_2017_ward20,plurality,9,0.6904384070316351,1.0,0.6415118513773223,1.0,0.7107375195023602,1.0,0.6769633507853404,1.0,0.8928571428571429,0.9603174603174603,0.0,0.8605282738095238,1.0,0.8888888888888888
north_lanarkshire_2017_ward20,stv,9,0.7762914540021819,1.0,0.7881367759944173,1.0,1.0,1.0,1.0,1.0,0.8928571428571429,0.9801587301587301,0.0,0.9245024181547619,1.0,0.9629629629629629
north_lanarkshire_2017_ward20,ranked-pairs,9,0.9578805631204645,1.0,0.9912962387317376,1.0,1.0,1.0,1.0,1.0,0.9642857142857143,0.996031746031746,0.0,0.9827706473214286,1.0,1.0
dundee_2022_ward1,borda,9,0.9392902974263778,1.0,0.9820299500831948,1.0,1.0,1.0,1.0,1.0,1.0,1.0,1.0,1.0,1.0,1.0
dundee_2022_ward1,3-approval,9,0.9392902974263778,1.0,0.9820299500831948,1.0,1.0,1.0,1.0,1.0,1.0,1.0,0.6666666666666667,0.9814825148809524,1.0,1.0
dundee_2022_ward1,2-approval,9,0.9392902974263778,1.0,0.9820299500831948,1.0,1.0,1.0,1.0,1.0,0.9285714285714286,0.9761904761904762,0.33333333333333337,0.9793991815476191,1.0,1.0
dundee_2022_ward1,plurality,9,0.7210767926923877,1.0,0.694934547524189,1.0,1.0,1.0,1.0,1.0,0.9285714285714286,0.9841269841269842,0.0,0.9044921874999998,1.0,1.0
dundee_2022_ward1,stv,9,0.7210767926923877,1.0,0.694934547524189,1.0,1.0,1.0,1.0,1.0,0.8928571428571429,0.9682539682539683,0.0,0.9164434523809522,1.0,1.0
dundee_2022_ward1,ranked-pairs,9,1.0,1.0,1.0,1.0,1.0,1.0,1.0,1.0,1.0,1.0,1.0,1.0,1.0,1.0
sc_borders_2022_ward3,borda,9,0.9338667233105004,1.0,0.9787234042553191,1.0,1.0,1.0,1.0,1.0,1.0,1.0,0.6666666666666667,0.9909319196428571,1.0,1.0
sc_borders_2022_ward3,3-approval,9,0.9338667233105004,1.0,0.9787234042553191,1.0,1.0,1.0,1.0,1.0,1.0,1.0,0.8333333333333334,0.9848307291666667,1.0,1.0
sc_borders_2022_ward3,2-approval,9,0.8971098138392398,1.0,0.9495187165775404,1.0,1.0,1.0,1.0,1.0,0.8928571428571429,0.9761904761904762,0.0,0.9064825148809521,1.0,1.0
sc_borders_2022_ward3,plurality,9,0.8971098138392398,1.0,0.9495187165775404,1.0,1.0,1.0,1.0,1.0,0.9285714285714286,0.9841269841269842,0.0,0.9370814732142857,1.0,0.9629629629629629
sc_borders_2022_ward3,stv,9,0.8971098138392398,1.0,0.9495187165775404,1.0,1.0,1.0,1.0,1.0,0.8928571428571429,0.9801587301587301,0.0,0.9326497395833333,1.0,0.9629629629629629
sc_borders_2022_ward3,ranked-pairs,9,1.0,1.0,1.0,1.0,1.0,1.0,1.0,1.0,1.0,1.0,1.0,1.0,1.0,1.0
aberdeen_2012_ward1,borda,9,0.9792187956183709,1.0,0.9978718876356671,1.0,1.0,1.0,1.0,1.0,0.9285714285714286,0.9880952380952381,0.0,0.9781110491071429,1.0,0.9629629629629631
aberdeen_2012_ward1,3-approval,9,0.888311941633493,1.0,0.9408724415960306,1.0,1.0,1.0,1.0,1.0,0.9642857142857143,0.9761904761904762,0.0,0.9719122023809524,1.0,1.0
aberdeen_2012_ward1,2-approval,9,0.8575892698884753,1.0,0.9061928934010153,1.0,1.0,1.0,1.0,1.0,0.9285714285714286,0.9761904761904762,0.0,0.9287295386904761,1.0,0.9259259259259258
aberdeen_2012_ward1,plurality,9,0.6441642789373605,1.0,0.5610242766877286,1.0,0.6441642789373605,1.0,0.5610242766877286,1.0,0.7142857142857143,0.9206349206349207,0.0,0.8093098958333333,1.0,0.8240740740740741
aberdeen_2012_ward1,stv,9,0.6952425313989442,1.0,0.6499121265377855,1.0,0.8755877541908414,1.0,0.9273249846027509,1.0,0.8214285714285714,0.9325396825396826,0.0,0.8608863467261904,1.0,0.8518518518518519
aberdeen_2012_ward1,ranked-pairs,9,1.0,1.0,1.0,1.0,1.0,1.0,1.0,1.0,1.0,1.0,1.0,1.0,1.0,1.0
highland_2017_ward2,borda,9,1.0,1.0,1.0,1.0,1.0,1.0,1.0,1.0,1.0,1.0,0.0,0.9858723958333333,1.0,1.0
highland_2017_ward2,3-approval,9,0.9131474238826466,1.0,0.963677214004868,1.0,1.0,1.0,1.0,1.0,0.9642857142857143,0.9722222222222222,0.0,0.9296363467261904,1.0,1.0
highland_2017_ward2,2-approval,9,0.9131474238826466,1.0,0.963677214004868,1.0,1.0,1.0,1.0,1.0,1.0,1.0,0.0,0.96015625,1.0,1.0
highland_2017_ward2,plurality,9,0.7370348409209969,1.0,0.7224503202496304,1.0,0.7370348409209969,1.0,0.7224503202496304,1.0,0.9285714285714286,0.9880952380952381,0.0,0.9309849330357143,1.0,0.9629629629629631
highland_2017_ward2,stv,9,0.7370348409209969,1.0,0.7224503202496304,1.0,0.7370348409209969,1.0,0.7224503202496304,1.0,0.8928571428571429,0.9484126984126984,0.0,0.9256649925595237,1.0,0.8611111111111112
highland_2017_ward2,ranked-pairs,9,1.0,1.0,1.0,1.0,1.0,1.0,1.0,1.0,1.0,1.0,1.0,1.0,1.0,1.0
west_dunbartonshire_2012_ward3,borda,9,0.9066958268658353,1.0,0.9582366589327145,1.0,0.9066958268658353,1.0,0.9582366589327145,1.0,0.9642857142857143,0.996031746031746,0.0,0.9827706473214286,1.0,0.9629629629629631
west_dunbartonshire_2012_ward3,3-approval,9,1.0,1.0,1.0,1.0,1.0,1.0,1.0,1.0,0.9642857142857143,0.996031746031746,0.8333333333333334,0.9839611235119048,1.0,0.9722222222222222
west_dunbartonshire_2012_ward3,2-approval,9,0.7850518602843177,1.0,0.8022339027595269,1.0,1.0,1.0,1.0,1.0,0.9642857142857143,0.9722222222222222,0.0,0.9648763020833334,1.0,1.0
west_dunbartonshire_2012_ward3,plurality,9,0.7241713408622914,1.0,0.7002944366961104,1.0,0.9066958268658353,1.0,0.9582366589327145,1.0,0.8928571428571429,0.9761904761904762,0.0,0.9187313988095238,1.0,0.9629629629629631
west_dunbartonshire_2012_ward3,stv,9,0.7850518602843177,1.0,0.8022339027595269,1.0,0.9066958268658353,1.0,0.9582366589327145,1.0,0.9285714285714286,0.9682539682539683,0.0,0.9097098214285713,1.0,0.9629629629629631
west_dunbartonshire_2012_ward3,ranked-pairs,9,1.0,1.0,1.0,1.0,1.0,1.0,1.0,1.0,1.0,1.0,1.0,1.0,1.0,1.0
dumgal_2017_ward8,borda,9,0.9266518630733257,1.0,0.973913043478261,1.0,1.0,1.0,1.0,1.0,0.9642857142857143,0.9761904761904762,0.0,0.9735584077380952,1.0,1.0
dumgal_2017_ward8,3-approval,9,0.8822178047520378,1.0,0.9345341855510363,1.0,0.8822178047520378,1.0,0.9345341855510363,1.0,0.8928571428571429,0.9642857142857143,0.0,0.9114304315476189,1.0,0.8055555555555556
dumgal_2017_ward8,2-approval,9,0.831439736792028,1.0,0.8718140929535232,1.0,0.831439736792028,1.0,0.8718140929535232,1.0,0.8214285714285714,0.9603174603174603,0.0,0.8210658482142861,1.0,0.9259259259259258
dumgal_2017_ward8,plurality,9,0.8399635457878684,1.0,0.8834621912125211,1.0,0.8399635457878684,1.0,0.8834621912125211,1.0,0.8928571428571429,0.9603174603174603,0.0,0.8710658482142857,1.0,0.898148148148148
dumgal_2017_ward8,stv,9,0.8399635457878684,1.0,0.8834621912125211,1.0,0.8399635457878684,1.0,0.8834621912125211,1.0,0.8928571428571429,0.9642857142857143,0.0,0.8701497395833333,1.0,0.9259259259259258
dumgal_2017_ward8,ranked-pairs,9,1.0,1.0,1.0,1.0,1.0,1.0,1.0,1.0,1.0,1.0,1.0,1.0,1.0,1.0
highland_2022_inverness_west,borda,9,1.0,1.0,1.0,1.0,1.0,1.0,1.0,1.0,0.9642857142857143,0.9920634920634921,0.0,0.9882347470238095,1.0,0.9444444444444444
highland_2022_inverness_west,3-approval,9,0.910356097259208,1.0,0.9613661814109742,1.0,1.0,1.0,1.0,1.0,0.9642857142857143,0.996031746031746,0.0,0.9424153645833334,1.0,1.0
highland_2022_inverness_west,2-approval,9,0.910356097259208,1.0,0.9613661814109742,1.0,1.0,1.0,1.0,1.0,0.9642857142857143,0.9841269841269842,0.0,0.964946056547619,1.0,0.9629629629629629
highland_2022_inverness_west,plurality,9,0.7663631350689778,1.0,0.7718765806777947,1.0,0.7663631350689778,1.0,0.7718765806777947,1.0,0.8214285714285714,0.9761904761904762,0.0,0.9121837797619046,1.0,0.9444444444444444
highland_2022_inverness_west,stv,9,0.7663631350689778,1.0,0.7718765806777947,1.0,1.0,1.0,1.0,1.0,0.9285714285714286,0.9444444444444444,0.0,0.9384300595238095,1.0,0.7592592592592593
highland_2022_inverness_west,ranked-pairs,9,1.0,1.0,1.0,1.0,1.0,1.0,1.0,1.0,1.0,1.0,1.0,1.0,1.0,1.0
highland_2017_ward6,borda,9,1.0,1.0,1.0,1.0,1.0,1.0,1.0,1.0,0.9642857142857143,0.996031746031746,0.0,0.9647274925595238,1.0,1.0
highland_2017_ward6,3-approval,9,0.8256650014491186,1.0,0.8636983189459337,1.0,1.0,1.0,1.0,1.0,0.9285714285714286,0.9642857142857143,0.0,0.9029808407738094,1.0,1.0
highland_2017_ward6,2-approval,9,0.8256650014491186,1.0,0.8636983189459337,1.0,1.0,1.0,1.0,1.0,0.9642857142857143,0.996031746031746,0.0,0.9453450520833334,1.0,1.0
highland_2017_ward6,plurality,9,0.6945571364058744,1.0,0.6487138263665594,1.0,1.0,1.0,1.0,1.0,0.9285714285714286,0.9722222222222222,0.0,0.9044410342261904,1.0,1.0
highland_2017_ward6,stv,9,0.7633940713052261,1.0,0.766961016584105,1.0,1.0,1.0,1.0,1.0,0.8928571428571429,0.9682539682539683,0.0,0.9039992559523808,1.0,0.9259259259259258
highland_2017_ward6,ranked-pairs,9,1.0,1.0,1.0,1.0,1.0,1.0,1.0,1.0,1.0,1.0,1.0,1.0,1.0,1.0
fife_2022_ward5,borda,9,0.9474164716631287,1.0,0.986478180700676,1.0,1.0,1.0,1.0,1.0,0.9642857142857143,0.996031746031746,0.8333333333333334,0.9966750372023809,1.0,1.0
fife_2022_ward5,3-approval,9,0.869459719037237,1.0,0.9203802733214498,1.0,1.0,1.0,1.0,1.0,0.9642857142857143,0.9801587301587301,0.0,0.9660202752976191,1.0,1.0
fife_2022_ward5,2-approval,9,0.863652815852239,1.0,0.9135583185316756,1.0,1.0,1.0,1.0,1.0,0.9642857142857143,0.9801587301587301,0.0,0.9112676711309522,1.0,1.0
fife_2022_ward5,plurality,9,0.863652815852239,1.0,0.9135583185316756,1.0,1.0,1.0,1.0,1.0,0.9642857142857143,0.9801587301587301,0.0,0.9295061383928571,1.0,0.8703703703703703
fife_2022_ward5,stv,9,0.863652815852239,1.0,0.9135583185316756,1.0,1.0,1.0,1.0,1.0,0.9285714285714286,0.9841269841269842,0.0,0.9364583333333334,1.0,0.9444444444444444
fife_2022_ward5,ranked-pairs,9,1.0,1.0,1.0,1.0,1.0,1.0,1.0,1.0,1.0,1.0,1.0,1.0,1.0,1.0
edinburgh_2022_ward1,borda,9,1.0,1.0,1.0,1.0,1.0,1.0,1.0,1.0,1.0,1.0,1.0,1.0,1.0,1.0
edinburgh_2022_ward1,3-approval,9,1.0,1.0,1.0,1.0,1.0,1.0,1.0,1.0,0.9642857142857143,0.9880952380952381,0.8333333333333334,0.995707775297619,1.0,1.0
edinburgh_2022_ward1,2-approval,9,0.5199460372968238,1.0,0.3617583708635207,1.0,0.5859681854522863,1.0,0.4634890572390572,1.0,0.8571428571428572,0.9603174603174603,0.0,0.8802548363095237,1.0,0.925925925925926
edinburgh_2022_ward1,plurality,9,0.5199460372968238,1.0,0.3617583708635207,1.0,0.5199460372968238,1.0,0.3617583708635207,1.0,0.9642857142857143,0.9880952380952381,0.0,0.8972609747023808,1.0,0.9629629629629631
edinburgh_2022_ward1,stv,9,0.5855883128068236,1.0,0.46287336979385774,1.0,1.0,1.0,1.0,1.0,0.9642857142857143,0.9920634920634921,0.0,0.9330450148809524,1.0,0.9629629629629631
edinburgh_2022_ward1,ranked-pairs,9,1.0,1.0,1.0,1.0,1.0,1.0,1.0,1.0,1.0,1.0,1.0,1.0,1.0,1.0
glasgow_2007_anderston,borda,9,0.9632242900262007,1.0,0.9933554817275746,1.0,1.0,1.0,1.0,1.0,0.9642857142857143,0.996031746031746,0.0,0.9908714657738096,1.0,1.0
glasgow_2007_anderston,3-approval,9,0.9632242900262007,1.0,0.9933554817275746,1.0,1.0,1.0,1.0,1.0,0.9642857142857143,0.9841269841269842,0.0,0.9307849702380953,1.0,1.0
glasgow_2007_anderston,2-approval,9,0.9255249940449183,1.0,0.9731198169859879,1.0,1.0,1.0,1.0,1.0,0.9285714285714286,0.9761904761904762,0.0,0.935146949404762,1.0,1.0
glasgow_2007_anderston,plurality,9,0.9255249940449183,1.0,0.9731198169859879,1.0,1.0,1.0,1.0,1.0,0.9642857142857143,0.9920634920634921,0.0,0.9364025297619047,1.0,1.0
glasgow_2007_anderston,stv,9,0.9130213752778621,1.0,0.9635742743312463,1.0,1.0,1.0,1.0,1.0,0.9285714285714286,0.9761904761904762,0.0,0.9195591517857142,1.0,0.9629629629629629
glasgow_2007_anderston,ranked-pairs,9,1.0,1.0,1.0,1.0,1.0,1.0,1.0,1.0,1.0,1.0,1.0,1.0,1.0,1.0
glasgow_2007_newlands,borda,9,0.8948385681170954,1.0,0.9473447344734475,1.0,1.0,1.0,1.0,1.0,1.0,1.0,1.0,1.0,1.0,1.0
glasgow_2007_newlands,3-approval,9,0.8948385681170954,1.0,0.9473447344734475,1.0,1.0,1.0,1.0,1.0,1.0,1.0,1.0,1.0,1.0,1.0
glasgow_2007_newlands,2-approval,9,0.9128955169794392,1.0,0.9634713556437892,1.0,1.0,1.0,1.0,1.0,0.9642857142857143,0.9841269841269842,0.0,0.9336681547619048,1.0,1.0
glasgow_2007_newlands,plurality,9,0.8123981986097637,1.0,0.8444160272804775,1.0,1.0,1.0,1.0,1.0,0.9285714285714286,0.9761904761904762,0.0,0.9175688244047618,1.0,1.0
glasgow_2007_newlands,stv,9,0.8123981986097637,1.0,0.8444160272804775,1.0,1.0,1.0,1.0,1.0,0.9285714285714286,0.9761904761904762,0.0,0.9154575892857142,1.0,1.0
glasgow_2007_newlands,ranked-pairs,9,1.0,1.0,1.0,1.0,1.0,1.0,1.0,1.0,1.0,1.0,1.0,1.0,1.0,1.0
highland_2022_eilean_a_che,borda,9,0.8966281318120486,1.0,0.9490610835311893,1.0,1.0,1.0,1.0,1.0,1.0,1.0,1.0,1.0,1.0,1.0
highland_2022_eilean_a_che,3-approval,9,0.8966281318120486,1.0,0.9490610835311893,1.0,1.0,1.0,1.0,1.0,1.0,1.0,0.0,0.9491908482142857,1.0,1.0
highland_2022_eilean_a_che,2-approval,9,0.7319958810441941,1.0,0.7137976845701273,1.0,1.0,1.0,1.0,1.0,0.9285714285714286,0.9642857142857143,0.0,0.9439871651785715,1.0,1.0
highland_2022_eilean_a_che,plurality,9,0.7097970353521907,1.0,0.6753246753246754,1.0,0.7097970353521907,1.0,0.6753246753246754,1.0,0.8928571428571429,0.9523809523809524,0.0,0.912611607142857,1.0,1.0
highland_2022_eilean_a_che,stv,9,0.7097970353521907,1.0,0.6753246753246754,1.0,0.7097970353521907,1.0,0.6753246753246754,1.0,0.8928571428571429,0.9603174603174603,0.0,0.9097656249999998,1.0,0.8611111111111112
highland_2022_eilean_a_che,ranked-pairs,9,1.0,1.0,1.0,1.0,1.0,1.0,1.0,1.0,1.0,1.0,1.0,1.0,1.0,1.0
east_renfrewshire_2012_ward1,borda,9,0.9258206133047477,1.0,0.9733289965848105,1.0,1.0,1.0,1.0,1.0,0.9642857142857143,0.9880952380952381,0.6666666666666667,0.9793852306547619,1.0,0.9629629629629629
east_renfrewshire_2012_ward1,3-approval,9,0.9258206133047477,1.0,0.9733289965848105,1.0,1.0,1.0,1.0,1.0,0.9285714285714286,0.9920634920634921,0.0,0.9693731398809524,1.0,1.0
east_renfrewshire_2012_ward1,2-approval,9,0.9314857612010503,1.0,0.9771875509206451,1.0,0.9314857612010503,1.0,0.9771875509206451,1.0,0.9285714285714286,0.9722222222222222,0.0,0.9579752604166667,1.0,0.9259259259259258
east_renfrewshire_2012_ward1,plurality,9,0.8022148032234767,1.0,0.829062405788363,1.0,1.0,1.0,1.0,1.0,0.8928571428571429,0.9603174603174603,0.0,0.8815662202380952,1.0,0.9629629629629629
east_renfrewshire_2012_ward1,stv,9,0.7782195862045145,1.0,0.7912607026867434,1.0,1.0,1.0,1.0,1.0,0.8214285714285714,0.9484126984126984,0.0,0.8805943080357143,1.0,0.9629629629629629
east_renfrewshire_2012_ward1,ranked-pairs,9,1.0,1.0,1.0,1.0,1.0,1.0,1.0,1.0,1.0,1.0,1.0,1.0,1.0,1.0
south_lanarkshire_2022_ward20,borda,9,0.9248049737840844,1.0,0.9726071030418857,1.0,1.0,1.0,1.0,1.0,0.9642857142857143,0.9920634920634921,0.6666666666666667,0.9910528273809524,1.0,1.0
south_lanarkshire_2022_ward20,3-approval,9,0.9248049737840844,1.0,0.9726071030418857,1.0,1.0,1.0,1.0,1.0,0.9642857142857143,0.9841269841269842,0.0,0.959272693452381,1.0,1.0
south_lanarkshire_2022_ward20,2-approval,9,0.8012941023453259,1.0,0.8276523535487679,1.0,1.0,1.0,1.0,1.0,0.9285714285714286,0.9761904761904762,0.0,0.9203683035714284,1.0,1.0
south_lanarkshire_2022_ward20,plurality,9,0.7399717818502102,1.0,0.7274755927475592,1.0,0.7399717818502102,1.0,0.7274755927475592,1.0,0.9285714285714286,0.9761904761904762,0.0,0.9003627232142855,1.0,0.9259259259259258
south_lanarkshire_2022_ward20,stv,9,0.8012941023453259,1.0,0.8276523535487679,1.0,1.0,1.0,1.0,1.0,0.9285714285714286,0.9841269841269842,0.0,0.9209914434523809,1.0,0.9629629629629629
south_lanarkshire_2022_ward20,ranked-pairs,9,1.0,1.0,1.0,1.0,1.0,1.0,1.0,1.0,1.0,1.0,1.0,1.0,1.0,1.0
east_renfrewshire_2017_ward2,borda,9,1.0,1.0,1.0,1.0,1.0,1.0,1.0,1.0,1.0,1.0,1.0,1.0,1.0,1.0
east_renfrewshire_2017_ward2,3-approval,9,1.0,1.0,1.0,1.0,1.0,1.0,1.0,1.0,1.0,1.0,0.8333333333333334,0.9981770833333333,1.0,1.0
east_renfrewshire_2017_ward2,2-approval,9,0.9085828947476637,1.0,0.9598640556724389,1.0,1.0,1.0,1.0,1.0,0.9642857142857143,0.9880952380952381,0.0,0.9732096354166667,1.0,1.0
east_renfrewshire_2017_ward2,plurality,9,0.7648854898594873,1.0,0.7694330800701346,1.0,0.8836521471596979,1.0,0.9360511590727418,1.0,0.8928571428571429,0.9603174603174603,0.0,0.8854352678571428,1.0,0.9444444444444444
east_renfrewshire_2017_ward2,stv,9,0.7648854898594873,1.0,0.7694330800701346,1.0,0.8836521471596979,1.0,0.9360511590727418,1.0,0.8571428571428572,0.9563492063492064,0.0,0.8817010788690475,1.0,0.9444444444444444
east_renfrewshire_2017_ward2,ranked-pairs,9,1.0,1.0,1.0,1.0,1.0,1.0,1.0,1.0,1.0,1.0,1.0,1.0,1.0,1.0
north_lanarkshire_2022_ward7,borda,9,0.8762229789819256,1.0,0.9280295662322506,1.0,1.0,1.0,1.0,1.0,0.9285714285714286,0.9841269841269842,0.0,0.9740141369047619,1.0,1.0
north_lanarkshire_2022_ward7,3-approval,9,0.8762229789819256,1.0,0.9280295662322506,1.0,1.0,1.0,1.0,1.0,0.9642857142857143,0.9880952380952381,0.0,0.9446568080357143,1.0,1.0
north_lanarkshire_2022_ward7,2-approval,9,0.802031716317158,1.0,0.8287822878228781,1.0,1.0,1.0,1.0,1.0,0.9285714285714286,0.9642857142857143,0.0,0.9173502604166666,1.0,1.0
north_lanarkshire_2022_ward7,plurality,9,0.802031716317158,1.0,0.8287822878228781,1.0,1.0,1.0,1.0,1.0,0.9642857142857143,0.9880952380952381,0.0,0.9231724330357143,1.0,1.0
north_lanarkshire_2022_ward7,stv,9,0.8762229789819256,1.0,0.9280295662322506,1.0,1.0,1.0,1.0,1.0,0.9285714285714286,0.9761904761904762,0.0,0.939453125,1.0,1.0
north_lanarkshire_2022_ward7,ranked-pairs,9,1.0,1.0,1.0,1.0,1.0,1.0,1.0,1.0,1.0,1.0,1.0,1.0,1.0,1.0
aberdeenshire_2012_ward5,borda,9,1.0,1.0,1.0,1.0,1.0,1.0,1.0,1.0,1.0,1.0,1.0,1.0,1.0,1.0
aberdeenshire_2012_ward5,3-approval,9,1.0,1.0,1.0,1.0,1.0,1.0,1.0,1.0,1.0,1.0,0.8333333333333334,0.9865885416666667,1.0,1.0
aberdeenshire_2012_ward5,2-approval,9,0.8496529047906332,1.0,0.8961937716262979,1.0,0.8496529047906332,1.0,0.8961937716262979,1.0,0.9285714285714286,0.9642857142857143,0.0,0.9141973586309522,1.0,0.9259259259259258
aberdeenshire_2012_ward5,plurality,9,0.7178598472834289,1.0,0.6893526203462178,1.0,0.8346278486223834,1.0,0.8762180668949172,1.0,0.8214285714285714,0.9325396825396826,0.0,0.8726329985119048,1.0,0.9259259259259258
aberdeenshire_2012_ward5,stv,9,0.7178598472834289,1.0,0.6893526203462178,1.0,0.8346278486223834,1.0,0.8762180668949172,1.0,0.8571428571428572,0.9404761904761905,0.0,0.871005394345238,1.0,0.9629629629629629
aberdeenshire_2012_ward5,ranked-pairs,9,1.0,1.0,1.0,1.0,1.0,1.0,1.0,1.0,1.0,1.0,1.0,1.0,1.0,1.0
west_dunbartonshire_2017_ward6,borda,9,0.8540939091234593,1.0,0.9018381656244079,1.0,1.0,1.0,1.0,1.0,0.9642857142857143,0.9920634920634921,0.0,0.9832124255952381,1.0,1.0
west_dunbartonshire_2017_ward6,3-approval,9,0.8991003710842342,1.0,0.9513902391600235,1.0,1.0,1.0,1.0,1.0,1.0,1.0,0.6666666666666667,0.9774739583333334,1.0,1.0
west_dunbartonshire_2017_ward6,2-approval,9,0.7823555969682543,1.0,0.7979218917950556,1.0,0.7823555969682543,1.0,0.7979218917950556,1.0,0.9285714285714286,0.9841269841269842,0.0,0.9154296874999999,1.0,0.9259259259259258
west_dunbartonshire_2017_ward6,plurality,9,0.6221007337244686,1.0,0.5233758348512448,1.0,0.6221007337244686,1.0,0.5233758348512448,1.0,0.8571428571428572,0.9682539682539683,0.0,0.8782459077380952,1.0,0.8888888888888888
west_dunbartonshire_2017_ward6,stv,9,0.6221007337244686,1.0,0.5233758348512448,1.0,0.7823555969682543,1.0,0.7979218917950556,1.0,0.8928571428571429,0.9603174603174603,0.0,0.8894438244047618,1.0,0.9259259259259258
west_dunbartonshire_2017_ward6,ranked-pairs,9,1.0,1.0,1.0,1.0,1.0,1.0,1.0,1.0,1.0,1.0,1.0,1.0,1.0,1.0
argyll_bute_2022_ward3,borda,9,1.0,1.0,1.0,1.0,1.0,1.0,1.0,1.0,1.0,1.0,0.6666666666666667,0.9935732886904762,1.0,1.0
argyll_bute_2022_ward3,3-approval,9,0.8638537955369533,1.0,0.9137982639928167,1.0,1.0,1.0,1.0,1.0,0.9285714285714286,0.9642857142857143,0.0,0.9511393229166667,1.0,1.0
argyll_bute_2022_ward3,2-approval,9,0.7746908210776624,1.0,0.7855347668249092,1.0,1.0,1.0,1.0,1.0,0.9285714285714286,0.9841269841269842,0.0,0.9150855654761904,1.0,1.0
argyll_bute_2022_ward3,plurality,9,0.7624077447649402,1.0,0.7653230259525126,1.0,0.7624077447649402,1.0,0.7653230259525126,1.0,0.8928571428571429,0.9642857142857143,0.0,0.8840541294642856,1.0,1.0
argyll_bute_2022_ward3,stv,9,0.7624077447649402,1.0,0.7653230259525126,1.0,0.7624077447649402,1.0,0.7653230259525126,1.0,0.8928571428571429,0.9642857142857143,0.0,0.8812360491071428,1.0,0.8518518518518519
argyll_bute_2022_ward3,ranked-pairs,9,1.0,1.0,1.0,1.0,1.0,1.0,1.0,1.0,1.0,1.0,1.0,1.0,1.0,1.0
glasgow_2017_ward20,borda,9,0.9588036219431157,1.0,0.9916714531878231,1.0,1.0,1.0,1.0,1.0,1.0,1.0,0.6666666666666667,0.9993489583333334,1.0,1.0
glasgow_2017_ward20,3-approval,9,0.9588036219431157,1.0,0.9916714531878231,1.0,1.0,1.0,1.0,1.0,1.0,1.0,0.8333333333333334,0.9990234375,1.0,1.0
glasgow_2017_ward20,2-approval,9,0.7922021674194345,1.0,0.8135460251046026,1.0,1.0,1.0,1.0,1.0,0.9285714285714286,0.9841269841269842,0.0,0.956147693452381,1.0,1.0
glasgow_2017_ward20,plurality,9,0.7433961114369929,1.0,0.733316670832292,1.0,0.7433961114369929,1.0,0.733316670832292,1.0,0.9285714285714286,0.9801587301587301,0.0,0.9233305431547618,1.0,0.8888888888888888
glasgow_2017_ward20,stv,9,0.7433961114369929,1.0,0.733316670832292,1.0,0.7433961114369929,1.0,0.733316670832292,1.0,0.8928571428571429,0.9722222222222222,0.0,0.9309012276785714,1.0,0.8888888888888888
glasgow_2017_ward20,ranked-pairs,9,1.0,1.0,1.0,1.0,1.0,1.0,1.0,1.0,1.0,1.0,1.0,1.0,1.0,1.0
east_lothian_2022_ward1,borda,9,0.9063614016836642,1.0,0.9579451690178333,1.0,1.0,1.0,1.0,1.0,0.9642857142857143,0.996031746031746,0.0,0.9880719866071429,1.0,1.0
east_lothian_2022_ward1,3-approval,9,0.9103231226330302,1.0,1.0,1.0,1.0,1.0,0.9613384882015731,1.0,0.9285714285714286,0.9722222222222222,0.0,0.909291294642857,1.0,0.9722222222222222
east_lothian_2022_ward1,2-approval,9,0.8484590171359688,1.0,0.8946555054732773,1.0,1.0,1.0,1.0,1.0,0.8928571428571429,0.9761904761904762,0.0,0.9202566964285714,1.0,0.9259259259259258
east_lothian_2022_ward1,plurality,9,0.6682679224739874,1.0,0.6027889748338598,1.0,0.6909067677175025,1.0,0.6423308774279973,1.0,0.75,0.9365079365079365,0.0,0.8419642857142859,1.0,0.8981481481481483
east_lothian_2022_ward1,stv,9,0.6909067677175025,1.0,0.6423308774279973,1.0,0.8145119887751137,1.0,0.8475448951400225,1.0,0.8571428571428572,0.9404761904761905,0.0,0.8689313616071428,1.0,0.9629629629629629
east_lothian_2022_ward1,ranked-pairs,9,1.0,1.0,1.0,1.0,1.0,1.0,1.0,1.0,1.0,1.0,1.0,1.0,1.0,1.0
glasgow_2017_ward10,borda,9,0.8648027436114472,1.0,0.9149275131432214,1.0,1.0,1.0,1.0,1.0,0.9642857142857143,0.996031746031746,0.0,0.9798874627976191,1.0,1.0
glasgow_2017_ward10,3-approval,9,0.7617769505520804,1.0,0.764274181711434,1.0,1.0,1.0,1.0,1.0,0.9642857142857143,0.9801587301587301,0.0,0.9352260044642857,1.0,1.0
glasgow_2017_ward10,2-approval,9,0.7617769505520804,1.0,0.764274181711434,1.0,1.0,1.0,1.0,1.0,0.9642857142857143,0.9920634920634921,0.0,0.9300409226190477,1.0,1.0
glasgow_2017_ward10,plurality,9,0.640530906913925,1.0,0.5547794593196224,1.0,1.0,1.0,1.0,1.0,0.9285714285714286,0.9841269841269842,0.0,0.9124720982142857,1.0,0.9629629629629629
glasgow_2017_ward10,stv,9,0.640530906913925,1.0,0.5547794593196224,1.0,1.0,1.0,1.0,1.0,0.8928571428571429,0.9722222222222222,0.0,0.8916806175595237,1.0,0.9629629629629629
glasgow_2017_ward10,ranked-pairs,9,1.0,1.0,1.0,1.0,1.0,1.0,1.0,1.0,1.0,1.0,1.0,1.0,1.0,1.0
fife_2017_ward5,borda,9,1.0,1.0,1.0,1.0,1.0,1.0,1.0,1.0,1.0,1.0,0.6666666666666667,0.998046875,1.0,1.0
fife_2017_ward5,3-approval,9,1.0,1.0,1.0,1.0,1.0,1.0,1.0,1.0,1.0,1.0,0.6666666666666667,0.9777715773809524,1.0,1.0
fife_2017_ward5,2-approval,9,0.8450906158812059,1.0,0.8902687673772011,1.0,0.8450906158812059,1.0,0.8902687673772011,1.0,0.9285714285714286,0.9722222222222222,0.0,0.9374488467261906,1.0,0.8888888888888888
fife_2017_ward5,plurality,9,0.8044854021753379,1.0,0.8325247079964061,1.0,0.805136247236457,1.0,0.8335131247752606,1.0,0.8928571428571429,0.9563492063492064,0.0,0.8710518973214285,1.0,0.9444444444444444
fife_2017_ward5,stv,9,0.8044854021753379,1.0,0.8325247079964061,1.0,0.805136247236457,1.0,0.8335131247752606,1.0,0.8928571428571429,0.9603174603174603,0.0,0.8754371279761903,1.0,0.9444444444444444
fife_2017_ward5,ranked-pairs,9,1.0,1.0,1.0,1.0,1.0,1.0,1.0,1.0,1.0,1.0,1.0,1.0,1.0,1.0
south_ayrshire_2022_ward5,borda,9,0.9248756476362723,1.0,0.9726576311137302,1.0,1.0,1.0,1.0,1.0,1.0,1.0,0.6666666666666667,0.9964192708333334,1.0,1.0
south_ayrshire_2022_ward5,3-approval,9,0.8537434583399619,1.0,0.9013972509371804,1.0,1.0,1.0,1.0,1.0,0.8928571428571429,0.9722222222222222,0.0,0.8563476562500001,1.0,1.0
south_ayrshire_2022_ward5,2-approval,9,0.7115229885317296,1.0,0.6783314950365988,1.0,0.7143350388428809,1.0,0.6832260659694288,1.0,0.8571428571428572,0.9444444444444444,0.0,0.8609281994047618,1.0,0.9259259259259258
south_ayrshire_2022_ward5,plurality,9,0.7115229885317296,1.0,0.6783314950365988,1.0,0.7143350388428809,1.0,0.6832260659694288,1.0,0.8571428571428572,0.9682539682539683,0.0,0.8609002976190476,1.0,0.9259259259259258
south_ayrshire_2022_ward5,stv,9,0.7115229885317296,1.0,0.6783314950365988,1.0,0.7143350388428809,1.0,0.6832260659694288,1.0,0.8571428571428572,0.9444444444444444,0.0,0.8620628720238096,1.0,0.9629629629629631
south_ayrshire_2022_ward5,ranked-pairs,9,1.0,1.0,1.0,1.0,1.0,1.0,1.0,1.0,1.0,1.0,1.0,1.0,1.0,1.0
glasgow_2007_southsidecentral,borda,9,1.0,1.0,1.0,1.0,1.0,1.0,1.0,1.0,1.0,1.0,1.0,1.0,1.0,1.0
glasgow_2007_southsidecentral,3-approval,9,1.0,1.0,1.0,1.0,1.0,1.0,1.0,1.0,1.0,1.0,1.0,1.0,1.0,1.0
glasgow_2007_southsidecentral,2-approval,9,0.9745109200384992,1.0,0.996800731261426,1.0,1.0,1.0,1.0,1.0,0.9642857142857143,0.9841269841269842,0.0,0.9726097470238095,1.0,0.9629629629629629
glasgow_2007_southsidecentral,plurality,9,0.769753849878049,1.0,0.7774613506916193,1.0,0.8682373228060136,1.0,0.9189634347205448,1.0,0.8214285714285714,0.9603174603174603,0.0,0.9040922619047618,1.0,0.925925925925926
glasgow_2007_southsidecentral,stv,9,0.8170480346445922,1.0,0.8512711864406778,1.0,0.8682373228060136,1.0,0.9189634347205448,1.0,0.8928571428571429,0.9682539682539683,0.0,0.9157831101190474,1.0,1.0
glasgow_2007_southsidecentral,ranked-pairs,9,1.0,1.0,1.0,1.0,1.0,1.0,1.0,1.0,1.0,1.0,1.0,1.0,1.0,1.0
glasgow_2022_ward9,borda,9,0.8723154362125726,1.0,0.9236496119119277,1.0,1.0,1.0,1.0,1.0,0.9642857142857143,0.9920634920634921,0.6666666666666667,0.9902901785714285,1.0,1.0
glasgow_2022_ward9,3-approval,9,0.9057920761434873,1.0,0.9574468085106382,1.0,1.0,1.0,1.0,1.0,0.9285714285714286,0.9761904761904762,0.0,0.9603050595238096,1.0,0.898148148148148
glasgow_2022_ward9,2-approval,9,0.8154758295954995,1.0,0.8489646772228988,1.0,1.0,1.0,1.0,1.0,0.8928571428571429,0.9563492063492064,0.0,0.8989908854166666,1.0,0.9259259259259258
glasgow_2022_ward9,plurality,9,0.6402705102394878,1.0,0.554332522718546,1.0,0.7593652510370801,1.0,0.7602551094361502,1.0,0.8214285714285714,0.9444444444444444,0.0,0.8279482886904763,1.0,0.9629629629629629
glasgow_2022_ward9,stv,9,0.6562309204690275,1.0,0.5818679171551387,1.0,1.0,1.0,1.0,1.0,0.8928571428571429,0.9603174603174603,0.0,0.8760230654761905,1.0,0.9259259259259258
glasgow_2022_ward9,ranked-pairs,9,1.0,1.0,1.0,1.0,1.0,1.0,1.0,1.0,1.0,1.0,1.0,1.0,1.0,1.0
aberdeen_2017_ward6,borda,9,0.9354112514011327,1.0,0.9796923076923075,1.0,1.0,1.0,1.0,1.0,0.9642857142857143,0.9801587301587301,0.0,0.9771623883928571,1.0,1.0
aberdeen_2017_ward6,3-approval,9,0.8619111361942051,1.0,0.9114676173499703,1.0,1.0,1.0,1.0,1.0,0.9285714285714286,0.9761904761904762,0.0,0.9323102678571429,1.0,1.0
aberdeen_2017_ward6,2-approval,9,0.8000660530577034,1.0,0.825766174801362,1.0,1.0,1.0,1.0,1.0,0.9642857142857143,0.9920634920634921,0.0,0.9330450148809525,1.0,1.0
aberdeen_2017_ward6,plurality,9,0.6759434040549862,1.0,0.6161768399899521,1.0,1.0,1.0,1.0,1.0,0.9285714285714286,0.9801587301587301,0.0,0.910374813988095,1.0,0.9444444444444444
aberdeen_2017_ward6,stv,9,0.6759434040549862,1.0,0.6161768399899521,1.0,1.0,1.0,1.0,1.0,0.9285714285714286,0.9722222222222222,0.0,0.8970005580357142,1.0,0.9444444444444444
aberdeen_2017_ward6,ranked-pairs,9,1.0,1.0,1.0,1.0,1.0,1.0,1.0,1.0,1.0,1.0,1.0,1.0,1.0,1.0
aberdeen_2012_ward2,borda,9,0.8848660435383369,1.0,0.9373229461756374,1.0,0.8848660435383369,1.0,0.9373229461756374,1.0,0.9642857142857143,0.9920634920634921,0.0,0.9767020089285714,1.0,0.9259259259259258
aberdeen_2012_ward2,3-approval,9,0.9238041251551223,1.0,0.9718868264552168,1.0,1.0,1.0,1.0,1.0,1.0,1.0,1.0,1.0,1.0,1.0
aberdeen_2012_ward2,2-approval,9,0.823912409911786,1.0,0.8612008845041673,1.0,0.8848660435383369,1.0,0.9373229461756374,1.0,0.9285714285714286,0.9722222222222222,0.0,0.9254510788690475,1.0,0.9259259259259258
aberdeen_2012_ward2,plurality,9,0.8081490922423676,1.0,0.8380648412565092,1.0,0.8848660435383369,1.0,0.9373229461756374,1.0,0.8928571428571429,0.9761904761904762,0.0,0.9185546874999998,1.0,1.0
aberdeen_2012_ward2,stv,9,0.7759709603870358,1.0,0.787616402548603,1.0,0.8848660435383369,1.0,0.9373229461756374,1.0,0.9285714285714286,0.9841269841269842,0.0,0.916620163690476,1.0,1.0
aberdeen_2012_ward2,ranked-pairs,9,1.0,1.0,1.0,1.0,1.0,1.0,1.0,1.0,1.0,1.0,1.0,1.0,1.0,1.0
eilean_siar_2022_ward4,borda,3,1.0,1.0,1.0,1.0,1.0,1.0,1.0,1.0,1.0,1.0,1.0,1.0,1.0,1.0
eilean_siar_2022_ward4,3-approval,3,1.0,1.0,1.0,1.0,1.0,1.0,1.0,1.0,1.0,1.0,1.0,1.0,1.0,1.0
eilean_siar_2022_ward4,2-approval,3,1.0,1.0,1.0,1.0,1.0,1.0,1.0,1.0,1.0,1.0,1.0,1.0,1.0,1.0
eilean_siar_2022_ward4,plurality,3,1.0,1.0,1.0,1.0,1.0,1.0,1.0,1.0,1.0,1.0,1.0,1.0,1.0,1.0
eilean_siar_2022_ward4,stv,3,1.0,1.0,1.0,1.0,1.0,1.0,1.0,1.0,1.0,1.0,1.0,1.0,1.0,1.0
eilean_siar_2022_ward4,ranked-pairs,3,1.0,1.0,1.0,1.0,1.0,1.0,1.0,1.0,1.0,1.0,1.0,1.0,1.0,1.0
eilean_siar_2022_ward3,borda,3,1.0,1.0,1.0,1.0,1.0,1.0,1.0,1.0,1.0,1.0,1.0,1.0,1.0,1.0
eilean_siar_2022_ward3,3-approval,3,1.0,1.0,1.0,1.0,1.0,1.0,1.0,1.0,1.0,1.0,1.0,1.0,1.0,1.0
eilean_siar_2022_ward3,2-approval,3,1.0,1.0,1.0,1.0,1.0,1.0,1.0,1.0,1.0,1.0,1.0,1.0,1.0,1.0
eilean_siar_2022_ward3,plurality,3,1.0,1.0,1.0,1.0,1.0,1.0,1.0,1.0,1.0,1.0,1.0,1.0,1.0,1.0
eilean_siar_2022_ward3,stv,3,1.0,1.0,1.0,1.0,1.0,1.0,1.0,1.0,1.0,1.0,1.0,1.0,1.0,1.0
eilean_siar_2022_ward3,ranked-pairs,3,1.0,1.0,1.0,1.0,1.0,1.0,1.0,1.0,1.0,1.0,1.0,1.0,1.0,1.0
