{
    "3": {
        "median_voters": 700,
        "max_voters": 739,
        "mean_n_voters": 700.0,
        "variance_n_voters": 1521.0,
        "mean_sigma_IIA": 1.0,
        "variance_sigma_IIA": 0.0,
        "mean_sigma_IIA_all_subset": 1.0,
        "variance_sigma_IIA_all_subset": 0.0,
        "mean_sigma_IIA_winner_set": 1.0,
        "variance_sigma_IIA_winner_set": 0.0,
        "mean_sigma_UM": 1.0,
        "variance_sigma_UM": 0.0,
        "mean_sigma_UM_winner_set": 1.0,
        "variance_sigma_UM_winner_set": 0.0
    },
    "4": {
        "median_voters": 3448,
        "max_voters": 6210,
        "mean_n_voters": 3360.9166666666665,
        "variance_n_voters": 2042585.0763888885,
        "mean_sigma_IIA": 0.914351851851852,
        "variance_sigma_IIA": 0.011375814471879289,
        "mean_sigma_IIA_all_subset": 0.9126157407407409,
        "variance_sigma_IIA_all_subset": 0.009809496634945127,
        "mean_sigma_IIA_winner_set": 0.9409722222222222,
        "variance_sigma_IIA_winner_set": 0.00736641589506173,
        "mean_sigma_UM": 0.8956386000824964,
        "variance_sigma_UM": 0.008987377255618415,
        "mean_sigma_UM_winner_set": 0.9248899363667726,
        "variance_sigma_UM_winner_set": 0.009028948118081682
    },
    "5": {
        "median_voters": 3996,
        "max_voters": 11788,
        "mean_n_voters": 4154.627272727273,
        "variance_n_voters": 3213102.651983471,
        "mean_sigma_IIA": 0.9030303030303031,
        "variance_sigma_IIA": 0.005485766758494034,
        "mean_sigma_IIA_all_subset": 0.8890151515151515,
        "variance_sigma_IIA_all_subset": 0.0056664030216942145,
        "mean_sigma_IIA_winner_set": 0.9430303030303034,
        "variance_sigma_IIA_winner_set": 0.0042089990817263554,
        "mean_sigma_UM": 0.8476904620161588,
        "variance_sigma_UM": 0.012148708684907784,
        "mean_sigma_UM_winner_set": 0.9424543599928348,
        "variance_sigma_UM_winner_set": 0.010364999035246413
    },
    "6": {
        "median_voters": 4531,
        "max_voters": 13579,
        "mean_n_voters": 4632.8,
        "variance_n_voters": 2841115.6136585376,
        "mean_sigma_IIA": 0.930569105691057,
        "variance_sigma_IIA": 0.0021549606715579343,
        "mean_sigma_IIA_all_subset": 0.8861229674796749,
        "variance_sigma_IIA_all_subset": 0.004422657050408157,
        "mean_sigma_IIA_winner_set": 0.9363143631436315,
        "variance_sigma_IIA_winner_set": 0.003750523277590499,
        "mean_sigma_UM": 0.835100160893481,
        "variance_sigma_UM": 0.008091646005263076,
        "mean_sigma_UM_winner_set": 0.9235168201754144,
        "variance_sigma_UM_winner_set": 0.010610023374669578
    },
    "7": {
        "median_voters": 4819,
        "max_voters": 13547,
        "mean_n_voters": 5004.563829787234,
        "variance_n_voters": 3603516.7920250488,
        "mean_sigma_IIA": 0.9429584599797366,
        "variance_sigma_IIA": 0.0011273437497326775,
        "mean_sigma_IIA_all_subset": 0.8856466090425532,
        "variance_sigma_IIA_all_subset": 0.0030678686740590556,
        "mean_sigma_IIA_winner_set": 0.9373100303951369,
        "variance_sigma_IIA_winner_set": 0.002748555221595707,
        "mean_sigma_UM": 0.8011275909143829,
        "variance_sigma_UM": 0.00823304700290512,
        "mean_sigma_UM_winner_set": 0.9116189404376623,
        "variance_sigma_UM_winner_set": 0.011646478926477456
    },
    "8": {
        "median_voters": 5289,
        "max_voters": 13567,
        "mean_n_voters": 5384.714975845411,
        "variance_n_voters": 3584256.8124810383,
        "mean_sigma_IIA": 0.95703933747412,
        "variance_sigma_IIA": 0.00044215246134860853,
        "mean_sigma_IIA_all_subset": 0.8949267274844721,
        "variance_sigma_IIA_all_subset": 0.001916037856716587,
        "mean_sigma_IIA_winner_set": 0.9483192431561995,
        "variance_sigma_IIA_winner_set": 0.001568208839309098,
        "mean_sigma_UM": 0.7885861484841473,
        "variance_sigma_UM": 0.005458159080001035,
        "mean_sigma_UM_winner_set": 0.905946827852924,
        "variance_sigma_UM_winner_set": 0.011225950605547564
    },
    "9": {
        "median_voters": 5480,
        "max_voters": 13909,
        "mean_n_voters": 5949.4152542372885,
        "variance_n_voters": 4872376.005530022,
        "mean_sigma_IIA": 0.9632095776163571,
        "variance_sigma_IIA": 0.00022357086726931203,
        "mean_sigma_IIA_all_subset": 0.9012347722457628,
        "variance_sigma_IIA_all_subset": 0.0011116101767399706,
        "mean_sigma_IIA_winner_set": 0.9421688637790333,
        "variance_sigma_IIA_winner_set": 0.0021606920913806453,
        "mean_sigma_UM": 0.7769279984311467,
        "variance_sigma_UM": 0.005401897554560593,
        "mean_sigma_UM_winner_set": 0.9024919327230453,
        "variance_sigma_UM_winner_set": 0.01149391169376767
    },
    "10": {
        "median_voters": 5910,
        "max_voters": 14207,
        "mean_n_voters": 6462.492753623188,
        "variance_n_voters": 6394314.742701112,
        "mean_sigma_IIA": 0.9678743961352657,
        "variance_sigma_IIA": 0.0002069865496666587,
        "mean_sigma_IIA_all_subset": 0.9001085406422532,
        "variance_sigma_IIA_all_subset": 0.0011761645381162121,
        "mean_sigma_IIA_winner_set": 0.955314009661836,
        "variance_sigma_IIA_winner_set": 0.0018779609792527246,
        "mean_sigma_UM": 0.7650767622979514,
        "variance_sigma_UM": 0.005539227221032488,
        "mean_sigma_UM_winner_set": 0.902918984086742,
        "variance_sigma_UM_winner_set": 0.012553819554955093
    },
    "11": {
        "median_voters": 6746,
        "max_voters": 10376,
        "mean_n_voters": 6418.192307692308,
        "variance_n_voters": 6012633.770710059,
        "mean_sigma_IIA": 0.9735819735819735,
        "variance_sigma_IIA": 0.0001227262765724305,
        "mean_sigma_IIA_all_subset": 0.9101670410752446,
        "variance_sigma_IIA_all_subset": 0.0010078911036335617,
        "mean_sigma_IIA_winner_set": 0.9708624708624707,
        "variance_sigma_IIA_winner_set": 0.0008242049325965414,
        "mean_sigma_UM": 0.7730277141216855,
        "variance_sigma_UM": 0.003806908007463983,
        "mean_sigma_UM_winner_set": 0.9348761901507037,
        "variance_sigma_UM_winner_set": 0.007470886207797923
    },
    "12": {
        "median_voters": 6934,
        "max_voters": 10996,
        "mean_n_voters": 7347.75,
        "variance_n_voters": 4937535.1875,
        "mean_sigma_IIA": 0.9742424242424242,
        "variance_sigma_IIA": 2.8122130394857607e-05,
        "mean_sigma_IIA_all_subset": 0.9100045670678606,
        "variance_sigma_IIA_all_subset": 0.0004221324783590066,
        "mean_sigma_IIA_winner_set": 0.9600694444444445,
        "variance_sigma_IIA_winner_set": 0.0001657744984567896,
        "mean_sigma_UM": 0.765026499279808,
        "variance_sigma_UM": 0.0019830942143923454,
        "mean_sigma_UM_winner_set": 0.8119551308257514,
        "variance_sigma_UM_winner_set": 0.012171538622189471
    },
    "13": {
        "median_voters": 8532,
        "max_voters": 9433,
        "mean_n_voters": 7652.5,
        "variance_n_voters": 3340828.9166666665,
        "mean_sigma_IIA": 0.9811577311577312,
        "variance_sigma_IIA": 7.671146948536233e-05,
        "mean_sigma_IIA_all_subset": 0.9250303311552085,
        "variance_sigma_IIA_all_subset": 0.0003919157669708235,
        "mean_sigma_IIA_winner_set": 0.9636752136752138,
        "variance_sigma_IIA_winner_set": 0.00035155964643144075,
        "mean_sigma_UM": 0.7982908016203881,
        "variance_sigma_UM": 0.0025226862669098034,
        "mean_sigma_UM_winner_set": 0.9602150577698065,
        "variance_sigma_UM_winner_set": 0.007914208141299173
    },
    "14": {
        "median_voters": 6924,
        "max_voters": 6924,
        "mean_n_voters": 6924.0,
        "variance_n_voters": 0.0,
        "mean_sigma_IIA": 0.9844322344322345,
        "variance_sigma_IIA": 0.0,