{
    "3": {
        "median_voters": 700,
        "max_voters": 739,
        "mean_sigma_IIA": 1.0,
        "variance_sigma_IIA": 0.0,
        "mean_sigma_UM": 1.0,
        "variance_sigma_UM": 0.0
    },
    "4": {
        "median_voters": 3448,
        "max_voters": 6210,
        "mean_sigma_IIA": 0.9328703703703705,
        "variance_sigma_IIA": 0.01111861282578875,
        "mean_sigma_UM": 0.9585605445434631,
        "variance_sigma_UM": 0.007746642340948081
    },
    "5": {
        "median_voters": 3996,
        "max_voters": 11788,
        "mean_sigma_IIA": 0.9542424242424246,
        "variance_sigma_IIA": 0.006118365472910926,
        "mean_sigma_UM": 0.9482151606489245,
        "variance_sigma_UM": 0.004213548149220501
    },
    "6": {
        "median_voters": 4531,
        "max_voters": 13579,
        "mean_sigma_IIA": 0.9733333333333335,
        "variance_sigma_IIA": 0.0012130081300813008,
        "mean_sigma_UM": 0.9778949979986152,
        "variance_sigma_UM": 0.0013944892802903394
    },
    "7": {
        "median_voters": 4819,
        "max_voters": 13547,
        "mean_sigma_IIA": 0.9811212428233704,
        "variance_sigma_IIA": 0.0007317062599564917,
        "mean_sigma_UM": 0.9788069610431377,
        "variance_sigma_UM": 0.001217848386556615
    },
    "8": {
        "median_voters": 5289,
        "max_voters": 13567,
        "mean_sigma_IIA": 0.9817402806533242,
        "variance_sigma_IIA": 0.00045650207931041296,
        "mean_sigma_UM": 0.9674396394433605,
        "variance_sigma_UM": 0.002352873986547076
    },
    "9": {
        "median_voters": 5480,
        "max_voters": 13909,
        "mean_sigma_IIA": 0.9872881355932205,
        "variance_sigma_IIA": 0.00018484337354804256,
        "mean_sigma_UM": 0.9560604948619621,
        "variance_sigma_UM": 0.002326514689501017
    },
    "10": {
        "median_voters": 5910,
        "max_voters": 14207,
        "mean_sigma_IIA": 0.9882850241545893,
        "variance_sigma_IIA": 0.00010173321820034711,
        "mean_sigma_UM": 0.9450638649002135,
        "variance_sigma_UM": 0.002920170942843163
    },
    "11": {
        "median_voters": 6746,
        "max_voters": 10376,
        "mean_sigma_IIA": 0.9881118881118881,
        "variance_sigma_IIA": 0.0002142095149088156,
        "mean_sigma_UM": 0.9533427321302017,
        "variance_sigma_UM": 0.0015879332088201965
    },
    "12": {
        "median_voters": 6934,
        "max_voters": 10996,
        "mean_sigma_IIA": 0.9924242424242424,
        "variance_sigma_IIA": 6.02617079889809e-05,
        "mean_sigma_UM": 0.9404863209013903,
        "variance_sigma_UM": 0.0013374884552481985
    },
    "13": {
        "median_voters": 8532,
        "max_voters": 9433,
        "mean_sigma_IIA": 0.9914529914529915,
        "variance_sigma_IIA": 3.788407051810346e-05,
        "mean_sigma_UM": 0.9541783159321205,
        "variance_sigma_UM": 0.0005300409053862657
    },
    "14": {
        "median_voters": 6924,
        "max_voters": 6924,
        "mean_sigma_IIA": 0.9990842490842491,
        "variance_sigma_IIA": 0.0,
        "mean_sigma_UM": 0.9994224660698816,
        "variance_sigma_UM": 0.0
    }
}