{
    "n_voters": [
        1071730
    ],
    "sigma_UM": [
        0.8185289510088475
    ],
    "sigma_IIA": [
        0.993006993006993
    ],
    "sigma_UM_winner_set": [
        1.0
    ],
    "sigma_IIA_winner_set": [
        1.0
    ]
}