{
    "n_voters": [
        1071730
    ],
    "sigma_UM": [
        0.7410382352265105
    ],
    "sigma_IIA": [
        0.9696969696969697
    ],
    "sigma_UM_winner_set": [
        1.0
    ],
    "sigma_IIA_winner_set": [
        1.0
    ]
}